номер,обоснование,наименование,ед_изм,кол_на_ед,коэф1,всего_коэф,база_ед,индекс,тек_ед,коэф2,всего_руб,row_index,раздел,вид_работ,тип_работы,категория
Раздел 1. Адаптация  прилегающей территории,,,,,,,,,,,,0,Раздел 1. Адаптация  прилегающей территории,,,монтажные работы
Демонтажные работы,,,,,,,,,,,,1,Раздел 1. Адаптация  прилегающей территории,Демонтажные работы,,монтажные работы
1,ГЭСН13-06-003-01,Очистка поверхности щетками (Снятие старой краски со столбов входных ворот и калитки),м2,3.63,1.0,3.63,,,,,,2,Раздел 1. Адаптация  прилегающей территории,Демонтажные работы,материалы,монтажные работы
,,"Объем=1,21*3",,,,,,,,,,3,Раздел 1. Адаптация  прилегающей территории,Демонтажные работы,,монтажные работы
,1,ОТ(ЗТ),чел.-ч,,,3.267,,,,,1136.72,4,Раздел 1. Адаптация  прилегающей территории,Демонтажные работы,услуги,монтажные работы
,1-100-30,"Средний разряд работы 3,0",чел.-ч,0.9,,3.267,,,347.94,,1136.72,5,Раздел 1. Адаптация  прилегающей территории,Демонтажные работы,услуги,монтажные работы
,,Итого прямые затраты,,,,,,,,,1136.72,6,Раздел 1. Адаптация  прилегающей территории,Демонтажные работы,,монтажные работы
,,ФОТ,,,,,,,,,1136.72,7,Раздел 1. Адаптация  прилегающей территории,Демонтажные работы,,монтажные работы
,Пр/812-013.0-1,НР Защита строительных конструкций и оборудования от коррозии,%,94.0,,94.0,,,,,1068.52,8,Раздел 1. Адаптация  прилегающей территории,Демонтажные работы,,монтажные работы
,Пр/774-013,СП Защита строительных конструкций и оборудования от коррозии,%,51.0,,51.0,,,,,579.73,9,Раздел 1. Адаптация  прилегающей территории,Демонтажные работы,,монтажные работы
,,Всего по позиции,,,,,,,767.21,,2784.97,10,Раздел 1. Адаптация  прилегающей территории,Демонтажные работы,,монтажные работы
2,ГЭСНр68-02-012-01,Разборка тротуаров и дорожек из плит с их отноской и укладкой в штабель (Прим. разборка тротуарной плитки толщ.60мм),100 м2,0.01,1.0,0.01,,,,,,11,Раздел 1. Адаптация  прилегающей территории,Демонтажные работы,материалы,монтажные работы
,,"Объем=(0,5*0,5*4) / 100",,,,,,,,,,12,Раздел 1. Адаптация  прилегающей территории,Демонтажные работы,,монтажные работы
,1,ОТ(ЗТ),чел.-ч,,,0.1868,,,,,58.06,13,Раздел 1. Адаптация  прилегающей территории,Демонтажные работы,услуги,монтажные работы
,1-100-17,"Средний разряд работы 1,7",чел.-ч,18.68,,0.1868,,,310.81,,58.06,14,Раздел 1. Адаптация  прилегающей территории,Демонтажные работы,услуги,монтажные работы
,,Итого прямые затраты,,,,,,,,,58.06,15,Раздел 1. Адаптация  прилегающей территории,Демонтажные работы,,монтажные работы
,,ФОТ,,,,,,,,,58.06,16,Раздел 1. Адаптация  прилегающей территории,Демонтажные работы,,монтажные работы
,Пр/812-102.0-1,НР Благоустройство (ремонтно-строительные),%,102.0,,102.0,,,,,59.22,17,Раздел 1. Адаптация  прилегающей территории,Демонтажные работы,,монтажные работы
,Пр/774-102,СП Благоустройство (ремонтно-строительные),%,54.0,,54.0,,,,,31.35,18,Раздел 1. Адаптация  прилегающей территории,Демонтажные работы,,монтажные работы
,,Всего по позиции,,,,,,,14863.0,,148.63,19,Раздел 1. Адаптация  прилегающей территории,Демонтажные работы,,монтажные работы
Монтажные работы,,,,,,,,,,,,20,Раздел 1. Адаптация  прилегающей территории,Монтажные работы,,монтажные работы
3,ГЭСН13-06-004-01,Обеспыливание поверхности,м2,3.63,1.0,3.63,,,,,,21,Раздел 1. Адаптация  прилегающей территории,Монтажные работы,материалы,монтажные работы
,,"Объем=1,21*3",,,,,,,,,,22,Раздел 1. Адаптация  прилегающей территории,Монтажные работы,,монтажные работы
,1,ОТ(ЗТ),чел.-ч,,,0.363,,,,,126.3,23,Раздел 1. Адаптация  прилегающей территории,Монтажные работы,услуги,монтажные работы
,1-100-30,"Средний разряд работы 3,0",чел.-ч,0.1,,0.363,,,347.94,,126.3,24,Раздел 1. Адаптация  прилегающей территории,Монтажные работы,услуги,монтажные работы
,2,ЭМ,,,,,,,,,3.57,25,Раздел 1. Адаптация  прилегающей территории,Монтажные работы,,монтажные работы
,91.21.22-638,"Пылесосы промышленные, мощность до 2000 Вт",маш.-ч,0.1,,0.363,,,9.84,,3.57,26,Раздел 1. Адаптация  прилегающей территории,Монтажные работы,услуги,монтажные работы
,,Итого прямые затраты,,,,,,,,,129.87,27,Раздел 1. Адаптация  прилегающей территории,Монтажные работы,,монтажные работы
,,ФОТ,,,,,,,,,126.3,28,Раздел 1. Адаптация  прилегающей территории,Монтажные работы,,монтажные работы
,Пр/812-013.0-1,НР Защита строительных конструкций и оборудования от коррозии,%,94.0,,94.0,,,,,118.72,29,Раздел 1. Адаптация  прилегающей территории,Монтажные работы,,монтажные работы
,Пр/774-013,СП Защита строительных конструкций и оборудования от коррозии,%,51.0,,51.0,,,,,64.41,30,Раздел 1. Адаптация  прилегающей территории,Монтажные работы,,монтажные работы
,,Всего по позиции,,,,,,,86.23,,313.0,31,Раздел 1. Адаптация  прилегающей территории,Монтажные работы,,монтажные работы
4,ГЭСН13-07-001-02,Обезжиривание поверхностей аппаратов и трубопроводов диаметром до 500 мм: уайт-спиритом,100 м2,0.0363,1.0,0.0363,,,,,,32,Раздел 1. Адаптация  прилегающей территории,Монтажные работы,материалы,монтажные работы
,,"Объем=(1,21*3) / 100",,,,,,,,,,33,Раздел 1. Адаптация  прилегающей территории,Монтажные работы,,монтажные работы
,1,ОТ(ЗТ),чел.-ч,,,0.329604,,,,,117.58,34,Раздел 1. Адаптация  прилегающей территории,Монтажные работы,услуги,монтажные работы
,1-100-32,"Средний разряд работы 3,2",чел.-ч,9.08,,0.329604,,,356.72,,117.58,35,Раздел 1. Адаптация  прилегающей территории,Монтажные работы,услуги,монтажные работы
,2,ЭМ,,,,,,,,,1.02,36,Раздел 1. Адаптация  прилегающей территории,Монтажные работы,,монтажные работы
,,ОТм(ЗТм),чел.-ч,,,0.001089,,,,,0.44,37,Раздел 1. Адаптация  прилегающей территории,Монтажные работы,услуги,монтажные работы
,91.06.03-060,"Лебедки электрические тяговым усилием до 5,79 кН (0,59 т)",маш.-ч,0.01,,0.000363,6.62,1.43,9.47,,0.0,38,Раздел 1. Адаптация  прилегающей территории,Монтажные работы,услуги,монтажные работы
,91.06.05-011,"Погрузчики одноковшовые универсальные фронтальные пневмоколесные, номинальная вместимость основного ковша 2,6 м3, грузоподъемность 5 т",маш.-ч,0.01,,0.000363,,,1591.81,,0.58,39,Раздел 1. Адаптация  прилегающей территории,Монтажные работы,услуги,монтажные работы
,4-100-050,ОТм(Зтм) Средний разряд машинистов 5,чел.-ч,0.01,,0.000363,,,450.28,,0.16,40,Раздел 1. Адаптация  прилегающей территории,Монтажные работы,услуги,монтажные работы
,91.14.02-001,"Автомобили бортовые, грузоподъемность до 5 т",маш.-ч,0.02,,0.000726,,,611.87,,0.44,41,Раздел 1. Адаптация  прилегающей территории,Монтажные работы,услуги,монтажные работы
,4-100-040,ОТм(Зтм) Средний разряд машинистов 4,чел.-ч,0.02,,0.000726,,,391.8,,0.28,42,Раздел 1. Адаптация  прилегающей территории,Монтажные работы,услуги,монтажные работы
,4,М,,,,,,,,,110.81,43,Раздел 1. Адаптация  прилегающей территории,Монтажные работы,,монтажные работы
,01.7.20.08-0051,Ветошь хлопчатобумажная цветная,кг,5.0,,0.1815,56.11,1.48,83.04,,15.07,44,Раздел 1. Адаптация  прилегающей территории,Монтажные работы,материалы,монтажные работы
,14.5.09.11-0102,Уайт-спирит,кг,32.0,,1.1616,60.6,1.36,82.42,,95.74,45,Раздел 1. Адаптация  прилегающей территории,Монтажные работы,материалы,монтажные работы
,,Итого прямые затраты,,,,,,,,,229.85,46,Раздел 1. Адаптация  прилегающей территории,Монтажные работы,,монтажные работы
,,ФОТ,,,,,,,,,118.02,47,Раздел 1. Адаптация  прилегающей территории,Монтажные работы,,монтажные работы
,Пр/812-013.0-1,НР Защита строительных конструкций и оборудования от коррозии,%,94.0,,94.0,,,,,110.94,48,Раздел 1. Адаптация  прилегающей территории,Монтажные работы,,монтажные работы
,Пр/774-013,СП Защита строительных конструкций и оборудования от коррозии,%,51.0,,51.0,,,,,60.19,49,Раздел 1. Адаптация  прилегающей территории,Монтажные работы,,монтажные работы
,,Всего по позиции,,,,,,,11046.28,,400.98,50,Раздел 1. Адаптация  прилегающей территории,Монтажные работы,,монтажные работы
5,ГЭСН13-03-002-04,Огрунтовка металлических поверхностей за один раз: грунтовкой ГФ-021,100 м2,0.0363,1.0,0.0363,,,,,,51,Раздел 1. Адаптация  прилегающей территории,Монтажные работы,материалы,монтажные работы
,,"Объем=(1,21*3) / 100",,,,,,,,,,52,Раздел 1. Адаптация  прилегающей территории,Монтажные работы,,монтажные работы
,Прил.13.2 п.17,"Нанесении лакокрасочных материалов ручным способом ОЗП=1,1; ТЗ=1,1",,,,,,,,,,53,Раздел 1. Адаптация  прилегающей территории,Монтажные работы,,монтажные работы
,1,ОТ(ЗТ),чел.-ч,,,0.2120283,,,,,91.75,54,Раздел 1. Адаптация  прилегающей территории,Монтажные работы,услуги,монтажные работы
,1-100-47,"Средний разряд работы 4,7",чел.-ч,5.31,1.1,0.2120283,,,432.74,,91.75,55,Раздел 1. Адаптация  прилегающей территории,Монтажные работы,услуги,монтажные работы
,2,ЭМ,,,,,,,,,1.06,56,Раздел 1. Адаптация  прилегающей территории,Монтажные работы,,монтажные работы
,,ОТм(ЗТм),чел.-ч,,,0.000726,,,,,0.3,57,Раздел 1. Адаптация  прилегающей территории,Монтажные работы,услуги,монтажные работы
,91.06.03-060,"Лебедки электрические тяговым усилием до 5,79 кН (0,59 т)",маш.-ч,0.01,,0.000363,6.62,1.43,9.47,,0.0,58,Раздел 1. Адаптация  прилегающей территории,Монтажные работы,услуги,монтажные работы
,91.06.05-011,"Погрузчики одноковшовые универсальные фронтальные пневмоколесные, номинальная вместимость основного ковша 2,6 м3, грузоподъемность 5 т",маш.-ч,0.01,,0.000363,,,1591.81,,0.58,59,Раздел 1. Адаптация  прилегающей территории,Монтажные работы,услуги,монтажные работы
,4-100-050,ОТм(Зтм) Средний разряд машинистов 5,чел.-ч,0.01,,0.000363,,,450.28,,0.16,60,Раздел 1. Адаптация  прилегающей территории,Монтажные работы,услуги,монтажные работы
,91.14.02-001,"Автомобили бортовые, грузоподъемность до 5 т",маш.-ч,0.01,,0.000363,,,611.87,,0.22,61,Раздел 1. Адаптация  прилегающей территории,Монтажные работы,услуги,монтажные работы
,4-100-040,ОТм(Зтм) Средний разряд машинистов 4,чел.-ч,0.01,,0.000363,,,391.8,,0.14,62,Раздел 1. Адаптация  прилегающей территории,Монтажные работы,услуги,монтажные работы
,91.21.01-012,"Агрегаты окрасочные высокого давления для окраски поверхностей конструкций, мощность 1 кВт",маш.-ч,1.12,,0.040656,4.52,1.44,6.51,,0.26,63,Раздел 1. Адаптация  прилегающей территории,Монтажные работы,услуги,монтажные работы
,4,М,,,,,,,,,30.75,64,Раздел 1. Адаптация  прилегающей территории,Монтажные работы,,монтажные работы
,14.4.01.01-0003,Грунтовка ГФ-021,т,0.009,,0.0003267,51280.15,1.5,76920.23,,25.13,65,Раздел 1. Адаптация  прилегающей территории,Монтажные работы,материалы,монтажные работы
,14.5.09.02-0002,"Ксилол нефтяной, марка А",т,0.0015,,5.45e-05,75885.63,1.36,103204.46,,5.62,66,Раздел 1. Адаптация  прилегающей территории,Монтажные работы,материалы,монтажные работы
,,Итого прямые затраты,,,,,,,,,123.86,67,Раздел 1. Адаптация  прилегающей территории,Монтажные работы,,монтажные работы
,,ФОТ,,,,,,,,,92.05,68,Раздел 1. Адаптация  прилегающей территории,Монтажные работы,,монтажные работы
,Пр/812-013.0-1,НР Защита строительных конструкций и оборудования от коррозии,%,94.0,,94.0,,,,,86.53,69,Раздел 1. Адаптация  прилегающей территории,Монтажные работы,,монтажные работы
,Пр/774-013,СП Защита строительных конструкций и оборудования от коррозии,%,51.0,,51.0,,,,,46.95,70,Раздел 1. Адаптация  прилегающей территории,Монтажные работы,,монтажные работы
,,Всего по позиции,,,,,,,7089.26,,257.34,71,Раздел 1. Адаптация  прилегающей территории,Монтажные работы,,монтажные работы
6,ГЭСН13-03-004-26,Окраска металлических огрунтованных поверхностей: эмалью ПФ-115,100 м2,0.0363,1.0,0.0363,,,,,,72,Раздел 1. Адаптация  прилегающей территории,Монтажные работы,материалы,монтажные работы
,,"Объем=(1,21*3) / 100",,,,,,,,,,73,Раздел 1. Адаптация  прилегающей территории,Монтажные работы,,монтажные работы
,Прил.13.2 п.17,"Нанесении лакокрасочных материалов ручным способом ОЗП=1,1; ТЗ=1,1",,,,,,,,,,74,Раздел 1. Адаптация  прилегающей территории,Монтажные работы,,монтажные работы
,окраска за 2 раза,окраска за 2 раза ПЗ=2 (ОЗП=2; ЭМ=2 к расх.; ЗПМ=2; МАТ=2 к расх.; ТЗ=2; ТЗМ=2),,,,,,,,,,75,Раздел 1. Адаптация  прилегающей территории,Монтажные работы,,монтажные работы
,1,ОТ(ЗТ),чел.-ч,,,0.1701018,,,,,62.92,76,Раздел 1. Адаптация  прилегающей территории,Монтажные работы,услуги,монтажные работы
,1-100-35,"Средний разряд работы 3,5",чел.-ч,2.13,,0.1701018,,,369.87,,62.92,77,Раздел 1. Адаптация  прилегающей территории,Монтажные работы,услуги,монтажные работы
,2,ЭМ,,,,,,,,,1.92,78,Раздел 1. Адаптация  прилегающей территории,Монтажные работы,,монтажные работы
,,ОТм(ЗТм),чел.-ч,,,0.001452,,,,,0.61,79,Раздел 1. Адаптация  прилегающей территории,Монтажные работы,услуги,монтажные работы
,91.06.03-060,"Лебедки электрические тяговым усилием до 5,79 кН (0,59 т)",маш.-ч,0.01,2.0,0.000726,6.62,1.43,9.47,,0.01,80,Раздел 1. Адаптация  прилегающей территории,Монтажные работы,услуги,монтажные работы
,91.06.05-011,"Погрузчики одноковшовые универсальные фронтальные пневмоколесные, номинальная вместимость основного ковша 2,6 м3, грузоподъемность 5 т",маш.-ч,0.01,2.0,0.000726,,,1591.81,,1.16,81,Раздел 1. Адаптация  прилегающей территории,Монтажные работы,услуги,монтажные работы
,4-100-050,ОТм(Зтм) Средний разряд машинистов 5,чел.-ч,0.01,2.0,0.000726,,,450.28,,0.33,82,Раздел 1. Адаптация  прилегающей территории,Монтажные работы,услуги,монтажные работы
,91.14.02-001,"Автомобили бортовые, грузоподъемность до 5 т",маш.-ч,0.01,2.0,0.000726,,,611.87,,0.44,83,Раздел 1. Адаптация  прилегающей территории,Монтажные работы,услуги,монтажные работы
,4-100-040,ОТм(Зтм) Средний разряд машинистов 4,чел.-ч,0.01,2.0,0.000726,,,391.8,,0.28,84,Раздел 1. Адаптация  прилегающей территории,Монтажные работы,услуги,монтажные работы
,91.21.01-012,"Агрегаты окрасочные высокого давления для окраски поверхностей конструкций, мощность 1 кВт",маш.-ч,0.65,2.0,0.04719,4.52,1.44,6.51,,0.31,85,Раздел 1. Адаптация  прилегающей территории,Монтажные работы,услуги,монтажные работы
,4,М,,,,,,,,,76.08,86,Раздел 1. Адаптация  прилегающей территории,Монтажные работы,,монтажные работы
,14.4.04.08-0001,Эмаль ПФ-115,т,0.009,2.0,0.0006534,80322.25,1.29,103615.7,,67.7,87,Раздел 1. Адаптация  прилегающей территории,Монтажные работы,материалы,монтажные работы
,14.5.09.11-0102,Уайт-спирит,кг,1.4,2.0,0.10164,60.6,1.36,82.42,,8.38,88,Раздел 1. Адаптация  прилегающей территории,Монтажные работы,материалы,монтажные работы
,,Итого прямые затраты,,,,,,,,,141.53,89,Раздел 1. Адаптация  прилегающей территории,Монтажные работы,,монтажные работы
,,ФОТ,,,,,,,,,63.53,90,Раздел 1. Адаптация  прилегающей территории,Монтажные работы,,монтажные работы
,Пр/812-013.0-1,НР Защита строительных конструкций и оборудования от коррозии,%,94.0,,94.0,,,,,59.72,91,Раздел 1. Адаптация  прилегающей территории,Монтажные работы,,монтажные работы
,Пр/774-013,СП Защита строительных конструкций и оборудования от коррозии,%,51.0,,51.0,,,,,32.4,92,Раздел 1. Адаптация  прилегающей территории,Монтажные работы,,монтажные работы
,,Всего по позиции,,,,,,,6436.64,,233.65,93,Раздел 1. Адаптация  прилегающей территории,Монтажные работы,,монтажные работы
7,ГЭСН27-04-001-01,Устройство подстилающих и выравнивающих слоев оснований: из песка( толщ 10мм),100 м3,0.0001,1.0,0.0001,,,,,,94,Раздел 1. Адаптация  прилегающей территории,Монтажные работы,материалы,монтажные работы
,,"Объем=(0,5*0,5*4*0,010) / 100",,,,,,,,,,95,Раздел 1. Адаптация  прилегающей территории,Монтажные работы,,монтажные работы
,1,ОТ(ЗТ),чел.-ч,,,0.00144,,,,,0.47,96,Раздел 1. Адаптация  прилегающей территории,Монтажные работы,услуги,монтажные работы
,1-100-23,"Средний разряд работы 2,3",чел.-ч,14.4,,0.00144,,,327.48,,0.47,97,Раздел 1. Адаптация  прилегающей территории,Монтажные работы,услуги,монтажные работы
,2,ЭМ,,,,,,,,,3.43,98,Раздел 1. Адаптация  прилегающей территории,Монтажные работы,,монтажные работы
,,ОТм(ЗТм),чел.-ч,,,0.001388,,,,,0.68,99,Раздел 1. Адаптация  прилегающей территории,Монтажные работы,услуги,монтажные работы
,91.01.02-004,"Автогрейдеры среднего типа, мощность 99 кВт (135 л.с.)",маш.-ч,1.77,,0.000177,1933.0,1.32,2551.56,,0.45,100,Раздел 1. Адаптация  прилегающей территории,Монтажные работы,услуги,монтажные работы
,4-100-060,ОТм(Зтм) Средний разряд машинистов 6,чел.-ч,1.77,,0.000177,,,526.3,,0.09,101,Раздел 1. Адаптация  прилегающей территории,Монтажные работы,услуги,монтажные работы
,91.06.05-011,"Погрузчики одноковшовые универсальные фронтальные пневмоколесные, номинальная вместимость основного ковша 2,6 м3, грузоподъемность 5 т",маш.-ч,4.29,,0.000429,,,1591.81,,0.68,102,Раздел 1. Адаптация  прилегающей территории,Монтажные работы,услуги,монтажные работы
,4-100-050,ОТм(Зтм) Средний разряд машинистов 5,чел.-ч,4.29,,0.000429,,,450.28,,0.19,103,Раздел 1. Адаптация  прилегающей территории,Монтажные работы,услуги,монтажные работы
,91.08.03-030,"Катки самоходные пневмоколесные статические, масса 30 т",маш.-ч,7.08,,0.000708,2391.6,1.3,3109.08,,2.2,104,Раздел 1. Адаптация  прилегающей территории,Монтажные работы,услуги,монтажные работы
,4-100-060,ОТм(Зтм) Средний разряд машинистов 6,чел.-ч,7.08,,0.000708,,,526.3,,0.37,105,Раздел 1. Адаптация  прилегающей территории,Монтажные работы,услуги,монтажные работы
,91.13.01-038,"Машины поливомоечные, вместимость цистерны 6 м3",маш.-ч,0.74,,7.4e-05,1043.14,1.26,1314.36,,0.1,106,Раздел 1. Адаптация  прилегающей территории,Монтажные работы,услуги,монтажные работы
,4-100-040,ОТм(Зтм) Средний разряд машинистов 4,чел.-ч,0.74,,7.4e-05,,,391.8,,0.03,107,Раздел 1. Адаптация  прилегающей территории,Монтажные работы,услуги,монтажные работы
,4,М,,,,,,,,,0.02,108,Раздел 1. Адаптация  прилегающей территории,Монтажные работы,,монтажные работы
,01.7.03.01-0001,Вода,м3,5.0,,0.0005,35.71,0.89,31.78,,0.02,109,Раздел 1. Адаптация  прилегающей территории,Монтажные работы,материалы,монтажные работы
"П,Н",02.3.01.02,Песок для строительных работ природный,м3,0.0,,0.0,,,,,,110,Раздел 1. Адаптация  прилегающей территории,Монтажные работы,материалы,монтажные работы
,,Итого прямые затраты,,,,,,,,,4.6,111,Раздел 1. Адаптация  прилегающей территории,Монтажные работы,,монтажные работы
,,ФОТ,,,,,,,,,1.15,112,Раздел 1. Адаптация  прилегающей территории,Монтажные работы,,монтажные работы
,Пр/812-021.0-1,НР Автомобильные дороги,%,147.0,,147.0,,,,,1.69,113,Раздел 1. Адаптация  прилегающей территории,Монтажные работы,,монтажные работы
,Пр/774-021,СП Автомобильные дороги,%,134.0,,134.0,,,,,1.54,114,Раздел 1. Адаптация  прилегающей территории,Монтажные работы,,монтажные работы
,,Всего по позиции,,,,,,,78300.0,,7.83,115,Раздел 1. Адаптация  прилегающей территории,Монтажные работы,,монтажные работы
8,ГЭСН27-07-015-04,"Укладка наземных тактильных плит на слой сухой цементно-песчаной смеси вручную, плита размером: 500х500х80 мм( учтен слой цем-песц смеси толщ.30мм)",10 шт,0.4,1.0,0.4,,,,,,116,Раздел 1. Адаптация  прилегающей территории,Монтажные работы,материалы,монтажные работы
,,"Объем=(1/0,5/0,5) / 10",,,,,,,,,,117,Раздел 1. Адаптация  прилегающей территории,Монтажные работы,,монтажные работы
,1,ОТ(ЗТ),чел.-ч,,,1.46,,,,,465.32,118,Раздел 1. Адаптация  прилегающей территории,Монтажные работы,услуги,монтажные работы
,1-100-20,"Средний разряд работы 2,0",чел.-ч,3.65,,1.46,,,318.71,,465.32,119,Раздел 1. Адаптация  прилегающей территории,Монтажные работы,услуги,монтажные работы
,2,ЭМ,,,,,,,,,194.17,120,Раздел 1. Адаптация  прилегающей территории,Монтажные работы,,монтажные работы
,,ОТм(ЗТм),чел.-ч,,,0.276,,,,,108.13,121,Раздел 1. Адаптация  прилегающей территории,Монтажные работы,услуги,монтажные работы
,91.13.01-038,"Машины поливомоечные, вместимость цистерны 6 м3",маш.-ч,0.09,,0.036,1043.14,1.26,1314.36,,47.32,122,Раздел 1. Адаптация  прилегающей территории,Монтажные работы,услуги,монтажные работы
,4-100-040,ОТм(Зтм) Средний разряд машинистов 4,чел.-ч,0.09,,0.036,,,391.8,,14.1,123,Раздел 1. Адаптация  прилегающей территории,Монтажные работы,услуги,монтажные работы
,91.14.02-001,"Автомобили бортовые, грузоподъемность до 5 т",маш.-ч,0.6,,0.24,,,611.87,,146.85,124,Раздел 1. Адаптация  прилегающей территории,Монтажные работы,услуги,монтажные работы
,4-100-040,ОТм(Зтм) Средний разряд машинистов 4,чел.-ч,0.6,,0.24,,,391.8,,94.03,125,Раздел 1. Адаптация  прилегающей территории,Монтажные работы,услуги,монтажные работы
,4,М,,,,,,,,,0.33,126,Раздел 1. Адаптация  прилегающей территории,Монтажные работы,,монтажные работы
,01.7.03.01-0001,Вода,м3,0.026,,0.0104,35.71,0.89,31.78,,0.33,127,Раздел 1. Адаптация  прилегающей территории,Монтажные работы,материалы,монтажные работы
Н,04.3.02.13,Смеси цементно-песчаные,т,0.145,,0.058,,,,,,128,Раздел 1. Адаптация  прилегающей территории,Монтажные работы,материалы,монтажные работы
Н,05.2.04.04,Плиты бетонные тротуарные тактильные,м2,2.5,,1.0,,,,,,129,Раздел 1. Адаптация  прилегающей территории,Монтажные работы,материалы,монтажные работы
,,Итого прямые затраты,,,,,,,,,767.95,130,Раздел 1. Адаптация  прилегающей территории,Монтажные работы,,монтажные работы
,,ФОТ,,,,,,,,,573.45,131,Раздел 1. Адаптация  прилегающей территории,Монтажные работы,,монтажные работы
,Пр/812-021.1-1,"НР Устройство покрытий дорожек, тротуаров, мостовых и площадок и прочее",%,113.0,,113.0,,,,,648.0,132,Раздел 1. Адаптация  прилегающей территории,Монтажные работы,,монтажные работы
,Пр/774-021.1,"СП Устройство покрытий дорожек, тротуаров, мостовых и площадок и прочее",%,77.0,,77.0,,,,,441.56,133,Раздел 1. Адаптация  прилегающей территории,Монтажные работы,,монтажные работы
,,Всего по позиции,,,,,,,4643.78,,1857.51,134,Раздел 1. Адаптация  прилегающей территории,Монтажные работы,,монтажные работы
9,ФСБЦ-04.3.02.13-0105,"Смеси сухие цементно-песчаные монтажно-кладочные, крупность заполнителя не более 3,5 мм, класс В15 (М200), F100( расход 2 кг-1мм)",т,0.08,1.0,0.08,5914.25,1.2,7097.1,,567.77,135,Раздел 1. Адаптация  прилегающей территории,Монтажные работы,материалы,монтажные работы
,,"(Устройство покрытий дорожек, тротуаров, мостовых и площадок и прочее)",,,,,,,,,,136,Раздел 1. Адаптация  прилегающей территории,Монтажные работы,,монтажные работы
,,"Объем=0,002*40",,,,,,,,,,137,Раздел 1. Адаптация  прилегающей территории,Монтажные работы,,монтажные работы
,,Всего по позиции,,,,,,,,,567.77,138,Раздел 1. Адаптация  прилегающей территории,Монтажные работы,,монтажные работы
10,ТЦ_05.2.04.04_71_7100000000_08.09.2025_02_55.1,Плитка бетонная  тактильная 500х500х30,шт,4.0,1.0,4.0,,,880.0,,3520.0,139,Раздел 1. Адаптация  прилегающей территории,Монтажные работы,материалы,монтажные работы
,,"(Устройство покрытий дорожек, тротуаров, мостовых и площадок и прочее)",,,,,,,,,,140,Раздел 1. Адаптация  прилегающей территории,Монтажные работы,,монтажные работы
,,Всего по позиции,,,,,,,,,3520.0,141,Раздел 1. Адаптация  прилегающей территории,Монтажные работы,,монтажные работы
11,ГЭСНм10-01-039-06,"Реле, ключ, кнопка и др. с подготовкой места установки( кнопка вызова персонала)",шт,1.0,1.0,1.0,,,,,,142,Раздел 1. Адаптация  прилегающей территории,Монтажные работы,материалы,монтажные работы
,1,ОТ(ЗТ),чел.-ч,,,2.0,,,,,695.88,143,Раздел 1. Адаптация  прилегающей территории,Монтажные работы,услуги,монтажные работы
,1-100-30,"Средний разряд работы 3,0",чел.-ч,2.0,,2.0,,,347.94,,695.88,144,Раздел 1. Адаптация  прилегающей территории,Монтажные работы,услуги,монтажные работы
,,Итого прямые затраты,,,,,,,,,695.88,145,Раздел 1. Адаптация  прилегающей территории,Монтажные работы,,монтажные работы
11.1,421/пр_2020_п.75_пп.а,Вспомогательные ненормируемые материальные ресурсы,%,2.0,,2.0,,,,,13.92,146,Раздел 1. Адаптация  прилегающей территории,Монтажные работы,,монтажные работы
,,ФОТ,,,,,,,,,695.88,147,Раздел 1. Адаптация  прилегающей территории,Монтажные работы,,монтажные работы
,Пр/812-051.1-1,НР Прокладка и монтаж сетей связи,%,90.0,,90.0,,,,,626.29,148,Раздел 1. Адаптация  прилегающей территории,Монтажные работы,,монтажные работы
,Пр/774-051.1,СП Прокладка и монтаж сетей связи,%,46.0,,46.0,,,,,320.1,149,Раздел 1. Адаптация  прилегающей территории,Монтажные работы,,монтажные работы
,,Всего по позиции,,,,,,,1656.19,,1656.19,150,Раздел 1. Адаптация  прилегающей территории,Монтажные работы,,монтажные работы
12,ТЦ_62.2.01.00_71_9717010827_24.07.2025_01_1.1,Беспроводная кнопка вызова персонала Call-Hear (CH-100),шт,1.0,1.0,1.0,,,15156.35,,15156.35,151,Раздел 1. Адаптация  прилегающей территории,Монтажные работы,материалы,монтажные работы
,,(Прокладка и монтаж сетей связи),,,,,,,,,,152,Раздел 1. Адаптация  прилегающей территории,Монтажные работы,,монтажные работы
,,Всего по позиции,,,,,,,,,15156.35,153,Раздел 1. Адаптация  прилегающей территории,Монтажные работы,,монтажные работы
13,ГЭСНм37-01-001-01,"Монтаж сосудов и аппаратов без механизмов на открытой площадке, масса сосудов и аппаратов: 0,03 т( прим. Установка вертикальной стойки для мнемосхемы с поручнем )",шт,1.0,1.0,1.0,,,,,,154,Раздел 1. Адаптация  прилегающей территории,Монтажные работы,материалы,монтажные работы
,1,ОТ(ЗТ),чел.-ч,,,17.5,,,,,6549.55,155,Раздел 1. Адаптация  прилегающей территории,Монтажные работы,услуги,монтажные работы
,1-100-36,"Средний разряд работы 3,6",чел.-ч,17.5,,17.5,,,374.26,,6549.55,156,Раздел 1. Адаптация  прилегающей территории,Монтажные работы,услуги,монтажные работы
,2,ЭМ,,,,,,,,,118.9,157,Раздел 1. Адаптация  прилегающей территории,Монтажные работы,,монтажные работы
,,ОТм(ЗТм),чел.-ч,,,0.03,,,,,11.75,158,Раздел 1. Адаптация  прилегающей территории,Монтажные работы,услуги,монтажные работы
,91.14.02-001,"Автомобили бортовые, грузоподъемность до 5 т",маш.-ч,0.03,,0.03,,,611.87,,18.36,159,Раздел 1. Адаптация  прилегающей территории,Монтажные работы,услуги,монтажные работы
,4-100-040,ОТм(Зтм) Средний разряд машинистов 4,чел.-ч,0.03,,0.03,,,391.8,,11.75,160,Раздел 1. Адаптация  прилегающей территории,Монтажные работы,услуги,монтажные работы
,91.17.04-042,Аппараты для газовой сварки и резки,маш.-ч,0.15,,0.15,4.35,1.23,5.35,,0.8,161,Раздел 1. Адаптация  прилегающей территории,Монтажные работы,услуги,монтажные работы
,91.17.04-233,"Аппараты сварочные для ручной дуговой сварки, сварочный ток до 350 А",маш.-ч,2.52,,2.52,,,39.58,,99.74,162,Раздел 1. Адаптация  прилегающей территории,Монтажные работы,услуги,монтажные работы
,4,М,,,,,,,,,650.68,163,Раздел 1. Адаптация  прилегающей территории,Монтажные работы,,монтажные работы
,01.3.02.08-0001,Кислород газообразный технический,м3,1.4,,1.4,114.64,0.78,89.42,,125.19,164,Раздел 1. Адаптация  прилегающей территории,Монтажные работы,материалы,монтажные работы
,01.3.02.09-0022,Пропан-бутан смесь техническая,кг,0.24,,0.24,41.38,1.39,57.52,,13.8,165,Раздел 1. Адаптация  прилегающей территории,Монтажные работы,материалы,монтажные работы
,01.7.03.04-0001,Электроэнергия,кВт-ч,2.592,,2.592,,,8.46,,21.93,166,Раздел 1. Адаптация  прилегающей территории,Монтажные работы,материалы,монтажные работы
,01.7.11.07-0230,"Электроды сварочные для сварки низколегированных и углеродистых сталей УОНИ 13/55, Э50А, диаметр 4-5 мм",кг,3.5,,3.5,148.86,0.94,139.93,,489.76,167,Раздел 1. Адаптация  прилегающей территории,Монтажные работы,материалы,монтажные работы
,,Итого прямые затраты,,,,,,,,,7330.88,168,Раздел 1. Адаптация  прилегающей территории,Монтажные работы,,монтажные работы
13.1,421/пр_2020_п.75_пп.а,Вспомогательные ненормируемые материальные ресурсы,%,2.0,,2.0,,,,,130.99,169,Раздел 1. Адаптация  прилегающей территории,Монтажные работы,,монтажные работы
,,ФОТ,,,,,,,,,6561.3,170,Раздел 1. Адаптация  прилегающей территории,Монтажные работы,,монтажные работы
,Пр/812-079.0-1,НР Оборудование общего назначения,%,92.0,,92.0,,,,,6036.4,171,Раздел 1. Адаптация  прилегающей территории,Монтажные работы,,монтажные работы
,Пр/774-079,СП Оборудование общего назначения,%,49.0,,49.0,,,,,3215.04,172,Раздел 1. Адаптация  прилегающей территории,Монтажные работы,,монтажные работы
,,Всего по позиции,,,,,,,16713.31,,16713.31,173,Раздел 1. Адаптация  прилегающей территории,Монтажные работы,,монтажные работы
14,ТЦ_62.2.01.00_71_4345468380_24.07.2025_01_2.1,"Наклонная, вертикальная стойка с поручнем для мнемосхемы 630х800 мм, для помещения и улицы",шт,1.0,1.0,1.0,,,30769.15,,30769.15,174,Раздел 1. Адаптация  прилегающей территории,Монтажные работы,материалы,монтажные работы
,,(Прокладка и монтаж сетей связи),,,,,,,,,,175,Раздел 1. Адаптация  прилегающей территории,Монтажные работы,,монтажные работы
,,Всего по позиции,,,,,,,,,30769.15,176,Раздел 1. Адаптация  прилегающей территории,Монтажные работы,,монтажные работы
Раздел 2. Адаптация входной группы ( снаружи),,,,,,,,,,,,178,Раздел 2. Адаптация входной группы ( снаружи),Монтажные работы,,монтажные работы
Демонтажные работы,,,,,,,,,,,,179,Раздел 2. Адаптация входной группы ( снаружи),Демонтажные работы,,монтажные работы
15,ГЭСН46-04-014-02,"Разборка каменных и железобетонных ступеней: на сплошном основании(Гранитные ступени и подступенки толщ.30мм, S=34,76м2)",100 м ступеней,0.70153,1.0,0.70153,,,,,,180,Раздел 2. Адаптация входной группы ( снаружи),Демонтажные работы,материалы,монтажные работы
,,"Объем=70,153 / 100",,,,,,,,,,181,Раздел 2. Адаптация входной группы ( снаружи),Демонтажные работы,,монтажные работы
,1,ОТ(ЗТ),чел.-ч,,,64.6249436,,,,,22485.6,182,Раздел 2. Адаптация входной группы ( снаружи),Демонтажные работы,услуги,монтажные работы
,1-100-30,"Средний разряд работы 3,0",чел.-ч,92.12,,64.6249436,,,347.94,,22485.6,183,Раздел 2. Адаптация входной группы ( снаружи),Демонтажные работы,услуги,монтажные работы
,2,ЭМ,,,,,,,,,169.23,184,Раздел 2. Адаптация входной группы ( снаружи),Демонтажные работы,,монтажные работы
,91.18.01-508,"Компрессоры винтовые передвижные с электродвигателем, давление до 1 МПа (10 атм), производительность до 5 м3/мин",маш.-ч,1.28,,0.8979584,115.43,1.58,182.38,,163.77,185,Раздел 2. Адаптация входной группы ( снаружи),Демонтажные работы,услуги,монтажные работы
,91.21.10-002,Молотки отбойные пневматические при работе от передвижных компрессоров,маш.-ч,2.56,,1.7959168,,,3.04,,5.46,186,Раздел 2. Адаптация входной группы ( снаружи),Демонтажные работы,услуги,монтажные работы
Н,999-9900,Строительный мусор,т,12.25,,8.5937425,,,,,,187,Раздел 2. Адаптация входной группы ( снаружи),Демонтажные работы,материалы,монтажные работы
,,Итого прямые затраты,,,,,,,,,22654.83,188,Раздел 2. Адаптация входной группы ( снаружи),Демонтажные работы,,монтажные работы
,,ФОТ,,,,,,,,,22485.6,189,Раздел 2. Адаптация входной группы ( снаружи),Демонтажные работы,,монтажные работы
,Пр/812-040.2-1,"НР Работы по реконструкции зданий и сооружений: разборка отдельных конструктивных элементов здания (сооружения), а также зданий (сооружений) в целом",%,91.0,,91.0,,,,,20461.9,190,Раздел 2. Адаптация входной группы ( снаружи),Демонтажные работы,,монтажные работы
,Пр/774-040.2,"СП Работы по реконструкции зданий и сооружений: разборка отдельных конструктивных элементов здания (сооружения), а также зданий (сооружений) в целом",%,52.0,,52.0,,,,,11692.51,191,Раздел 2. Адаптация входной группы ( снаружи),Демонтажные работы,,монтажные работы
,,Всего по позиции,,,,,,,78128.15,,54809.24,192,Раздел 2. Адаптация входной группы ( снаружи),Демонтажные работы,,монтажные работы
16,47-1,"Погрузка в автотранспортное средство: мусор строительный с погрузкой вручную( гранитные ступени и подступенки толщ.30мм, вес 87 кг/1м2)",т,3.02412,1.0,3.02412,,,936.18,,2831.12,193,Раздел 2. Адаптация входной группы ( снаружи),Демонтажные работы,материалы,монтажные работы
,,"Объем=87/1000*34,76",,,,,,,,,,194,Раздел 2. Адаптация входной группы ( снаружи),Демонтажные работы,,монтажные работы
,,Всего по позиции,,,,,,,,,2831.12,195,Раздел 2. Адаптация входной группы ( снаружи),Демонтажные работы,,монтажные работы
17,02-15-1-01-0010,"Перевозка грузов I класса автомобилями-самосвалами грузоподъемностью до 15 т по дорогам с усовершенствованным (асфальтобетонным, цементобетонным, железобетонным, обработанным органическим вяжущим) дорожным покрытием на расстояние 10 км(Гранитные ступени и подступенки толщ.30мм)",т,3.02412,1.0,3.02412,,,183.9,,556.14,196,Раздел 2. Адаптация входной группы ( снаружи),Демонтажные работы,материалы,монтажные работы
,,"Объем=87/1000*34,76",,,,,,,,,,197,Раздел 2. Адаптация входной группы ( снаружи),Демонтажные работы,,монтажные работы
,,Всего по позиции,,,,,,,,,556.14,198,Раздел 2. Адаптация входной группы ( снаружи),Демонтажные работы,,монтажные работы
18,ГЭСН46-04-003-01,Разборка бетонных конструкций объемом более 1 м3 при помощи отбойных молотков из бетона марки: 100( бетонное основание),м3,10.3,1.0,10.3,,,,,,199,Раздел 2. Адаптация входной группы ( снаружи),Демонтажные работы,материалы,монтажные работы
,1,ОТ(ЗТ),чел.-ч,,,99.601,,,,,34655.17,200,Раздел 2. Адаптация входной группы ( снаружи),Демонтажные работы,услуги,монтажные работы
,1-100-30,"Средний разряд работы 3,0",чел.-ч,9.67,,99.601,,,347.94,,34655.17,201,Раздел 2. Адаптация входной группы ( снаружи),Демонтажные работы,услуги,монтажные работы
,2,ЭМ,,,,,,,,,8754.53,202,Раздел 2. Адаптация входной группы ( снаружи),Демонтажные работы,,монтажные работы
,91.18.01-508,"Компрессоры винтовые передвижные с электродвигателем, давление до 1 МПа (10 атм), производительность до 5 м3/мин",маш.-ч,4.51,,46.453,115.43,1.58,182.38,,8472.1,203,Раздел 2. Адаптация входной группы ( снаружи),Демонтажные работы,услуги,монтажные работы
,91.21.10-002,Молотки отбойные пневматические при работе от передвижных компрессоров,маш.-ч,9.02,,92.906,,,3.04,,282.43,204,Раздел 2. Адаптация входной группы ( снаружи),Демонтажные работы,услуги,монтажные работы
,,Итого прямые затраты,,,,,,,,,43409.7,205,Раздел 2. Адаптация входной группы ( снаружи),Демонтажные работы,,монтажные работы
,,ФОТ,,,,,,,,,34655.17,206,Раздел 2. Адаптация входной группы ( снаружи),Демонтажные работы,,монтажные работы
,Пр/812-040.2-1,"НР Работы по реконструкции зданий и сооружений: разборка отдельных конструктивных элементов здания (сооружения), а также зданий (сооружений) в целом",%,91.0,,91.0,,,,,31536.2,207,Раздел 2. Адаптация входной группы ( снаружи),Демонтажные работы,,монтажные работы
,Пр/774-040.2,"СП Работы по реконструкции зданий и сооружений: разборка отдельных конструктивных элементов здания (сооружения), а также зданий (сооружений) в целом",%,52.0,,52.0,,,,,18020.69,208,Раздел 2. Адаптация входной группы ( снаружи),Демонтажные работы,,монтажные работы
,,Всего по позиции,,,,,,,9025.88,,92966.59,209,Раздел 2. Адаптация входной группы ( снаружи),Демонтажные работы,,монтажные работы
19,47-1,"Погрузка в автотранспортное средство: мусор строительный с погрузкой вручную( бой бетона, вес 2,4тн/1м3)",т,24.72,1.0,24.72,,,936.18,,23142.37,210,Раздел 2. Адаптация входной группы ( снаружи),Демонтажные работы,материалы,монтажные работы
,,"Объем=2,4*10,3",,,,,,,,,,211,Раздел 2. Адаптация входной группы ( снаружи),Демонтажные работы,,монтажные работы
,,Всего по позиции,,,,,,,,,23142.37,212,Раздел 2. Адаптация входной группы ( снаружи),Демонтажные работы,,монтажные работы
20,02-15-1-01-0010,"Перевозка грузов I класса автомобилями-самосвалами грузоподъемностью до 15 т по дорогам с усовершенствованным (асфальтобетонным, цементобетонным, железобетонным, обработанным органическим вяжущим) дорожным покрытием на расстояние 10 км (бой бетона)",т,24.72,1.0,24.72,,,183.9,,4546.01,213,Раздел 2. Адаптация входной группы ( снаружи),Демонтажные работы,материалы,монтажные работы
,,"Объем=2,4*10,3",,,,,,,,,,214,Раздел 2. Адаптация входной группы ( снаружи),Демонтажные работы,,монтажные работы
,,Всего по позиции,,,,,,,,,4546.01,215,Раздел 2. Адаптация входной группы ( снаружи),Демонтажные работы,,монтажные работы
21,ГЭСН46-03-001-06,"Сверление установками алмазного бурения в железобетонных конструкциях вертикальных отверстий глубиной 200 мм диаметром: 50 мм( ф 50мм, глубина 100мм)",100 отверстий,1.01,1.0,1.01,,,,,,216,Раздел 2. Адаптация входной группы ( снаружи),Демонтажные работы,материалы,монтажные работы
,,Объем=101 / 100,,,,,,,,,,217,Раздел 2. Адаптация входной группы ( снаружи),Демонтажные работы,,монтажные работы
,1,ОТ(ЗТ),чел.-ч,,,20.705,,,,,8112.22,218,Раздел 2. Адаптация входной группы ( снаружи),Демонтажные работы,услуги,монтажные работы
,1-100-40,"Средний разряд работы 4,0",чел.-ч,20.5,,20.705,,,391.8,,8112.22,219,Раздел 2. Адаптация входной группы ( снаружи),Демонтажные работы,услуги,монтажные работы
,2,ЭМ,,,,,,,,,1990.15,220,Раздел 2. Адаптация входной группы ( снаружи),Демонтажные работы,,монтажные работы
,,ОТм(ЗТм),чел.-ч,,,21.311,,,,,9489.6,221,Раздел 2. Адаптация входной группы ( снаружи),Демонтажные работы,услуги,монтажные работы
,91.14.02-001,"Автомобили бортовые, грузоподъемность до 5 т",маш.-ч,1.8,,1.818,,,611.87,,1112.38,222,Раздел 2. Адаптация входной группы ( снаружи),Демонтажные работы,услуги,монтажные работы
,4-100-040,ОТм(Зтм) Средний разряд машинистов 4,чел.-ч,1.8,,1.818,,,391.8,,712.29,223,Раздел 2. Адаптация входной группы ( снаружи),Демонтажные работы,услуги,монтажные работы
,91.21.20-013,"Установки алмазного бурения скважин в железобетоне электрические, диаметр бурения до 250 мм",маш.-ч,19.3,,19.493,33.86,1.33,45.03,,877.77,224,Раздел 2. Адаптация входной группы ( снаружи),Демонтажные работы,услуги,монтажные работы
,4-100-050,ОТм(Зтм) Средний разряд машинистов 5,чел.-ч,19.3,,19.493,,,450.28,,8777.31,225,Раздел 2. Адаптация входной группы ( снаружи),Демонтажные работы,услуги,монтажные работы
,4,М,,,,,,,,,47.83,226,Раздел 2. Адаптация входной группы ( снаружи),Демонтажные работы,,монтажные работы
,01.7.03.01-0001,Вода,м3,1.49,,1.5049,35.71,0.89,31.78,,47.83,227,Раздел 2. Адаптация входной группы ( снаружи),Демонтажные работы,материалы,монтажные работы
"П,Н",01.7.17.09-0067,"Сверло кольцевое алмазное, диаметр 50 мм",шт,0.0,,0.0,,,,,,228,Раздел 2. Адаптация входной группы ( снаружи),Демонтажные работы,материалы,монтажные работы
,,Итого прямые затраты,,,,,,,,,19639.8,229,Раздел 2. Адаптация входной группы ( снаружи),Демонтажные работы,,монтажные работы
,,ФОТ,,,,,,,,,17601.82,230,Раздел 2. Адаптация входной группы ( снаружи),Демонтажные работы,,монтажные работы
,Пр/812-040.1-1,"НР Работы по реконструкции зданий и сооружений: усиление и замена существующих конструкций, возведение отдельных конструктивных элементов",%,103.0,,103.0,,,,,18129.87,231,Раздел 2. Адаптация входной группы ( снаружи),Демонтажные работы,,монтажные работы
,Пр/774-040.1,"СП Работы по реконструкции зданий и сооружений: усиление и замена существующих конструкций, возведение отдельных конструктивных элементов",%,59.0,,59.0,,,,,10385.07,232,Раздел 2. Адаптация входной группы ( снаружи),Демонтажные работы,,монтажные работы
,,Всего по позиции,,,,,,,47677.96,,48154.74,233,Раздел 2. Адаптация входной группы ( снаружи),Демонтажные работы,,монтажные работы
22,ГЭСН46-03-001-22,На каждые 10 мм изменения глубины сверления добавляется или исключается: к норме 46-03-001-06,100 отверстий,-1.01,1.0,-1.01,,,,,,234,Раздел 2. Адаптация входной группы ( снаружи),Демонтажные работы,материалы,монтажные работы
,,Объем=-101 / 100,,,,,,,,,,235,Раздел 2. Адаптация входной группы ( снаружи),Демонтажные работы,,монтажные работы
,толщ.100мм,100мм-200мм=-100мм/10мм=-10 ПЗ=10 (ОЗП=10; ЭМ=10 к расх.; ЗПМ=10; МАТ=10 к расх.; ТЗ=10; ТЗМ=10),,,,,,,,,,236,Раздел 2. Адаптация входной группы ( снаружи),Демонтажные работы,,монтажные работы
,1,ОТ(ЗТ),чел.-ч,,,-6.363,,,,,-2493.02,237,Раздел 2. Адаптация входной группы ( снаружи),Демонтажные работы,услуги,монтажные работы
,1-100-40,"Средний разряд работы 4,0",чел.-ч,0.63,10.0,-6.363,,,391.8,,-2493.02,238,Раздел 2. Адаптация входной группы ( снаружи),Демонтажные работы,услуги,монтажные работы
,2,ЭМ,,,,,,,,,-441.16,239,Раздел 2. Адаптация входной группы ( снаружи),Демонтажные работы,,монтажные работы
,,ОТм(ЗТм),чел.-ч,,,-9.797,,,,,-4411.39,240,Раздел 2. Адаптация входной группы ( снаружи),Демонтажные работы,услуги,монтажные работы
,91.21.20-013,"Установки алмазного бурения скважин в железобетоне электрические, диаметр бурения до 250 мм",маш.-ч,0.97,10.0,-9.797,33.86,1.33,45.03,,-441.16,241,Раздел 2. Адаптация входной группы ( снаружи),Демонтажные работы,услуги,монтажные работы
,4-100-050,ОТм(Зтм) Средний разряд машинистов 5,чел.-ч,0.97,10.0,-9.797,,,450.28,,-4411.39,242,Раздел 2. Адаптация входной группы ( снаружи),Демонтажные работы,услуги,монтажные работы
,4,М,,,,,,,,,-24.07,243,Раздел 2. Адаптация входной группы ( снаружи),Демонтажные работы,,монтажные работы
,01.7.03.01-0001,Вода,м3,0.075,10.0,-0.7575,35.71,0.89,31.78,,-24.07,244,Раздел 2. Адаптация входной группы ( снаружи),Демонтажные работы,материалы,монтажные работы
"П,Н",01.7.17.09-0067,"Сверло кольцевое алмазное, диаметр 50 мм",шт,0.0,10.0,0.0,,,,,,245,Раздел 2. Адаптация входной группы ( снаружи),Демонтажные работы,материалы,монтажные работы
,,Итого прямые затраты,,,,,,,,,-7369.64,246,Раздел 2. Адаптация входной группы ( снаружи),Демонтажные работы,,монтажные работы
,,ФОТ,,,,,,,,,-6904.41,247,Раздел 2. Адаптация входной группы ( снаружи),Демонтажные работы,,монтажные работы
,Пр/812-040.1-1,"НР Работы по реконструкции зданий и сооружений: усиление и замена существующих конструкций, возведение отдельных конструктивных элементов",%,103.0,,103.0,,,,,-7111.54,248,Раздел 2. Адаптация входной группы ( снаружи),Демонтажные работы,,монтажные работы
,Пр/774-040.1,"СП Работы по реконструкции зданий и сооружений: усиление и замена существующих конструкций, возведение отдельных конструктивных элементов",%,59.0,,59.0,,,,,-4073.6,249,Раздел 2. Адаптация входной группы ( снаружи),Демонтажные работы,,монтажные работы
,,Всего по позиции,,,,,,,18371.07,,-18554.78,250,Раздел 2. Адаптация входной группы ( снаружи),Демонтажные работы,,монтажные работы
23,ФСБЦ-01.7.17.09-0067,"Сверло кольцевое алмазное, диаметр 50 мм(2,52 шт на 100 отв)",шт,2.5,1.0,2.5,856.24,1.24,1061.74,,2654.35,251,Раздел 2. Адаптация входной группы ( снаружи),Демонтажные работы,материалы,монтажные работы
,,"(Работы по реконструкции зданий и сооружений: усиление и замена существующих конструкций, возведение отдельных конструктивных элементов)",,,,,,,,,,252,Раздел 2. Адаптация входной группы ( снаружи),Демонтажные работы,,монтажные работы
,,"Объем=101*2,52/100",,,,,,,,,,253,Раздел 2. Адаптация входной группы ( снаружи),Демонтажные работы,,монтажные работы
,,Всего по позиции,,,,,,,,,2654.35,254,Раздел 2. Адаптация входной группы ( снаружи),Демонтажные работы,,монтажные работы
24,ГЭСНр59-01-003-01,Разборка металлических лестничных решеток при весе одного метра решетки: до 60 кг(прим. Демонтаж существующих ограждений ),100 м,0.19,1.0,0.19,,,,,,255,Раздел 2. Адаптация входной группы ( снаружи),Демонтажные работы,материалы,монтажные работы
,,Объем=19 / 100,,,,,,,,,,256,Раздел 2. Адаптация входной группы ( снаружи),Демонтажные работы,,монтажные работы
,1,ОТ(ЗТ),чел.-ч,,,8.987,,,,,2916.73,257,Раздел 2. Адаптация входной группы ( снаружи),Демонтажные работы,услуги,монтажные работы
,1-100-22,"Средний разряд работы 2,2",чел.-ч,47.3,,8.987,,,324.55,,2916.73,258,Раздел 2. Адаптация входной группы ( снаружи),Демонтажные работы,услуги,монтажные работы
,2,ЭМ,,,,,,,,,4.78,259,Раздел 2. Адаптация входной группы ( снаружи),Демонтажные работы,,монтажные работы
,91.17.04-042,Аппараты для газовой сварки и резки,маш.-ч,4.7,,0.893,4.35,1.23,5.35,,4.78,260,Раздел 2. Адаптация входной группы ( снаружи),Демонтажные работы,услуги,монтажные работы
,4,М,,,,,,,,,126.8,261,Раздел 2. Адаптация входной группы ( снаружи),Демонтажные работы,,монтажные работы
,01.3.02.03-0001,Ацетилен газообразный технический,м3,0.6,,0.114,340.41,1.56,531.04,,60.54,262,Раздел 2. Адаптация входной группы ( снаружи),Демонтажные работы,материалы,монтажные работы
,01.3.02.08-0001,Кислород газообразный технический,м3,3.9,,0.741,114.64,0.78,89.42,,66.26,263,Раздел 2. Адаптация входной группы ( снаружи),Демонтажные работы,материалы,монтажные работы
Н,999-9900,Строительный мусор,т,2.5,,0.475,,,,,,264,Раздел 2. Адаптация входной группы ( снаружи),Демонтажные работы,материалы,монтажные работы
,,Итого прямые затраты,,,,,,,,,3048.31,265,Раздел 2. Адаптация входной группы ( снаружи),Демонтажные работы,,монтажные работы
,,ФОТ,,,,,,,,,2916.73,266,Раздел 2. Адаптация входной группы ( снаружи),Демонтажные работы,,монтажные работы
,Пр/812-093.0-1,"НР Лестницы, крыльца (ремонтно-строительные)",%,89.0,,89.0,,,,,2595.89,267,Раздел 2. Адаптация входной группы ( снаружи),Демонтажные работы,,монтажные работы
,Пр/774-093,"СП Лестницы, крыльца (ремонтно-строительные)",%,45.0,,45.0,,,,,1312.53,268,Раздел 2. Адаптация входной группы ( снаружи),Демонтажные работы,,монтажные работы
,,Всего по позиции,,,,,,,36614.37,,6956.73,269,Раздел 2. Адаптация входной группы ( снаружи),Демонтажные работы,,монтажные работы
25,47-1,Погрузка в автотранспортное средство: мусор строительный с погрузкой вручную( ограждение),т,0.475,1.0,0.475,,,936.18,,444.69,270,Раздел 2. Адаптация входной группы ( снаружи),Демонтажные работы,материалы,монтажные работы
,,Всего по позиции,,,,,,,,,444.69,271,Раздел 2. Адаптация входной группы ( снаружи),Демонтажные работы,,монтажные работы
26,02-15-1-01-0010,"Перевозка грузов I класса автомобилями-самосвалами грузоподъемностью до 15 т по дорогам с усовершенствованным (асфальтобетонным, цементобетонным, железобетонным, обработанным органическим вяжущим) дорожным покрытием на расстояние 10 км (ограждение)",т,0.475,1.0,0.475,,,183.9,,87.35,272,Раздел 2. Адаптация входной группы ( снаружи),Демонтажные работы,материалы,монтажные работы
,,Всего по позиции,,,,,,,,,87.35,273,Раздел 2. Адаптация входной группы ( снаружи),Демонтажные работы,,монтажные работы
27,ГЭСНр68-02-012-01,Разборка тротуаров и дорожек из плит с их отноской и укладкой в штабель (Прим. разборка тротуарной плитки толщ.60мм),100 м2,0.2175,1.0,0.2175,,,,,,274,Раздел 2. Адаптация входной группы ( снаружи),Демонтажные работы,материалы,монтажные работы
,,"Объем=(0,5*0,5*87) / 100",,,,,,,,,,275,Раздел 2. Адаптация входной группы ( снаружи),Демонтажные работы,,монтажные работы
,1,ОТ(ЗТ),чел.-ч,,,4.0629,,,,,1262.79,276,Раздел 2. Адаптация входной группы ( снаружи),Демонтажные работы,услуги,монтажные работы
,1-100-17,"Средний разряд работы 1,7",чел.-ч,18.68,,4.0629,,,310.81,,1262.79,277,Раздел 2. Адаптация входной группы ( снаружи),Демонтажные работы,услуги,монтажные работы
,,Итого прямые затраты,,,,,,,,,1262.79,278,Раздел 2. Адаптация входной группы ( снаружи),Демонтажные работы,,монтажные работы
,,ФОТ,,,,,,,,,1262.79,279,Раздел 2. Адаптация входной группы ( снаружи),Демонтажные работы,,монтажные работы
,Пр/812-102.0-1,НР Благоустройство (ремонтно-строительные),%,102.0,,102.0,,,,,1288.05,280,Раздел 2. Адаптация входной группы ( снаружи),Демонтажные работы,,монтажные работы
,Пр/774-102,СП Благоустройство (ремонтно-строительные),%,54.0,,54.0,,,,,681.91,281,Раздел 2. Адаптация входной группы ( снаружи),Демонтажные работы,,монтажные работы
,,Всего по позиции,,,,,,,14863.22,,3232.75,282,Раздел 2. Адаптация входной группы ( снаружи),Демонтажные работы,,монтажные работы
Монтажные работы,,,,,,,,,,,,283,Раздел 2. Адаптация входной группы ( снаружи),Монтажные работы,,монтажные работы
28,ГЭСН06-01-001-16,Устройство фундаментных плит железобетонных: плоских( основные ступени),100 м3,0.103,1.0,0.103,,,,,,284,Раздел 2. Адаптация входной группы ( снаружи),Монтажные работы,материалы,монтажные работы
,,"Объем=10,3 / 100",,,,,,,,,,285,Раздел 2. Адаптация входной группы ( снаружи),Монтажные работы,,монтажные работы
,1,ОТ(ЗТ),чел.-ч,,,18.437,,,,,6414.97,286,Раздел 2. Адаптация входной группы ( снаружи),Монтажные работы,услуги,монтажные работы
,1-100-30,"Средний разряд работы 3,0",чел.-ч,179.0,,18.437,,,347.94,,6414.97,287,Раздел 2. Адаптация входной группы ( снаружи),Монтажные работы,услуги,монтажные работы
,2,ЭМ,,,,,,,,,2646.39,288,Раздел 2. Адаптация входной группы ( снаружи),Монтажные работы,,монтажные работы
,,ОТм(ЗТм),чел.-ч,,,2.94168,,,,,1527.54,289,Раздел 2. Адаптация входной группы ( снаружи),Монтажные работы,услуги,монтажные работы
,91.05.01-017,"Краны башенные, грузоподъемность 8 т",маш.-ч,26.06,,2.68418,622.62,1.4,871.67,,2339.72,290,Раздел 2. Адаптация входной группы ( снаружи),Монтажные работы,услуги,монтажные работы
,4-100-060,ОТм(Зтм) Средний разряд машинистов 6,чел.-ч,26.06,,2.68418,,,526.3,,1412.68,291,Раздел 2. Адаптация входной группы ( снаружи),Монтажные работы,услуги,монтажные работы
,91.05.05-015,"Краны на автомобильном ходу, грузоподъемность 16 т",маш.-ч,0.9,,0.0927,,,1626.46,,150.77,292,Раздел 2. Адаптация входной группы ( снаружи),Монтажные работы,услуги,монтажные работы
,4-100-060,ОТм(Зтм) Средний разряд машинистов 6,чел.-ч,0.9,,0.0927,,,526.3,,48.79,293,Раздел 2. Адаптация входной группы ( снаружи),Монтажные работы,услуги,монтажные работы
,91.06.05-011,"Погрузчики одноковшовые универсальные фронтальные пневмоколесные, номинальная вместимость основного ковша 2,6 м3, грузоподъемность 5 т",маш.-ч,0.25,,0.02575,,,1591.81,,40.99,294,Раздел 2. Адаптация входной группы ( снаружи),Монтажные работы,услуги,монтажные работы
,4-100-050,ОТм(Зтм) Средний разряд машинистов 5,чел.-ч,0.25,,0.02575,,,450.28,,11.59,295,Раздел 2. Адаптация входной группы ( снаружи),Монтажные работы,услуги,монтажные работы
,91.07.04-001,Вибраторы глубинные,маш.-ч,9.0,,0.927,10.37,1.28,13.27,,12.3,296,Раздел 2. Адаптация входной группы ( снаружи),Монтажные работы,услуги,монтажные работы
,91.14.02-001,"Автомобили бортовые, грузоподъемность до 5 т",маш.-ч,1.35,,0.13905,,,611.87,,85.08,297,Раздел 2. Адаптация входной группы ( снаружи),Монтажные работы,услуги,монтажные работы
,4-100-040,ОТм(Зтм) Средний разряд машинистов 4,чел.-ч,1.35,,0.13905,,,391.8,,54.48,298,Раздел 2. Адаптация входной группы ( снаружи),Монтажные работы,услуги,монтажные работы
,91.17.04-233,"Аппараты сварочные для ручной дуговой сварки, сварочный ток до 350 А",маш.-ч,4.3,,0.4429,,,39.58,,17.53,299,Раздел 2. Адаптация входной группы ( снаружи),Монтажные работы,услуги,монтажные работы
,4,М,,,,,,,,,260.48,300,Раздел 2. Адаптация входной группы ( снаружи),Монтажные работы,,монтажные работы
,01.7.03.01-0001,Вода,м3,0.73,,0.07519,35.71,0.89,31.78,,2.39,301,Раздел 2. Адаптация входной группы ( снаружи),Монтажные работы,материалы,монтажные работы
,01.7.03.04-0001,Электроэнергия,кВт-ч,0.24,,0.02472,,,8.46,,0.21,302,Раздел 2. Адаптация входной группы ( снаружи),Монтажные работы,материалы,монтажные работы
,01.7.07.12-0024,"Пленка полиэтиленовая, толщина 0,15 мм",м2,30.0,,3.09,12.83,1.27,16.29,,50.34,303,Раздел 2. Адаптация входной группы ( снаружи),Монтажные работы,материалы,монтажные работы
,01.7.11.07-0227,"Электроды сварочные для сварки низколегированных и углеродистых сталей УОНИ 13/45, Э42А, диаметр 4-5 мм",кг,5.0,,0.515,155.63,0.94,146.29,,75.34,304,Раздел 2. Адаптация входной группы ( снаружи),Монтажные работы,материалы,монтажные работы
,01.7.15.06-0111,Гвозди строительные,т,0.002,,0.000206,70296.2,1.26,88573.21,,18.25,305,Раздел 2. Адаптация входной группы ( снаружи),Монтажные работы,материалы,монтажные работы
,03.1.02.03-0011,"Известь строительная негашеная комовая, сорт I",т,0.01,,0.00103,,,6506.41,,6.7,306,Раздел 2. Адаптация входной группы ( снаружи),Монтажные работы,материалы,монтажные работы
,08.3.03.06-0002,"Проволока горячекатаная в мотках, диаметр 6,3-6,5 мм",т,0.0102,,0.0010506,60258.2,0.97,58450.45,,61.41,307,Раздел 2. Адаптация входной группы ( снаружи),Монтажные работы,материалы,монтажные работы
,11.1.03.06-0079,"Доска обрезная хвойных пород, естественной влажности, длина 2-6,5 м, ширина 100-250 мм, толщина 44-50 мм, сорт III",м3,0.04,,0.00412,5764.42,1.93,11125.33,,45.84,308,Раздел 2. Адаптация входной группы ( снаружи),Монтажные работы,материалы,монтажные работы
Н,04.1.02.05,Смеси бетонные тяжелого бетона,м3,101.5,,10.4545,,,,,,309,Раздел 2. Адаптация входной группы ( снаружи),Монтажные работы,материалы,монтажные работы
Н,08.4.03.03,Арматура,т,8.1,,0.8343,,,,,,310,Раздел 2. Адаптация входной группы ( снаружи),Монтажные работы,материалы,монтажные работы
Н,11.1.03.06,Щиты из досок,м2,3.6,,0.3708,,,,,,311,Раздел 2. Адаптация входной группы ( снаружи),Монтажные работы,материалы,монтажные работы
,,Итого прямые затраты,,,,,,,,,10849.38,312,Раздел 2. Адаптация входной группы ( снаружи),Монтажные работы,,монтажные работы
,,ФОТ,,,,,,,,,7942.51,313,Раздел 2. Адаптация входной группы ( снаружи),Монтажные работы,,монтажные работы
,Пр/812-006.0-1,НР Бетонные и железобетонные монолитные конструкции и работы в строительстве,%,102.0,,102.0,,,,,8101.36,314,Раздел 2. Адаптация входной группы ( снаружи),Монтажные работы,,монтажные работы
,Пр/774-006,СП Бетонные и железобетонные монолитные конструкции и работы в строительстве,%,58.0,,58.0,,,,,4606.66,315,Раздел 2. Адаптация входной группы ( снаружи),Монтажные работы,,монтажные работы
,,Всего по позиции,,,,,,,228712.62,,23557.4,316,Раздел 2. Адаптация входной группы ( снаружи),Монтажные работы,,монтажные работы
29,ФСБЦ-04.1.02.05-0388,"Смеси бетонные тяжелого бетона (БСТ) на гранитном щебне, класс В15, F(1)200, W4",м3,10.4545,1.0,10.4545,5387.82,1.25,6734.78,,70408.76,317,Раздел 2. Адаптация входной группы ( снаружи),Монтажные работы,материалы,монтажные работы
,,(Бетонные и железобетонные монолитные конструкции и работы в строительстве),,,,,,,,,,318,Раздел 2. Адаптация входной группы ( снаружи),Монтажные работы,,монтажные работы
,,Всего по позиции,,,,,,,,,70408.76,319,Раздел 2. Адаптация входной группы ( снаружи),Монтажные работы,,монтажные работы
30,ФСБЦ-08.4.03.03-0029,"Сталь арматурная горячекатаная периодического профиля, класс A-III, диаметр 6 мм ( сетка арм. А-3, 300*300*4мм, вес 1м2=2,711кг)",т,0.0901,1.0,0.0901,68743.0,0.88,60493.84,,5450.49,320,Раздел 2. Адаптация входной группы ( снаружи),Монтажные работы,материалы,монтажные работы
,,(Бетонные и железобетонные монолитные конструкции и работы в строительстве),,,,,,,,,,321,Раздел 2. Адаптация входной группы ( снаружи),Монтажные работы,,монтажные работы
,,"Объем=90,1/1000",,,,,,,,,,322,Раздел 2. Адаптация входной группы ( снаружи),Монтажные работы,,монтажные работы
,,Всего по позиции,,,,,,,,,5450.49,323,Раздел 2. Адаптация входной группы ( снаружи),Монтажные работы,,монтажные работы
31,ФСБЦ-11.1.03.06-0013,"Доска обрезная лиственных пород (береза), естественной влажности, длина 2-6,5 м, все ширины, толщина 20-22 мм, сорт III",м3,0.00816,1.0,0.00816,22992.64,1.93,44375.8,,362.11,324,Раздел 2. Адаптация входной группы ( снаружи),Монтажные работы,материалы,монтажные работы
,,(Материалы),,,,,,,,,,325,Раздел 2. Адаптация входной группы ( снаружи),Монтажные работы,,монтажные работы
,,"Объем=0,3708*0,022",,,,,,,,,,326,Раздел 2. Адаптация входной группы ( снаружи),Монтажные работы,,монтажные работы
,,Всего по позиции,,,,,,,,,362.11,327,Раздел 2. Адаптация входной группы ( снаружи),Монтажные работы,,монтажные работы
32,ГЭСН11-01-031-07,"Устройство покрытий из гранитных плит при количестве плит на 1 м2: до 3 шт.( гранитные ступени: глубина 390мм-9,09м2, глубина 380мм-17,72м2 и подступенки: высота 140мм-3,28м2, высота 100мм-4,67м2,  толщ. у всех  30мм )",100 м2,0.3476,1.0,0.3476,,,,,,328,Раздел 2. Адаптация входной группы ( снаружи),Монтажные работы,материалы,монтажные работы
,,"Объем=(9,09+17,72+3,28+4,67) / 100",,,,,,,,,,329,Раздел 2. Адаптация входной группы ( снаружи),Монтажные работы,,монтажные работы
,1,ОТ(ЗТ),чел.-ч,,,77.1672,,,,,26849.56,330,Раздел 2. Адаптация входной группы ( снаружи),Монтажные работы,услуги,монтажные работы
,1-100-30,"Средний разряд работы 3,0",чел.-ч,222.0,,77.1672,,,347.94,,26849.56,331,Раздел 2. Адаптация входной группы ( снаружи),Монтажные работы,услуги,монтажные работы
,2,ЭМ,,,,,,,,,829.21,332,Раздел 2. Адаптация входной группы ( снаружи),Монтажные работы,,монтажные работы
,,ОТм(ЗТм),чел.-ч,,,0.987184,,,,,395.92,333,Раздел 2. Адаптация входной группы ( снаружи),Монтажные работы,услуги,монтажные работы
,91.06.05-011,"Погрузчики одноковшовые универсальные фронтальные пневмоколесные, номинальная вместимость основного ковша 2,6 м3, грузоподъемность 5 т",маш.-ч,1.32,,0.458832,,,1591.81,,730.37,334,Раздел 2. Адаптация входной группы ( снаружи),Монтажные работы,услуги,монтажные работы
,4-100-050,ОТм(Зтм) Средний разряд машинистов 5,чел.-ч,1.32,,0.458832,,,450.28,,206.6,335,Раздел 2. Адаптация входной группы ( снаружи),Монтажные работы,услуги,монтажные работы
,91.06.06-048,"Подъемники одномачтовые, грузоподъемность до 500 кг, высота подъема 45 м",маш.-ч,1.16,,0.403216,37.32,1.48,55.23,,22.27,336,Раздел 2. Адаптация входной группы ( снаружи),Монтажные работы,услуги,монтажные работы
,4-100-030,ОТм(Зтм) Средний разряд машинистов 3,чел.-ч,1.16,,0.403216,,,347.94,,140.29,337,Раздел 2. Адаптация входной группы ( снаружи),Монтажные работы,услуги,монтажные работы
,91.14.02-001,"Автомобили бортовые, грузоподъемность до 5 т",маш.-ч,0.36,,0.125136,,,611.87,,76.57,338,Раздел 2. Адаптация входной группы ( снаружи),Монтажные работы,услуги,монтажные работы
,4-100-040,ОТм(Зтм) Средний разряд машинистов 4,чел.-ч,0.36,,0.125136,,,391.8,,49.03,339,Раздел 2. Адаптация входной группы ( снаружи),Монтажные работы,услуги,монтажные работы
,4,М,,,,,,,,,6567.28,340,Раздел 2. Адаптация входной группы ( снаружи),Монтажные работы,,монтажные работы
,01.7.03.01-0001,Вода,м3,3.85,,1.33826,35.71,0.89,31.78,,42.53,341,Раздел 2. Адаптация входной группы ( снаружи),Монтажные работы,материалы,монтажные работы
,02.3.01.02-1118,"Песок природный для строительных работ II класс, средний",м3,3.06,,1.063656,565.2,1.66,938.23,,997.95,342,Раздел 2. Адаптация входной группы ( снаружи),Монтажные работы,материалы,монтажные работы
,04.3.01.09-0016,"Раствор готовый кладочный, цементный, М200",м3,2.5,,0.869,,,6300.56,,5475.19,343,Раздел 2. Адаптация входной группы ( снаружи),Монтажные работы,материалы,монтажные работы
,11.1.03.01-0063,"Бруски обрезные хвойных пород (ель, сосна), естественной влажности, длина 2-6,5 м, ширина 20-90 мм, толщина 20-90 мм, сорт III",м3,0.01,,0.003476,16496.03,0.9,14846.43,,51.61,344,Раздел 2. Адаптация входной группы ( снаружи),Монтажные работы,материалы,монтажные работы
Н,13.2.01.01,Изделия из натурального камня,м2,100.0,,34.76,,,,,,345,Раздел 2. Адаптация входной группы ( снаружи),Монтажные работы,материалы,монтажные работы
,,Итого прямые затраты,,,,,,,,,34641.97,346,Раздел 2. Адаптация входной группы ( снаружи),Монтажные работы,,монтажные работы
,,ФОТ,,,,,,,,,27245.48,347,Раздел 2. Адаптация входной группы ( снаружи),Монтажные работы,,монтажные работы
,Пр/812-011.0-1,НР Полы,%,112.0,,112.0,,,,,30514.94,348,Раздел 2. Адаптация входной группы ( снаружи),Монтажные работы,,монтажные работы
,Пр/774-011,СП Полы,%,65.0,,65.0,,,,,17709.56,349,Раздел 2. Адаптация входной группы ( снаружи),Монтажные работы,,монтажные работы
,,Всего по позиции,,,,,,,238396.06,,82866.47,350,Раздел 2. Адаптация входной группы ( снаружи),Монтажные работы,,монтажные работы
33,ТЦ_13.2.01.00_71_713100455122_03.09.2025_02_52.1,"Ступени гранитные, термо",м2,26.81,1.0,26.81,,,21417.88,,574213.36,351,Раздел 2. Адаптация входной группы ( снаружи),Монтажные работы,материалы,монтажные работы
,,(Полы),,,,,,,,,,352,Раздел 2. Адаптация входной группы ( снаружи),Монтажные работы,,монтажные работы
,,"Объем=9,09+17,72",,,,,,,,,,353,Раздел 2. Адаптация входной группы ( снаружи),Монтажные работы,,монтажные работы
,,Всего по позиции,,,,,,,,,574213.36,354,Раздел 2. Адаптация входной группы ( снаружи),Монтажные работы,,монтажные работы
34,ТЦ_13.2.01.00_71_713100455122_03.09.2025_02_53.1,"Подступенники гранитные, термо",м2,7.95,1.0,7.95,,,19865.17,,157928.1,355,Раздел 2. Адаптация входной группы ( снаружи),Монтажные работы,материалы,монтажные работы
,,(Полы),,,,,,,,,,356,Раздел 2. Адаптация входной группы ( снаружи),Монтажные работы,,монтажные работы
,,"Объем=3,28+4,67",,,,,,,,,,357,Раздел 2. Адаптация входной группы ( снаружи),Монтажные работы,,монтажные работы
,,Всего по позиции,,,,,,,,,157928.1,358,Раздел 2. Адаптация входной группы ( снаружи),Монтажные работы,,монтажные работы
35,ГЭСН07-05-016-04,"Устройство металлических ограждений: без поручней (прим.установка ограждений из нержавейки: 2-х уровневый поручень ОГ1-9, ОГ11)",100 м,0.8159,1.0,0.8159,,,,,,359,Раздел 2. Адаптация входной группы ( снаружи),Монтажные работы,материалы,монтажные работы
,,"Объем=(1,55+1,55+4,65+2,12+2,12+15,8+17,94+15,8+17,94+2,12) / 100",,,,,,,,,,360,Раздел 2. Адаптация входной группы ( снаружи),Монтажные работы,,монтажные работы
,1,ОТ(ЗТ),чел.-ч,,,33.85985,,,,,12969.34,361,Раздел 2. Адаптация входной группы ( снаружи),Монтажные работы,услуги,монтажные работы
,1-100-38,"Средний разряд работы 3,8",чел.-ч,41.5,,33.85985,,,383.03,,12969.34,362,Раздел 2. Адаптация входной группы ( снаружи),Монтажные работы,услуги,монтажные работы
,2,ЭМ,,,,,,,,,1307.71,363,Раздел 2. Адаптация входной группы ( снаружи),Монтажные работы,,монтажные работы
,,ОТм(ЗТм),чел.-ч,,,2.113181,,,,,814.35,364,Раздел 2. Адаптация входной группы ( снаружи),Монтажные работы,услуги,монтажные работы
,91.06.06-048,"Подъемники одномачтовые, грузоподъемность до 500 кг, высота подъема 45 м",маш.-ч,0.38,,0.310042,37.32,1.48,55.23,,17.12,365,Раздел 2. Адаптация входной группы ( снаружи),Монтажные работы,услуги,монтажные работы
,4-100-030,ОТм(Зтм) Средний разряд машинистов 3,чел.-ч,0.38,,0.310042,,,347.94,,107.88,366,Раздел 2. Адаптация входной группы ( снаружи),Монтажные работы,услуги,монтажные работы
,91.14.02-001,"Автомобили бортовые, грузоподъемность до 5 т",маш.-ч,2.21,,1.803139,,,611.87,,1103.29,367,Раздел 2. Адаптация входной группы ( снаружи),Монтажные работы,услуги,монтажные работы
,4-100-040,ОТм(Зтм) Средний разряд машинистов 4,чел.-ч,2.21,,1.803139,,,391.8,,706.47,368,Раздел 2. Адаптация входной группы ( снаружи),Монтажные работы,услуги,монтажные работы
,91.17.04-233,"Аппараты сварочные для ручной дуговой сварки, сварочный ток до 350 А",маш.-ч,5.8,,4.73222,,,39.58,,187.3,369,Раздел 2. Адаптация входной группы ( снаружи),Монтажные работы,услуги,монтажные работы
,4,М,,,,,,,,,3121.86,370,Раздел 2. Адаптация входной группы ( снаружи),Монтажные работы,,монтажные работы
,01.7.03.01-0001,Вода,м3,0.1,,0.08159,35.71,0.89,31.78,,2.59,371,Раздел 2. Адаптация входной группы ( снаружи),Монтажные работы,материалы,монтажные работы
,01.7.11.07-0054,"Электроды сварочные для сварки низколегированных и углеродистых сталей АНО-6, Э42, диаметр 6 мм",т,0.02,,0.016318,148198.02,0.94,139306.14,,2273.2,372,Раздел 2. Адаптация входной группы ( снаружи),Монтажные работы,материалы,монтажные работы
,03.2.01.01-0001,"Портландцемент бездобавочный общестроительный ЦЕМ 0 32,5Н",т,0.15,,0.122385,4800.85,1.44,6913.22,,846.07,373,Раздел 2. Адаптация входной группы ( снаружи),Монтажные работы,материалы,монтажные работы
"П,Н",07.2.05.01,Ограждения лестничных проемов,м,0.0,,0.0,,,,,,374,Раздел 2. Адаптация входной группы ( снаружи),Монтажные работы,материалы,монтажные работы
,,Итого прямые затраты,,,,,,,,,18213.26,375,Раздел 2. Адаптация входной группы ( снаружи),Монтажные работы,,монтажные работы
,,ФОТ,,,,,,,,,13783.69,376,Раздел 2. Адаптация входной группы ( снаружи),Монтажные работы,,монтажные работы
,Пр/812-007.1-1,"НР Бетонные и железобетонные сборные конструкции жилых, общественных и административно-бытовых зданий промышленных предприятий",%,116.0,,116.0,,,,,15989.08,377,Раздел 2. Адаптация входной группы ( снаружи),Монтажные работы,,монтажные работы
,Пр/774-007.1,"СП Бетонные и железобетонные сборные конструкции жилых, общественных и административно-бытовых зданий промышленных предприятий",%,80.0,,80.0,,,,,11026.95,378,Раздел 2. Адаптация входной группы ( снаружи),Монтажные работы,,монтажные работы
,,Всего по позиции,,,,,,,55434.84,,45229.29,379,Раздел 2. Адаптация входной группы ( снаружи),Монтажные работы,,монтажные работы
Ограждение ОГ-1,,,,,,,,,,,,380,Раздел 2. Адаптация входной группы ( снаружи),Монтажные работы,,монтажные работы
36,ТЦ_07.2.05.01_71_9717010827_24.07.2025_02_4.1,"Ограждение с тремя ригелями и двухуровневыми поручнями, горизонтальное, из нержавеющей стали AISI 304, D38 мм, индивидуальное",м,1.55,1.0,1.55,,,16722.9,,25920.5,381,Раздел 2. Адаптация входной группы ( снаружи),Монтажные работы,материалы,монтажные работы
,,(Деревянные конструкции),,,,,,,,,,382,Раздел 2. Адаптация входной группы ( снаружи),Монтажные работы,,монтажные работы
,,"Объем=0,95+0,3*2",,,,,,,,,,383,Раздел 2. Адаптация входной группы ( снаружи),Монтажные работы,,монтажные работы
,,Всего по позиции,,,,,,,,,25920.5,384,Раздел 2. Адаптация входной группы ( снаружи),Монтажные работы,,монтажные работы
Ограждение ОГ-2,,,,,,,,,,,,385,Раздел 2. Адаптация входной группы ( снаружи),Монтажные работы,,монтажные работы
37,ТЦ_07.2.05.01_71_9717010827_24.07.2025_02_4.1,"Ограждение с тремя ригелями и двухуровневыми поручнями, горизонтальное, из нержавеющей стали AISI 304, D38 мм, индивидуальное",м,1.55,1.0,1.55,,,16722.9,,25920.5,386,Раздел 2. Адаптация входной группы ( снаружи),Монтажные работы,материалы,монтажные работы
,,(Деревянные конструкции),,,,,,,,,,387,Раздел 2. Адаптация входной группы ( снаружи),Монтажные работы,,монтажные работы
,,"Объем=0,95+0,3*2",,,,,,,,,,388,Раздел 2. Адаптация входной группы ( снаружи),Монтажные работы,,монтажные работы
,,Всего по позиции,,,,,,,,,25920.5,389,Раздел 2. Адаптация входной группы ( снаружи),Монтажные работы,,монтажные работы
Ограждение ОГ-3(3 шт),,,,,,,,,,,,390,Раздел 2. Адаптация входной группы ( снаружи),Монтажные работы,,монтажные работы
38,ТЦ_07.2.05.01_71_9717010827_24.07.2025_02_4.1,"Ограждение с тремя ригелями и двухуровневыми поручнями, горизонтальное, из нержавеющей стали AISI 304, D38 мм, индивидуальное",м,4.65,1.0,4.65,,,16722.9,,77761.49,391,Раздел 2. Адаптация входной группы ( снаружи),Монтажные работы,материалы,монтажные работы
,,(Деревянные конструкции),,,,,,,,,,392,Раздел 2. Адаптация входной группы ( снаружи),Монтажные работы,,монтажные работы
,,"Объем=(0,95+0,3*2)*3",,,,,,,,,,393,Раздел 2. Адаптация входной группы ( снаружи),Монтажные работы,,монтажные работы
,,Всего по позиции,,,,,,,,,77761.49,394,Раздел 2. Адаптация входной группы ( снаружи),Монтажные работы,,монтажные работы
Ограждение ОГ-4,,,,,,,,,,,,395,Раздел 2. Адаптация входной группы ( снаружи),Монтажные работы,,монтажные работы
39,ТЦ_07.2.05.01_71_9717010827_24.07.2025_02_4.1,"Ограждение с тремя ригелями и двухуровневыми поручнями, горизонтальное, из нержавеющей стали AISI 304, D38 мм, индивидуальное",м,2.12,1.0,2.12,,,16722.9,,35452.55,396,Раздел 2. Адаптация входной группы ( снаружи),Монтажные работы,материалы,монтажные работы
,,(Деревянные конструкции),,,,,,,,,,397,Раздел 2. Адаптация входной группы ( снаружи),Монтажные работы,,монтажные работы
,,"Объем=1,52+0,3*2",,,,,,,,,,398,Раздел 2. Адаптация входной группы ( снаружи),Монтажные работы,,монтажные работы
,,Всего по позиции,,,,,,,,,35452.55,399,Раздел 2. Адаптация входной группы ( снаружи),Монтажные работы,,монтажные работы
Ограждение ОГ-5,,,,,,,,,,,,400,Раздел 2. Адаптация входной группы ( снаружи),Монтажные работы,,монтажные работы
40,ТЦ_07.2.05.01_71_9717010827_24.07.2025_02_4.1,"Ограждение с тремя ригелями и двухуровневыми поручнями, горизонтальное, из нержавеющей стали AISI 304, D38 мм, индивидуальное",м,2.12,1.0,2.12,,,16722.9,,35452.55,401,Раздел 2. Адаптация входной группы ( снаружи),Монтажные работы,материалы,монтажные работы
,,(Деревянные конструкции),,,,,,,,,,402,Раздел 2. Адаптация входной группы ( снаружи),Монтажные работы,,монтажные работы
,,"Объем=1,52+0,3*2",,,,,,,,,,403,Раздел 2. Адаптация входной группы ( снаружи),Монтажные работы,,монтажные работы
,,Всего по позиции,,,,,,,,,35452.55,404,Раздел 2. Адаптация входной группы ( снаружи),Монтажные работы,,монтажные работы
Ограждение ОГ-6,,,,,,,,,,,,405,Раздел 2. Адаптация входной группы ( снаружи),Монтажные работы,,монтажные работы
41,ТЦ_07.2.05.01_71_9717010827_24.07.2025_02_4.1,"Ограждение с тремя ригелями и двухуровневыми поручнями, горизонтальное, из нержавеющей стали AISI 304, D38 мм, индивидуальное",м,15.8,1.0,15.8,,,16722.9,,264221.82,406,Раздел 2. Адаптация входной группы ( снаружи),Монтажные работы,материалы,монтажные работы
,,(Деревянные конструкции),,,,,,,,,,407,Раздел 2. Адаптация входной группы ( снаружи),Монтажные работы,,монтажные работы
,,"Объем=7,85+7,35+0,3*2",,,,,,,,,,408,Раздел 2. Адаптация входной группы ( снаружи),Монтажные работы,,монтажные работы
,,Всего по позиции,,,,,,,,,264221.82,409,Раздел 2. Адаптация входной группы ( снаружи),Монтажные работы,,монтажные работы
Ограждение ОГ-7,,,,,,,,,,,,410,Раздел 2. Адаптация входной группы ( снаружи),Монтажные работы,,монтажные работы
42,ТЦ_07.2.05.01_71_9717010827_24.07.2025_02_4.1,"Ограждение с тремя ригелями и двухуровневыми поручнями, горизонтальное, из нержавеющей стали AISI 304, D38 мм, индивидуальное",м,17.94,1.0,17.94,,,16722.9,,300008.83,411,Раздел 2. Адаптация входной группы ( снаружи),Монтажные работы,материалы,монтажные работы
,,(Деревянные конструкции),,,,,,,,,,412,Раздел 2. Адаптация входной группы ( снаружи),Монтажные работы,,монтажные работы
,,"Объем=7,35+10,29+0,3",,,,,,,,,,413,Раздел 2. Адаптация входной группы ( снаружи),Монтажные работы,,монтажные работы
,,Всего по позиции,,,,,,,,,300008.83,414,Раздел 2. Адаптация входной группы ( снаружи),Монтажные работы,,монтажные работы
Ограждение ОГ-8,,,,,,,,,,,,415,Раздел 2. Адаптация входной группы ( снаружи),Монтажные работы,,монтажные работы
43,ТЦ_07.2.05.01_71_9717010827_24.07.2025_02_4.1,"Ограждение с тремя ригелями и двухуровневыми поручнями, горизонтальное, из нержавеющей стали AISI 304, D38 мм, индивидуальное",м,15.8,1.0,15.8,,,16722.9,,264221.82,416,Раздел 2. Адаптация входной группы ( снаружи),Монтажные работы,материалы,монтажные работы
,,(Деревянные конструкции),,,,,,,,,,417,Раздел 2. Адаптация входной группы ( снаружи),Монтажные работы,,монтажные работы
,,"Объем=7,35+7,85+0,3*2",,,,,,,,,,418,Раздел 2. Адаптация входной группы ( снаружи),Монтажные работы,,монтажные работы
,,Всего по позиции,,,,,,,,,264221.82,419,Раздел 2. Адаптация входной группы ( снаружи),Монтажные работы,,монтажные работы
Ограждение ОГ-9,,,,,,,,,,,,420,Раздел 2. Адаптация входной группы ( снаружи),Монтажные работы,,монтажные работы
44,ТЦ_07.2.05.01_71_9717010827_24.07.2025_02_4.1,"Ограждение с тремя ригелями и двухуровневыми поручнями, горизонтальное, из нержавеющей стали AISI 304, D38 мм, индивидуальное",м,17.94,1.0,17.94,,,16722.9,,300008.83,421,Раздел 2. Адаптация входной группы ( снаружи),Монтажные работы,материалы,монтажные работы
,,(Деревянные конструкции),,,,,,,,,,422,Раздел 2. Адаптация входной группы ( снаружи),Монтажные работы,,монтажные работы
,,"Объем=10,29+7,35+0,3",,,,,,,,,,423,Раздел 2. Адаптация входной группы ( снаружи),Монтажные работы,,монтажные работы
,,Всего по позиции,,,,,,,,,300008.83,424,Раздел 2. Адаптация входной группы ( снаружи),Монтажные работы,,монтажные работы
Ограждение ОГ-11,,,,,,,,,,,,425,Раздел 2. Адаптация входной группы ( снаружи),Монтажные работы,,монтажные работы
45,ТЦ_07.2.05.01_71_9717010827_24.07.2025_02_4.1,"Ограждение с тремя ригелями и двухуровневыми поручнями, горизонтальное, из нержавеющей стали AISI 304, D38 мм, индивидуальное",м,2.12,1.0,2.12,,,16722.9,,35452.55,426,Раздел 2. Адаптация входной группы ( снаружи),Монтажные работы,материалы,монтажные работы
,,(Деревянные конструкции),,,,,,,,,,427,Раздел 2. Адаптация входной группы ( снаружи),Монтажные работы,,монтажные работы
,,"Объем=1,52+0,3*2",,,,,,,,,,428,Раздел 2. Адаптация входной группы ( снаружи),Монтажные работы,,монтажные работы
,,Всего по позиции,,,,,,,,,35452.55,429,Раздел 2. Адаптация входной группы ( снаружи),Монтажные работы,,монтажные работы
46,ТЦ_07.2.05.01_71_7733793240_24.07.2025_02_6.1,Крышка большая ∅86 мм для трубы ∅38 мм,шт,101.0,1.0,101.0,,,58.65,,5923.65,430,Раздел 2. Адаптация входной группы ( снаружи),Монтажные работы,материалы,монтажные работы
,,(Деревянные конструкции),,,,,,,,,,431,Раздел 2. Адаптация входной группы ( снаружи),Монтажные работы,,монтажные работы
,,Объем=2+2+2*3+3+3+20+21+20+21+3,,,,,,,,,,432,Раздел 2. Адаптация входной группы ( снаружи),Монтажные работы,,монтажные работы
,,Всего по позиции,,,,,,,,,5923.65,433,Раздел 2. Адаптация входной группы ( снаружи),Монтажные работы,,монтажные работы
47,ГЭСН46-08-012-01,"Установка анкеров в отверстия глубиной 100 мм с применением составов на цементно-эпоксидной основе, диаметр анкера: до 8 мм",100 шт,1.01,1.0,1.01,,,,,,434,Раздел 2. Адаптация входной группы ( снаружи),Монтажные работы,материалы,монтажные работы
,,Объем=(2+2+2*3+3+3+20+21+20+21+3) / 100,,,,,,,,,,435,Раздел 2. Адаптация входной группы ( снаружи),Монтажные работы,,монтажные работы
,1,ОТ(ЗТ),чел.-ч,,,6.7367,,,,,2343.97,436,Раздел 2. Адаптация входной группы ( снаружи),Монтажные работы,услуги,монтажные работы
,1-100-30,"Средний разряд работы 3,0",чел.-ч,6.67,,6.7367,,,347.94,,2343.97,437,Раздел 2. Адаптация входной группы ( снаружи),Монтажные работы,услуги,монтажные работы
,2,ЭМ,,,,,,,,,31.4,438,Раздел 2. Адаптация входной группы ( снаружи),Монтажные работы,,монтажные работы
,91.18.01-012,"Компрессоры винтовые передвижные с электродвигателем, давление до 0,6 МПа (6 атм), производительность до 3,5 м3/мин",маш.-ч,0.22,,0.2222,99.51,1.42,141.3,,31.4,439,Раздел 2. Адаптация входной группы ( снаружи),Монтажные работы,услуги,монтажные работы
,4,М,,,,,,,,,4.78,440,Раздел 2. Адаптация входной группы ( снаружи),Монтажные работы,,монтажные работы
,01.7.03.04-0001,Электроэнергия,кВт-ч,0.56,,0.5656,,,8.46,,4.78,441,Раздел 2. Адаптация входной группы ( снаружи),Монтажные работы,материалы,монтажные работы
"П,Н",01.7.15.02,Болты анкерные,т,0.0,,0.0,,,,,,442,Раздел 2. Адаптация входной группы ( снаружи),Монтажные работы,материалы,монтажные работы
"П,Н",14.2.05.05,Составы на цементно-эпоксидной основе,кг,0.0,,0.0,,,,,,443,Раздел 2. Адаптация входной группы ( снаружи),Монтажные работы,материалы,монтажные работы
,,Итого прямые затраты,,,,,,,,,2380.15,444,Раздел 2. Адаптация входной группы ( снаружи),Монтажные работы,,монтажные работы
,,ФОТ,,,,,,,,,2343.97,445,Раздел 2. Адаптация входной группы ( снаружи),Монтажные работы,,монтажные работы
,Пр/812-040.1-1,"НР Работы по реконструкции зданий и сооружений: усиление и замена существующих конструкций, возведение отдельных конструктивных элементов",%,103.0,,103.0,,,,,2414.29,446,Раздел 2. Адаптация входной группы ( снаружи),Монтажные работы,,монтажные работы
,Пр/774-040.1,"СП Работы по реконструкции зданий и сооружений: усиление и замена существующих конструкций, возведение отдельных конструктивных элементов",%,59.0,,59.0,,,,,1382.94,447,Раздел 2. Адаптация входной группы ( снаружи),Монтажные работы,,монтажные работы
,,Всего по позиции,,,,,,,6116.22,,6177.38,448,Раздел 2. Адаптация входной группы ( снаружи),Монтажные работы,,монтажные работы
48,ФСБЦ-14.1.06.06-1008,"Капсулы клеевые для химического анкера с наружной резьбой М12, длина капсулы 110 мм",10 шт,10.1,1.0,10.1,1799.4,1.22,2195.27,,22172.23,449,Раздел 2. Адаптация входной группы ( снаружи),Монтажные работы,материалы,монтажные работы
,,"(Работы по реконструкции зданий и сооружений: усиление и замена существующих конструкций, возведение отдельных конструктивных элементов)",,,,,,,,,,450,Раздел 2. Адаптация входной группы ( снаружи),Монтажные работы,,монтажные работы
,,Объем=(2+2+2*3+3+3+20+21+20+21+3) / 10,,,,,,,,,,451,Раздел 2. Адаптация входной группы ( снаружи),Монтажные работы,,монтажные работы
,,Всего по позиции,,,,,,,,,22172.23,452,Раздел 2. Адаптация входной группы ( снаружи),Монтажные работы,,монтажные работы
49,ФСБЦ-01.7.15.01-1571,"Шпильки анкерные стальные оцинкованные для клеевых анкеров в комплекте с гайкой и шайбой, класс прочности 5.8, наружная резьба М8, длина шпильки 110 мм",10 шт,10.1,1.0,10.1,453.42,1.3,589.45,,5953.45,453,Раздел 2. Адаптация входной группы ( снаружи),Монтажные работы,материалы,монтажные работы
,,"(Работы по реконструкции зданий и сооружений: усиление и замена существующих конструкций, возведение отдельных конструктивных элементов)",,,,,,,,,,454,Раздел 2. Адаптация входной группы ( снаружи),Монтажные работы,,монтажные работы
,,Объем=(2+2+2*3+3+3+20+21+20+21+3) / 10,,,,,,,,,,455,Раздел 2. Адаптация входной группы ( снаружи),Монтажные работы,,монтажные работы
,,Всего по позиции,,,,,,,,,5953.45,456,Раздел 2. Адаптация входной группы ( снаружи),Монтажные работы,,монтажные работы
50,ГЭСН11-01-049-01,Укладка металлического накладного профиля (порога),100 м,0.38,1.0,0.38,,,,,,457,Раздел 2. Адаптация входной группы ( снаружи),Монтажные работы,материалы,монтажные работы
,,Объем=(38*1) / 100,,,,,,,,,,458,Раздел 2. Адаптация входной группы ( снаружи),Монтажные работы,,монтажные работы
,1,ОТ(ЗТ),чел.-ч,,,6.3232,,,,,2200.09,459,Раздел 2. Адаптация входной группы ( снаружи),Монтажные работы,услуги,монтажные работы
,1-100-30,"Средний разряд работы 3,0",чел.-ч,16.64,,6.3232,,,347.94,,2200.09,460,Раздел 2. Адаптация входной группы ( снаружи),Монтажные работы,услуги,монтажные работы
,4,М,,,,,,,,,307.15,461,Раздел 2. Адаптация входной группы ( снаружи),Монтажные работы,,монтажные работы
,01.7.03.04-0001,Электроэнергия,кВт-ч,6.876,,2.61288,,,8.46,,22.1,462,Раздел 2. Адаптация входной группы ( снаружи),Монтажные работы,материалы,монтажные работы
,01.7.15.14-0302,"Шурупы самонарезающие стальные с полукруглой головкой и крестообразным шлицем, остроконечные, диаметр 3,5 мм, длина 35 мм",100 шт,6.7,,2.546,88.86,1.26,111.96,,285.05,463,Раздел 2. Адаптация входной группы ( снаружи),Монтажные работы,материалы,монтажные работы
Н,09.2.03.02,Профили стыкоперекрывающие из алюминиевых сплавов (порожки) с покрытием,м,105.0,,39.9,,,,,,464,Раздел 2. Адаптация входной группы ( снаружи),Монтажные работы,материалы,монтажные работы
,,Итого прямые затраты,,,,,,,,,2507.24,465,Раздел 2. Адаптация входной группы ( снаружи),Монтажные работы,,монтажные работы
,,ФОТ,,,,,,,,,2200.09,466,Раздел 2. Адаптация входной группы ( снаружи),Монтажные работы,,монтажные работы
,Пр/812-011.0-1,НР Полы,%,112.0,,112.0,,,,,2464.1,467,Раздел 2. Адаптация входной группы ( снаружи),Монтажные работы,,монтажные работы
,Пр/774-011,СП Полы,%,65.0,,65.0,,,,,1430.06,468,Раздел 2. Адаптация входной группы ( снаружи),Монтажные работы,,монтажные работы
,,Всего по позиции,,,,,,,16845.79,,6401.4,469,Раздел 2. Адаптация входной группы ( снаружи),Монтажные работы,,монтажные работы
51,ФСБЦ-09.2.03.02-0001,"Профиль стыкоперекрывающий из алюминиевых сплавов (порожки) с покрытием и антискользящей вставкой, ширина 39 мм, длина 0,9 м( Прим. Контрастная  угловая накладка на ступени), 1 шт-1м",шт,38.0,1.0,38.0,127.78,1.24,158.45,,6021.1,470,Раздел 2. Адаптация входной группы ( снаружи),Монтажные работы,материалы,монтажные работы
,,(Деревянные конструкции),,,,,,,,,,471,Раздел 2. Адаптация входной группы ( снаружи),Монтажные работы,,монтажные работы
,,Всего по позиции,,,,,,,,,6021.1,472,Раздел 2. Адаптация входной группы ( снаружи),Монтажные работы,,монтажные работы
52,ГЭСН27-04-001-01,Устройство подстилающих и выравнивающих слоев оснований: из песка( толщ 10мм),100 м3,0.002175,1.0,0.002175,,,,,,473,Раздел 2. Адаптация входной группы ( снаружи),Монтажные работы,материалы,монтажные работы
,,"Объем=(0,5*0,5*87*0,010) / 100",,,,,,,,,,474,Раздел 2. Адаптация входной группы ( снаружи),Монтажные работы,,монтажные работы
,1,ОТ(ЗТ),чел.-ч,,,0.03132,,,,,10.26,475,Раздел 2. Адаптация входной группы ( снаружи),Монтажные работы,услуги,монтажные работы
,1-100-23,"Средний разряд работы 2,3",чел.-ч,14.4,,0.03132,,,327.48,,10.26,476,Раздел 2. Адаптация входной группы ( снаружи),Монтажные работы,услуги,монтажные работы
,2,ЭМ,,,,,,,,,74.67,477,Раздел 2. Адаптация входной группы ( снаружи),Монтажные работы,,монтажные работы
,,ОТм(ЗТм),чел.-ч,,,0.0301891,,,,,14.96,478,Раздел 2. Адаптация входной группы ( снаружи),Монтажные работы,услуги,монтажные работы
,91.01.02-004,"Автогрейдеры среднего типа, мощность 99 кВт (135 л.с.)",маш.-ч,1.77,,0.0038498,1933.0,1.32,2551.56,,9.82,479,Раздел 2. Адаптация входной группы ( снаружи),Монтажные работы,услуги,монтажные работы
,4-100-060,ОТм(Зтм) Средний разряд машинистов 6,чел.-ч,1.77,,0.0038498,,,526.3,,2.03,480,Раздел 2. Адаптация входной группы ( снаружи),Монтажные работы,услуги,монтажные работы
,91.06.05-011,"Погрузчики одноковшовые универсальные фронтальные пневмоколесные, номинальная вместимость основного ковша 2,6 м3, грузоподъемность 5 т",маш.-ч,4.29,,0.0093308,,,1591.81,,14.85,481,Раздел 2. Адаптация входной группы ( снаружи),Монтажные работы,услуги,монтажные работы
,4-100-050,ОТм(Зтм) Средний разряд машинистов 5,чел.-ч,4.29,,0.0093308,,,450.28,,4.2,482,Раздел 2. Адаптация входной группы ( снаружи),Монтажные работы,услуги,монтажные работы
,91.08.03-030,"Катки самоходные пневмоколесные статические, масса 30 т",маш.-ч,7.08,,0.015399,2391.6,1.3,3109.08,,47.88,483,Раздел 2. Адаптация входной группы ( снаружи),Монтажные работы,услуги,монтажные работы
,4-100-060,ОТм(Зтм) Средний разряд машинистов 6,чел.-ч,7.08,,0.015399,,,526.3,,8.1,484,Раздел 2. Адаптация входной группы ( снаружи),Монтажные работы,услуги,монтажные работы
,91.13.01-038,"Машины поливомоечные, вместимость цистерны 6 м3",маш.-ч,0.74,,0.0016095,1043.14,1.26,1314.36,,2.12,485,Раздел 2. Адаптация входной группы ( снаружи),Монтажные работы,услуги,монтажные работы
,4-100-040,ОТм(Зтм) Средний разряд машинистов 4,чел.-ч,0.74,,0.0016095,,,391.8,,0.63,486,Раздел 2. Адаптация входной группы ( снаружи),Монтажные работы,услуги,монтажные работы
,4,М,,,,,,,,,0.35,487,Раздел 2. Адаптация входной группы ( снаружи),Монтажные работы,,монтажные работы
,01.7.03.01-0001,Вода,м3,5.0,,0.010875,35.71,0.89,31.78,,0.35,488,Раздел 2. Адаптация входной группы ( снаружи),Монтажные работы,материалы,монтажные работы
"П,Н",02.3.01.02,Песок для строительных работ природный,м3,0.0,,0.0,,,,,,489,Раздел 2. Адаптация входной группы ( снаружи),Монтажные работы,материалы,монтажные работы
,,Итого прямые затраты,,,,,,,,,100.24,490,Раздел 2. Адаптация входной группы ( снаружи),Монтажные работы,,монтажные работы
,,ФОТ,,,,,,,,,25.22,491,Раздел 2. Адаптация входной группы ( снаружи),Монтажные работы,,монтажные работы
,Пр/812-021.0-1,НР Автомобильные дороги,%,147.0,,147.0,,,,,37.07,492,Раздел 2. Адаптация входной группы ( снаружи),Монтажные работы,,монтажные работы
,Пр/774-021,СП Автомобильные дороги,%,134.0,,134.0,,,,,33.79,493,Раздел 2. Адаптация входной группы ( снаружи),Монтажные работы,,монтажные работы
,,Всего по позиции,,,,,,,78666.67,,171.1,494,Раздел 2. Адаптация входной группы ( снаружи),Монтажные работы,,монтажные работы
53,ГЭСН27-07-015-04,"Укладка наземных тактильных плит на слой сухой цементно-песчаной смеси вручную, плита размером: 500х500х80 мм( учтен слой цем-песц смеси толщ.30мм)",10 шт,8.7,1.0,8.7,,,,,,495,Раздел 2. Адаптация входной группы ( снаружи),Монтажные работы,материалы,монтажные работы
,,Объем=87 / 10,,,,,,,,,,496,Раздел 2. Адаптация входной группы ( снаружи),Монтажные работы,,монтажные работы
,1,ОТ(ЗТ),чел.-ч,,,31.755,,,,,10120.64,497,Раздел 2. Адаптация входной группы ( снаружи),Монтажные работы,услуги,монтажные работы
,1-100-20,"Средний разряд работы 2,0",чел.-ч,3.65,,31.755,,,318.71,,10120.64,498,Раздел 2. Адаптация входной группы ( снаружи),Монтажные работы,услуги,монтажные работы
,2,ЭМ,,,,,,,,,4223.1,499,Раздел 2. Адаптация входной группы ( снаружи),Монтажные работы,,монтажные работы
,,ОТм(ЗТм),чел.-ч,,,6.003,,,,,2351.98,500,Раздел 2. Адаптация входной группы ( снаружи),Монтажные работы,услуги,монтажные работы
,91.13.01-038,"Машины поливомоечные, вместимость цистерны 6 м3",маш.-ч,0.09,,0.783,1043.14,1.26,1314.36,,1029.14,501,Раздел 2. Адаптация входной группы ( снаружи),Монтажные работы,услуги,монтажные работы
,4-100-040,ОТм(Зтм) Средний разряд машинистов 4,чел.-ч,0.09,,0.783,,,391.8,,306.78,502,Раздел 2. Адаптация входной группы ( снаружи),Монтажные работы,услуги,монтажные работы
,91.14.02-001,"Автомобили бортовые, грузоподъемность до 5 т",маш.-ч,0.6,,5.22,,,611.87,,3193.96,503,Раздел 2. Адаптация входной группы ( снаружи),Монтажные работы,услуги,монтажные работы
,4-100-040,ОТм(Зтм) Средний разряд машинистов 4,чел.-ч,0.6,,5.22,,,391.8,,2045.2,504,Раздел 2. Адаптация входной группы ( снаружи),Монтажные работы,услуги,монтажные работы
,4,М,,,,,,,,,7.19,505,Раздел 2. Адаптация входной группы ( снаружи),Монтажные работы,,монтажные работы
,01.7.03.01-0001,Вода,м3,0.026,,0.2262,35.71,0.89,31.78,,7.19,506,Раздел 2. Адаптация входной группы ( снаружи),Монтажные работы,материалы,монтажные работы
Н,04.3.02.13,Смеси цементно-песчаные,т,0.145,,1.2615,,,,,,507,Раздел 2. Адаптация входной группы ( снаружи),Монтажные работы,материалы,монтажные работы
Н,05.2.04.04,Плиты бетонные тротуарные тактильные,м2,2.5,,21.75,,,,,,508,Раздел 2. Адаптация входной группы ( снаружи),Монтажные работы,материалы,монтажные работы
,,Итого прямые затраты,,,,,,,,,16702.91,509,Раздел 2. Адаптация входной группы ( снаружи),Монтажные работы,,монтажные работы
,,ФОТ,,,,,,,,,12472.62,510,Раздел 2. Адаптация входной группы ( снаружи),Монтажные работы,,монтажные работы
,Пр/812-021.1-1,"НР Устройство покрытий дорожек, тротуаров, мостовых и площадок и прочее",%,113.0,,113.0,,,,,14094.06,511,Раздел 2. Адаптация входной группы ( снаружи),Монтажные работы,,монтажные работы
,Пр/774-021.1,"СП Устройство покрытий дорожек, тротуаров, мостовых и площадок и прочее",%,77.0,,77.0,,,,,9603.92,512,Раздел 2. Адаптация входной группы ( снаружи),Монтажные работы,,монтажные работы
,,Всего по позиции,,,,,,,4643.78,,40400.89,513,Раздел 2. Адаптация входной группы ( снаружи),Монтажные работы,,монтажные работы
54,ФСБЦ-04.3.02.13-0105,"Смеси сухие цементно-песчаные монтажно-кладочные, крупность заполнителя не более 3,5 мм, класс В15 (М200), F100( расход 2 кг-1мм)",т,0.174,1.0,0.174,5914.25,1.2,7097.1,,1234.9,514,Раздел 2. Адаптация входной группы ( снаружи),Монтажные работы,материалы,монтажные работы
,,"(Устройство покрытий дорожек, тротуаров, мостовых и площадок и прочее)",,,,,,,,,,515,Раздел 2. Адаптация входной группы ( снаружи),Монтажные работы,,монтажные работы
,,"Объем=0,002*87",,,,,,,,,,516,Раздел 2. Адаптация входной группы ( снаружи),Монтажные работы,,монтажные работы
,,Всего по позиции,,,,,,,,,1234.9,517,Раздел 2. Адаптация входной группы ( снаружи),Монтажные работы,,монтажные работы
55,ТЦ_05.2.04.04_71_7100000000_08.09.2025_02_55.1,Плитка бетонная  тактильная 500х500х30,шт,87.0,1.0,87.0,,,880.0,,76560.0,518,Раздел 2. Адаптация входной группы ( снаружи),Монтажные работы,материалы,монтажные работы
,,"(Устройство покрытий дорожек, тротуаров, мостовых и площадок и прочее)",,,,,,,,,,519,Раздел 2. Адаптация входной группы ( снаружи),Монтажные работы,,монтажные работы
,,Всего по позиции,,,,,,,,,76560.0,520,Раздел 2. Адаптация входной группы ( снаружи),Монтажные работы,,монтажные работы
56,ГЭСН09-05-014-02,"Установка номерных табличек: для этажа, подъезда( Прим.)",шт,13.0,1.0,13.0,,,,,,521,Раздел 2. Адаптация входной группы ( снаружи),Монтажные работы,материалы,монтажные работы
,,Объем=1+4+4+4,,,,,,,,,,522,Раздел 2. Адаптация входной группы ( снаружи),Монтажные работы,,монтажные работы
,1,ОТ(ЗТ),чел.-ч,,,6.76,,,,,2352.07,523,Раздел 2. Адаптация входной группы ( снаружи),Монтажные работы,услуги,монтажные работы
,1-100-30,"Средний разряд работы 3,0",чел.-ч,0.52,,6.76,,,347.94,,2352.07,524,Раздел 2. Адаптация входной группы ( снаружи),Монтажные работы,услуги,монтажные работы
,4,М,,,,,,,,,195.05,525,Раздел 2. Адаптация входной группы ( снаружи),Монтажные работы,,монтажные работы
,01.7.15.07-0010,"Дюбели пластмассовые с шурупами, диаметр 10 мм, длина 50-60 мм, диаметр шурупа 6 мм, длина шурупа 50-80 мм",100 шт,0.02,,0.26,595.38,1.26,750.18,,195.05,526,Раздел 2. Адаптация входной группы ( снаружи),Монтажные работы,материалы,монтажные работы
Н,20.3.04.02,"Знаки, таблички",шт,1.0,,13.0,,,,,,527,Раздел 2. Адаптация входной группы ( снаружи),Монтажные работы,материалы,монтажные работы
,,Итого прямые затраты,,,,,,,,,2547.12,528,Раздел 2. Адаптация входной группы ( снаружи),Монтажные работы,,монтажные работы
,,ФОТ,,,,,,,,,2352.07,529,Раздел 2. Адаптация входной группы ( снаружи),Монтажные работы,,монтажные работы
,Пр/812-009.0-1,НР Строительные металлические конструкции,%,93.0,,93.0,,,,,2187.43,530,Раздел 2. Адаптация входной группы ( снаружи),Монтажные работы,,монтажные работы
,Пр/774-009,СП Строительные металлические конструкции,%,62.0,,62.0,,,,,1458.28,531,Раздел 2. Адаптация входной группы ( снаружи),Монтажные работы,,монтажные работы
,,Всего по позиции,,,,,,,476.37,,6192.83,532,Раздел 2. Адаптация входной группы ( снаружи),Монтажные работы,,монтажные работы
57,ТЦ_20.3.04.02_71_6670319178_24.07.2025_02_9.1,Тактильно-звуковая мнемосхема для входной группы. 10360,шт,1.0,1.0,1.0,,,153217.6,,153217.6,533,Раздел 2. Адаптация входной группы ( снаружи),Монтажные работы,материалы,монтажные работы
,,(Материалы),,,,,,,,,,534,Раздел 2. Адаптация входной группы ( снаружи),Монтажные работы,,монтажные работы
,,Всего по позиции,,,,,,,,,153217.6,535,Раздел 2. Адаптация входной группы ( снаружи),Монтажные работы,,монтажные работы
58,ТЦ_20.3.04.02_71_6670319178_24.07.2025_02_10.1,Тактильная пиктограмма СП11 Поворот направления движения 200x200 мм,шт,4.0,1.0,4.0,,,484.5,,1938.0,536,Раздел 2. Адаптация входной группы ( снаружи),Монтажные работы,материалы,монтажные работы
,,(Материалы),,,,,,,,,,537,Раздел 2. Адаптация входной группы ( снаружи),Монтажные работы,,монтажные работы
,,Всего по позиции,,,,,,,,,1938.0,538,Раздел 2. Адаптация входной группы ( снаружи),Монтажные работы,,монтажные работы
59,ТЦ_20.3.04.02_71_6670319178_24.07.2025_02_11.1,Тактильная пиктограмма СП16 Для матерей с детскими колясками 200x200 мм,шт,4.0,1.0,4.0,,,484.5,,1938.0,539,Раздел 2. Адаптация входной группы ( снаружи),Монтажные работы,материалы,монтажные работы
,,(Материалы),,,,,,,,,,540,Раздел 2. Адаптация входной группы ( снаружи),Монтажные работы,,монтажные работы
,,Всего по позиции,,,,,,,,,1938.0,541,Раздел 2. Адаптация входной группы ( снаружи),Монтажные работы,,монтажные работы
60,ТЦ_20.3.04.02_71_6915012732_24.07.2025_02_12.1,"СП-02 Пиктограмма тактильная Доступность для инвалидов в креслах-колясках, монохром",шт,4.0,1.0,4.0,,,712.98,,2851.92,542,Раздел 2. Адаптация входной группы ( снаружи),Монтажные работы,материалы,монтажные работы
,,(Материалы),,,,,,,,,,543,Раздел 2. Адаптация входной группы ( снаружи),Монтажные работы,,монтажные работы
,,Всего по позиции,,,,,,,,,2851.92,544,Раздел 2. Адаптация входной группы ( снаружи),Монтажные работы,,монтажные работы
61,ГЭСНм10-01-039-06,"Реле, ключ, кнопка и др. с подготовкой места установки( кнопка вызова персонала)",шт,1.0,1.0,1.0,,,,,,545,Раздел 2. Адаптация входной группы ( снаружи),Монтажные работы,материалы,монтажные работы
,1,ОТ(ЗТ),чел.-ч,,,2.0,,,,,695.88,546,Раздел 2. Адаптация входной группы ( снаружи),Монтажные работы,услуги,монтажные работы
,1-100-30,"Средний разряд работы 3,0",чел.-ч,2.0,,2.0,,,347.94,,695.88,547,Раздел 2. Адаптация входной группы ( снаружи),Монтажные работы,услуги,монтажные работы
,,Итого прямые затраты,,,,,,,,,695.88,548,Раздел 2. Адаптация входной группы ( снаружи),Монтажные работы,,монтажные работы
61.1,421/пр_2020_п.75_пп.а,Вспомогательные ненормируемые материальные ресурсы,%,2.0,,2.0,,,,,13.92,549,Раздел 2. Адаптация входной группы ( снаружи),Монтажные работы,,монтажные работы
,,ФОТ,,,,,,,,,695.88,550,Раздел 2. Адаптация входной группы ( снаружи),Монтажные работы,,монтажные работы
,Пр/812-051.1-1,НР Прокладка и монтаж сетей связи,%,90.0,,90.0,,,,,626.29,551,Раздел 2. Адаптация входной группы ( снаружи),Монтажные работы,,монтажные работы
,Пр/774-051.1,СП Прокладка и монтаж сетей связи,%,46.0,,46.0,,,,,320.1,552,Раздел 2. Адаптация входной группы ( снаружи),Монтажные работы,,монтажные работы
,,Всего по позиции,,,,,,,1656.19,,1656.19,553,Раздел 2. Адаптация входной группы ( снаружи),Монтажные работы,,монтажные работы
62,ТЦ_62.2.01.00_71_9717010827_24.07.2025_01_1.1,Беспроводная кнопка вызова персонала Call-Hear (CH-100),шт,1.0,1.0,1.0,,,15156.35,,15156.35,554,Раздел 2. Адаптация входной группы ( снаружи),Монтажные работы,материалы,монтажные работы
,,(Прокладка и монтаж сетей связи),,,,,,,,,,555,Раздел 2. Адаптация входной группы ( снаружи),Монтажные работы,,монтажные работы
,,Всего по позиции,,,,,,,,,15156.35,556,Раздел 2. Адаптация входной группы ( снаружи),Монтажные работы,,монтажные работы
63,ГЭСН11-01-038-04,Устройство покрытий из плиток поливинилхлоридных: тактильных размером 300х300 мм на клее,100 шт,0.05,1.0,0.05,,,,,,557,Раздел 2. Адаптация входной группы ( снаружи),Монтажные работы,материалы,монтажные работы
,,Объем=5 / 100,,,,,,,,,,558,Раздел 2. Адаптация входной группы ( снаружи),Монтажные работы,,монтажные работы
,1,ОТ(ЗТ),чел.-ч,,,0.215,,,,,78.58,559,Раздел 2. Адаптация входной группы ( снаружи),Монтажные работы,услуги,монтажные работы
,1-100-34,"Средний разряд работы 3,4",чел.-ч,4.3,,0.215,,,365.49,,78.58,560,Раздел 2. Адаптация входной группы ( снаружи),Монтажные работы,услуги,монтажные работы
,2,ЭМ,,,,,,,,,3.03,561,Раздел 2. Адаптация входной группы ( снаружи),Монтажные работы,,монтажные работы
,,ОТм(ЗТм),чел.-ч,,,0.005,,,,,1.93,562,Раздел 2. Адаптация входной группы ( снаружи),Монтажные работы,услуги,монтажные работы
,91.06.06-048,"Подъемники одномачтовые, грузоподъемность до 500 кг, высота подъема 45 м",маш.-ч,0.01,,0.0005,37.32,1.48,55.23,,0.03,563,Раздел 2. Адаптация входной группы ( снаружи),Монтажные работы,услуги,монтажные работы
,4-100-030,ОТм(Зтм) Средний разряд машинистов 3,чел.-ч,0.01,,0.0005,,,347.94,,0.17,564,Раздел 2. Адаптация входной группы ( снаружи),Монтажные работы,услуги,монтажные работы
,91.14.02-001,"Автомобили бортовые, грузоподъемность до 5 т",маш.-ч,0.09,,0.0045,,,611.87,,2.75,565,Раздел 2. Адаптация входной группы ( снаружи),Монтажные работы,услуги,монтажные работы
,4-100-040,ОТм(Зтм) Средний разряд машинистов 4,чел.-ч,0.09,,0.0045,,,391.8,,1.76,566,Раздел 2. Адаптация входной группы ( снаружи),Монтажные работы,услуги,монтажные работы
,91.21.22-638,"Пылесосы промышленные, мощность до 2000 Вт",маш.-ч,0.5,,0.025,,,9.84,,0.25,567,Раздел 2. Адаптация входной группы ( снаружи),Монтажные работы,услуги,монтажные работы
Н,01.6.03.01,Плитка тактильная поливинилхлоридная,м2,9.14,,0.457,,,,,,568,Раздел 2. Адаптация входной группы ( снаружи),Монтажные работы,материалы,монтажные работы
Н,14.1.02.04,Состав клеящий,кг,2.88,,0.144,,,,,,569,Раздел 2. Адаптация входной группы ( снаружи),Монтажные работы,материалы,монтажные работы
Н,14.4.01.02,Грунтовки на акриловой основе,кг,0.9,,0.045,,,,,,570,Раздел 2. Адаптация входной группы ( снаружи),Монтажные работы,материалы,монтажные работы
,,Итого прямые затраты,,,,,,,,,83.54,571,Раздел 2. Адаптация входной группы ( снаружи),Монтажные работы,,монтажные работы
,,ФОТ,,,,,,,,,80.51,572,Раздел 2. Адаптация входной группы ( снаружи),Монтажные работы,,монтажные работы
,Пр/812-011.0-1,НР Полы,%,112.0,,112.0,,,,,90.17,573,Раздел 2. Адаптация входной группы ( снаружи),Монтажные работы,,монтажные работы
,Пр/774-011,СП Полы,%,65.0,,65.0,,,,,52.33,574,Раздел 2. Адаптация входной группы ( снаружи),Монтажные работы,,монтажные работы
,,Всего по позиции,,,,,,,4520.8,,226.04,575,Раздел 2. Адаптация входной группы ( снаружи),Монтажные работы,,монтажные работы
64,ФСБЦ-14.4.01.02-0012,"Грунтовка укрепляющая, глубокого проникновения, быстросохнущая, паропроницаемая",кг,0.045,1.0,0.045,68.29,1.5,102.44,,4.61,576,Раздел 2. Адаптация входной группы ( снаружи),Монтажные работы,материалы,монтажные работы
,,(Полы),,,,,,,,,,577,Раздел 2. Адаптация входной группы ( снаружи),Монтажные работы,,монтажные работы
,,Всего по позиции,,,,,,,,,4.61,578,Раздел 2. Адаптация входной группы ( снаружи),Монтажные работы,,монтажные работы
65,ФСБЦ-01.6.01.11-0045,"Плитки тактильные из резинополиуретана, размеры 500х500 мм, толщина с учетом высоты тактильных элементов 5 мм( Прим.)",м2,0.457,1.0,0.457,1728.85,1.51,2610.56,,1193.03,579,Раздел 2. Адаптация входной группы ( снаружи),Монтажные работы,материалы,монтажные работы
,,(Полы),,,,,,,,,,580,Раздел 2. Адаптация входной группы ( снаружи),Монтажные работы,,монтажные работы
,,Всего по позиции,,,,,,,,,1193.03,581,Раздел 2. Адаптация входной группы ( снаружи),Монтажные работы,,монтажные работы
66,ФСБЦ-14.2.06.09-1014,"Средство связующее полиуретановое для изготовления изделий из резиновой/каучуковой крошки и устройства высокопрочных эластичных покрытий, вязкость 4,5-6,5 Па*с при температуре +23 °C, плотность 1,06-1,12 г/см3( прим. Двухкомпонентный клей Fixvert-S для монтажа тактильной плитки из нержавеющей стали. Расход 1 кг клея/1м2)",кг,0.45,1.0,0.45,338.36,1.5,507.54,,228.39,582,Раздел 2. Адаптация входной группы ( снаружи),Монтажные работы,материалы,монтажные работы
,,(Полы),,,,,,,,,,583,Раздел 2. Адаптация входной группы ( снаружи),Монтажные работы,,монтажные работы
,,"Объем=0,48*0+0,3*0,3*5*1,0",,,,,,,,,,584,Раздел 2. Адаптация входной группы ( снаружи),Монтажные работы,,монтажные работы
,,Всего по позиции,,,,,,,,,228.39,585,Раздел 2. Адаптация входной группы ( снаружи),Монтажные работы,,монтажные работы
67,ГЭСН09-05-014-02,"Установка номерных табличек: для этажа, подъезда( Прим.)",шт,2.0,1.0,2.0,,,,,,586,Раздел 2. Адаптация входной группы ( снаружи),Монтажные работы,материалы,монтажные работы
,,Объем=1+1,,,,,,,,,,587,Раздел 2. Адаптация входной группы ( снаружи),Монтажные работы,,монтажные работы
,1,ОТ(ЗТ),чел.-ч,,,1.04,,,,,361.86,588,Раздел 2. Адаптация входной группы ( снаружи),Монтажные работы,услуги,монтажные работы
,1-100-30,"Средний разряд работы 3,0",чел.-ч,0.52,,1.04,,,347.94,,361.86,589,Раздел 2. Адаптация входной группы ( снаружи),Монтажные работы,услуги,монтажные работы
,4,М,,,,,,,,,30.01,590,Раздел 2. Адаптация входной группы ( снаружи),Монтажные работы,,монтажные работы
,01.7.15.07-0010,"Дюбели пластмассовые с шурупами, диаметр 10 мм, длина 50-60 мм, диаметр шурупа 6 мм, длина шурупа 50-80 мм",100 шт,0.02,,0.04,595.38,1.26,750.18,,30.01,591,Раздел 2. Адаптация входной группы ( снаружи),Монтажные работы,материалы,монтажные работы
Н,20.3.04.02,"Знаки, таблички",шт,1.0,,2.0,,,,,,592,Раздел 2. Адаптация входной группы ( снаружи),Монтажные работы,материалы,монтажные работы
,,Итого прямые затраты,,,,,,,,,391.87,593,Раздел 2. Адаптация входной группы ( снаружи),Монтажные работы,,монтажные работы
,,ФОТ,,,,,,,,,361.86,594,Раздел 2. Адаптация входной группы ( снаружи),Монтажные работы,,монтажные работы
,Пр/812-009.0-1,НР Строительные металлические конструкции,%,93.0,,93.0,,,,,336.53,595,Раздел 2. Адаптация входной группы ( снаружи),Монтажные работы,,монтажные работы
,Пр/774-009,СП Строительные металлические конструкции,%,62.0,,62.0,,,,,224.35,596,Раздел 2. Адаптация входной группы ( снаружи),Монтажные работы,,монтажные работы
,,Всего по позиции,,,,,,,476.38,,952.75,597,Раздел 2. Адаптация входной группы ( снаружи),Монтажные работы,,монтажные работы
68,ТЦ_20.3.04.02_71_6915012732_28.07.2025_02_29.1,"Пиктограмма с дублированием информации по системе Брайля на наклонной площадке «Доступность объекта для инвалидов по зрению», синяя, 240х180х30 мм",шт,1.0,1.0,1.0,,,1538.16,,1538.16,598,Раздел 2. Адаптация входной группы ( снаружи),Монтажные работы,материалы,монтажные работы
,,(Материалы),,,,,,,,,,599,Раздел 2. Адаптация входной группы ( снаружи),Монтажные работы,,монтажные работы
,,Всего по позиции,,,,,,,,,1538.16,600,Раздел 2. Адаптация входной группы ( снаружи),Монтажные работы,,монтажные работы
69,ТЦ_20.3.04.02_71_6670319178_28.07.2025_02_30.1,Тактильная вывеска ПВХ 400x600 монохром с дублированием шрифтом Брайля,шт,1.0,1.0,1.0,,,2692.8,,2692.8,601,Раздел 2. Адаптация входной группы ( снаружи),Монтажные работы,материалы,монтажные работы
,,(Материалы),,,,,,,,,,602,Раздел 2. Адаптация входной группы ( снаружи),Монтажные работы,,монтажные работы
,,Всего по позиции,,,,,,,,,2692.8,603,Раздел 2. Адаптация входной группы ( снаружи),Монтажные работы,,монтажные работы
70,ГЭСН15-06-005-02,Оклейка предварительно подготовленных поверхностей фотообоями: самоклеящимися( прим.),100 м2,0.000225,1.0,0.000225,,,,,,604,Раздел 2. Адаптация входной группы ( снаружи),Монтажные работы,материалы,монтажные работы
,,"Объем=(0,15*0,15*1) / 100",,,,,,,,,,605,Раздел 2. Адаптация входной группы ( снаружи),Монтажные работы,,монтажные работы
,1,ОТ(ЗТ),чел.-ч,,,0.0087548,,,,,3.43,606,Раздел 2. Адаптация входной группы ( снаружи),Монтажные работы,услуги,монтажные работы
,1-100-40,"Средний разряд работы 4,0",чел.-ч,38.91,,0.0087548,,,391.8,,3.43,607,Раздел 2. Адаптация входной группы ( снаружи),Монтажные работы,услуги,монтажные работы
Н,01.6.02.01,Обои,100 м2,1.1,,0.0002475,,,,,,608,Раздел 2. Адаптация входной группы ( снаружи),Монтажные работы,материалы,монтажные работы
,,Итого прямые затраты,,,,,,,,,3.43,609,Раздел 2. Адаптация входной группы ( снаружи),Монтажные работы,,монтажные работы
,,ФОТ,,,,,,,,,3.43,610,Раздел 2. Адаптация входной группы ( снаружи),Монтажные работы,,монтажные работы
,Пр/812-015.0-1,НР Отделочные работы,%,100.0,,100.0,,,,,3.43,611,Раздел 2. Адаптация входной группы ( снаружи),Монтажные работы,,монтажные работы
,Пр/774-015,СП Отделочные работы,%,49.0,,49.0,,,,,1.68,612,Раздел 2. Адаптация входной группы ( снаружи),Монтажные работы,,монтажные работы
,,Всего по позиции,,,,,,,37955.56,,8.54,613,Раздел 2. Адаптация входной группы ( снаружи),Монтажные работы,,монтажные работы
71,ТЦ_01.7.06.14_71_6915010809_28.07.2025_02_31.1,"G-02 Пиктограмма тактильная Доступность для инвалидов в креслах-колясках, монохром",шт,1.0,1.0,1.0,,,638.52,,638.52,614,Раздел 2. Адаптация входной группы ( снаружи),Монтажные работы,материалы,монтажные работы
,,(Материалы),,,,,,,,,,615,Раздел 2. Адаптация входной группы ( снаружи),Монтажные работы,,монтажные работы
,,Всего по позиции,,,,,,,,,638.52,616,Раздел 2. Адаптация входной группы ( снаружи),Монтажные работы,,монтажные работы
Раздел 3. Адаптация входной группы (внутри),,,,,,,,,,,,618,Раздел 3. Адаптация входной группы (внутри),Монтажные работы,,монтажные работы
Демонтажные работы,,,,,,,,,,,,619,Раздел 3. Адаптация входной группы (внутри),Демонтажные работы,,монтажные работы
72,ГЭСН46-04-012-03,"Разборка деревянных заполнений проемов: дверных и воротных( Демонтаж двери из ПВХ размером 1500мм*2100мм, 1шт, вес 114,7кг)",100 м2,0.0315,1.0,0.0315,,,,,,620,Раздел 3. Адаптация входной группы (внутри),Демонтажные работы,материалы,монтажные работы
,,"Объем=(1,5*2,1*1) / 100",,,,,,,,,,621,Раздел 3. Адаптация входной группы (внутри),Демонтажные работы,,монтажные работы
,1,ОТ(ЗТ),чел.-ч,,,2.871225,,,,,948.65,622,Раздел 3. Адаптация входной группы (внутри),Демонтажные работы,услуги,монтажные работы
,1-100-24,"Средний разряд работы 2,4",чел.-ч,91.15,,2.871225,,,330.4,,948.65,623,Раздел 3. Адаптация входной группы (внутри),Демонтажные работы,услуги,монтажные работы
,2,ЭМ,,,,,,,,,13.47,624,Раздел 3. Адаптация входной группы (внутри),Демонтажные работы,,монтажные работы
,,ОТм(ЗТм),чел.-ч,,,0.24381,,,,,84.83,625,Раздел 3. Адаптация входной группы (внутри),Демонтажные работы,услуги,монтажные работы
,91.06.06-048,"Подъемники одномачтовые, грузоподъемность до 500 кг, высота подъема 45 м",маш.-ч,7.74,,0.24381,37.32,1.48,55.23,,13.47,626,Раздел 3. Адаптация входной группы (внутри),Демонтажные работы,услуги,монтажные работы
,4-100-030,ОТм(Зтм) Средний разряд машинистов 3,чел.-ч,7.74,,0.24381,,,347.94,,84.83,627,Раздел 3. Адаптация входной группы (внутри),Демонтажные работы,услуги,монтажные работы
,,Итого прямые затраты,,,,,,,,,1046.95,628,Раздел 3. Адаптация входной группы (внутри),Демонтажные работы,,монтажные работы
,,ФОТ,,,,,,,,,1033.48,629,Раздел 3. Адаптация входной группы (внутри),Демонтажные работы,,монтажные работы
,Пр/812-040.2-1,"НР Работы по реконструкции зданий и сооружений: разборка отдельных конструктивных элементов здания (сооружения), а также зданий (сооружений) в целом",%,91.0,,91.0,,,,,940.47,630,Раздел 3. Адаптация входной группы (внутри),Демонтажные работы,,монтажные работы
,Пр/774-040.2,"СП Работы по реконструкции зданий и сооружений: разборка отдельных конструктивных элементов здания (сооружения), а также зданий (сооружений) в целом",%,52.0,,52.0,,,,,537.41,631,Раздел 3. Адаптация входной группы (внутри),Демонтажные работы,,монтажные работы
,,Всего по позиции,,,,,,,80153.33,,2524.83,632,Раздел 3. Адаптация входной группы (внутри),Демонтажные работы,,монтажные работы
73,ГЭСНм10-10-004-01,"Стационарные металлодетекторы арочного типа ( Демонтаж, с сохранением), вес 58кг",шт,1.0,1.0,1.0,,,,,,633,Раздел 3. Адаптация входной группы (внутри),Демонтажные работы,материалы,монтажные работы
,648/пр_2022_п.145_т.3_стр.4_стб.3,"Демонтаж оборудования, не пригодного для дальнейшего использования (предназначено в лом), без разборки и резки ОЗП=0,3; ЭМ=0,3 к расх.; ЗПМ=0,3; МАТ=0 к расх.; ТЗ=0,3; ТЗМ=0,3",,,,,,,,,,634,Раздел 3. Адаптация входной группы (внутри),Демонтажные работы,,монтажные работы
,1,ОТ(ЗТ),чел.-ч,,,0.507,,,,,219.4,635,Раздел 3. Адаптация входной группы (внутри),Демонтажные работы,услуги,монтажные работы
,1-100-47,"Средний разряд работы 4,7",чел.-ч,1.69,0.3,0.507,,,432.74,,219.4,636,Раздел 3. Адаптация входной группы (внутри),Демонтажные работы,услуги,монтажные работы
,4,М,,,,,,,,,0.0,637,Раздел 3. Адаптация входной группы (внутри),Демонтажные работы,,монтажные работы
,01.7.03.04-0001,Электроэнергия,кВт-ч,0.6316,0.0,0.0,,,8.46,,0.0,638,Раздел 3. Адаптация входной группы (внутри),Демонтажные работы,материалы,монтажные работы
,,Итого прямые затраты,,,,,,,,,219.4,639,Раздел 3. Адаптация входной группы (внутри),Демонтажные работы,,монтажные работы
73.1,421/пр_2020_п.75_пп.а,Вспомогательные ненормируемые материальные ресурсы,%,2.0,,2.0,,,,0.3,4.39,640,Раздел 3. Адаптация входной группы (внутри),Демонтажные работы,,монтажные работы
,,ФОТ,,,,,,,,,219.4,641,Раздел 3. Адаптация входной группы (внутри),Демонтажные работы,,монтажные работы
,Пр/812-051.1-1,НР Прокладка и монтаж сетей связи,%,90.0,,90.0,,,,,197.46,642,Раздел 3. Адаптация входной группы (внутри),Демонтажные работы,,монтажные работы
,Пр/774-051.1,СП Прокладка и монтаж сетей связи,%,46.0,,46.0,,,,,100.92,643,Раздел 3. Адаптация входной группы (внутри),Демонтажные работы,,монтажные работы
,,Всего по позиции,,,,,,,522.17,,522.17,644,Раздел 3. Адаптация входной группы (внутри),Демонтажные работы,,монтажные работы
Монтажные работы,,,,,,,,,,,,645,Раздел 3. Адаптация входной группы (внутри),Монтажные работы,,монтажные работы
74,ГЭСН10-01-047-02,"Установка блоков из ПВХ в наружных и внутренних дверных проемах: в каменных стенах площадью проема более 3 м2(Прим. дверь Д1 размером 1500мм*2100мм(h), 1шт)",100 м2,0.0315,1.0,0.0315,,,,,,646,Раздел 3. Адаптация входной группы (внутри),Монтажные работы,материалы,монтажные работы
,,"Объем=(1,5*2,1*1) / 100",,,,,,,,,,647,Раздел 3. Адаптация входной группы (внутри),Монтажные работы,,монтажные работы
,1,ОТ(ЗТ),чел.-ч,,,3.860955,,,,,1377.28,648,Раздел 3. Адаптация входной группы (внутри),Монтажные работы,услуги,монтажные работы
,1-100-32,"Средний разряд работы 3,2",чел.-ч,122.57,,3.860955,,,356.72,,1377.28,649,Раздел 3. Адаптация входной группы (внутри),Монтажные работы,услуги,монтажные работы
,2,ЭМ,,,,,,,,,64.12,650,Раздел 3. Адаптация входной группы (внутри),Монтажные работы,,монтажные работы
,,ОТм(ЗТм),чел.-ч,,,0.1197,,,,,46.18,651,Раздел 3. Адаптация входной группы (внутри),Монтажные работы,услуги,монтажные работы
,91.06.06-048,"Подъемники одномачтовые, грузоподъемность до 500 кг, высота подъема 45 м",маш.-ч,0.52,,0.01638,37.32,1.48,55.23,,0.9,652,Раздел 3. Адаптация входной группы (внутри),Монтажные работы,услуги,монтажные работы
,4-100-030,ОТм(Зтм) Средний разряд машинистов 3,чел.-ч,0.52,,0.01638,,,347.94,,5.7,653,Раздел 3. Адаптация входной группы (внутри),Монтажные работы,услуги,монтажные работы
,91.14.02-001,"Автомобили бортовые, грузоподъемность до 5 т",маш.-ч,3.28,,0.10332,,,611.87,,63.22,654,Раздел 3. Адаптация входной группы (внутри),Монтажные работы,услуги,монтажные работы
,4-100-040,ОТм(Зтм) Средний разряд машинистов 4,чел.-ч,3.28,,0.10332,,,391.8,,40.48,655,Раздел 3. Адаптация входной группы (внутри),Монтажные работы,услуги,монтажные работы
,4,М,,,,,,,,,1150.57,656,Раздел 3. Адаптация входной группы (внутри),Монтажные работы,,монтажные работы
,01.7.03.04-0001,Электроэнергия,кВт-ч,11.63,,0.366345,,,8.46,,3.1,657,Раздел 3. Адаптация входной группы (внутри),Монтажные работы,материалы,монтажные работы
,01.7.06.02-0001,"Ленты гидроизоляционные, паропроницаемые бутилкаучуковые, из нетканого материала мембранного типа, с липким покрытием по краям с внутренней стороны и антиадгезионным покрытием, цвет бежевый, ширина 80 мм",м,258.0,,8.127,24.39,1.54,37.56,,305.25,658,Раздел 3. Адаптация входной группы (внутри),Монтажные работы,материалы,монтажные работы
,01.7.06.11-0001,"Ленты предварительно сжатые уплотнительные саморасширяющиеся на основе пенополиуретана, с липким слоем с одной стороны, ширина 10 мм, толщина в сжатом состоянии 4 мм, толщина в расширенном состоянии 20 мм",10 м,15.1,,0.47565,158.82,1.54,244.58,,116.33,659,Раздел 3. Адаптация входной группы (внутри),Монтажные работы,материалы,монтажные работы
,01.7.14.01-0002,"Герметик пенополиуретановый (пена монтажная) универсальный, объем 1000 мл",шт,52.73,,1.660995,241.35,1.23,296.86,,493.08,660,Раздел 3. Адаптация входной группы (внутри),Монтажные работы,материалы,монтажные работы
,01.7.15.07-0005,"Дюбели стальные рамные монтажные, диаметр 10 мм, длина 130 (132) мм",10 шт,31.1,,0.97965,92.73,1.26,116.84,,114.46,661,Раздел 3. Адаптация входной группы (внутри),Монтажные работы,материалы,монтажные работы
,11.3.03.15-0021,Клинья пластиковые монтажные,100 шт,8.0,,0.252,369.8,1.27,469.65,,118.35,662,Раздел 3. Адаптация входной группы (внутри),Монтажные работы,материалы,монтажные работы
Н,11.3.01.02,Блоки дверные входные из поливинилхлоридных профилей,м2,100.0,,3.15,,,,,,663,Раздел 3. Адаптация входной группы (внутри),Монтажные работы,материалы,монтажные работы
,,Итого прямые затраты,,,,,,,,,2638.15,664,Раздел 3. Адаптация входной группы (внутри),Монтажные работы,,монтажные работы
,,ФОТ,,,,,,,,,1423.46,665,Раздел 3. Адаптация входной группы (внутри),Монтажные работы,,монтажные работы
,Пр/812-010.0-1,НР Деревянные конструкции,%,108.0,,108.0,,,,,1537.34,666,Раздел 3. Адаптация входной группы (внутри),Монтажные работы,,монтажные работы
,Пр/774-010,СП Деревянные конструкции,%,55.0,,55.0,,,,,782.9,667,Раздел 3. Адаптация входной группы (внутри),Монтажные работы,,монтажные работы
,,Всего по позиции,,,,,,,157409.21,,4958.39,668,Раздел 3. Адаптация входной группы (внутри),Монтажные работы,,монтажные работы
75,ТЦ_09.4.02.01_71_7100000000_01.09.2025_02_46.1,"Kaleva Aluvet Glass Standart: PD65, размером 1500 x 2100,RAL8019 матовый",шт,1.0,1.0,1.0,,,240763.86,,240763.86,669,Раздел 3. Адаптация входной группы (внутри),Монтажные работы,материалы,монтажные работы
,,(Деревянные конструкции),,,,,,,,,,670,Раздел 3. Адаптация входной группы (внутри),Монтажные работы,,монтажные работы
,,Всего по позиции,,,,,,,,,240763.86,671,Раздел 3. Адаптация входной группы (внутри),Монтажные работы,,монтажные работы
76,ГЭСН10-01-049-02,Установка: дверного доводчика,100 шт,0.01,1.0,0.01,,,,,,672,Раздел 3. Адаптация входной группы (внутри),Монтажные работы,материалы,монтажные работы
,,Объем=1 / 100,,,,,,,,,,673,Раздел 3. Адаптация входной группы (внутри),Монтажные работы,,монтажные работы
,1,ОТ(ЗТ),чел.-ч,,,0.2656,,,,,102.9,674,Раздел 3. Адаптация входной группы (внутри),Монтажные работы,услуги,монтажные работы
,1-100-39,"Средний разряд работы 3,9",чел.-ч,26.56,,0.2656,,,387.42,,102.9,675,Раздел 3. Адаптация входной группы (внутри),Монтажные работы,услуги,монтажные работы
,2,ЭМ,,,,,,,,,1.77,676,Раздел 3. Адаптация входной группы (внутри),Монтажные работы,,монтажные работы
,,ОТм(ЗТм),чел.-ч,,,0.0014,,,,,0.67,677,Раздел 3. Адаптация входной группы (внутри),Монтажные работы,услуги,монтажные работы
,91.05.05-015,"Краны на автомобильном ходу, грузоподъемность 16 т",маш.-ч,0.09,,0.0009,,,1626.46,,1.46,678,Раздел 3. Адаптация входной группы (внутри),Монтажные работы,услуги,монтажные работы
,4-100-060,ОТм(Зтм) Средний разряд машинистов 6,чел.-ч,0.09,,0.0009,,,526.3,,0.47,679,Раздел 3. Адаптация входной группы (внутри),Монтажные работы,услуги,монтажные работы
,91.14.02-001,"Автомобили бортовые, грузоподъемность до 5 т",маш.-ч,0.05,,0.0005,,,611.87,,0.31,680,Раздел 3. Адаптация входной группы (внутри),Монтажные работы,услуги,монтажные работы
,4-100-040,ОТм(Зтм) Средний разряд машинистов 4,чел.-ч,0.05,,0.0005,,,391.8,,0.2,681,Раздел 3. Адаптация входной группы (внутри),Монтажные работы,услуги,монтажные работы
,4,М,,,,,,,,,0.47,682,Раздел 3. Адаптация входной группы (внутри),Монтажные работы,,монтажные работы
,01.7.03.04-0001,Электроэнергия,кВт-ч,5.5,,0.055,,,8.46,,0.47,683,Раздел 3. Адаптация входной группы (внутри),Монтажные работы,материалы,монтажные работы
Н,01.7.04.01,Доводчики дверные,шт,100.0,,1.0,,,,,,684,Раздел 3. Адаптация входной группы (внутри),Монтажные работы,материалы,монтажные работы
,,Итого прямые затраты,,,,,,,,,105.81,685,Раздел 3. Адаптация входной группы (внутри),Монтажные работы,,монтажные работы
,,ФОТ,,,,,,,,,103.57,686,Раздел 3. Адаптация входной группы (внутри),Монтажные работы,,монтажные работы
,Пр/812-010.0-1,НР Деревянные конструкции,%,108.0,,108.0,,,,,111.86,687,Раздел 3. Адаптация входной группы (внутри),Монтажные работы,,монтажные работы
,Пр/774-010,СП Деревянные конструкции,%,55.0,,55.0,,,,,56.96,688,Раздел 3. Адаптация входной группы (внутри),Монтажные работы,,монтажные работы
,,Всего по позиции,,,,,,,27463.0,,274.63,689,Раздел 3. Адаптация входной группы (внутри),Монтажные работы,,монтажные работы
77,ФСБЦ-01.7.04.01-1012,"Доводчик дверной рычажный для распашных дверей шириной до 1100 мм, масса двери до 80 кг(доводчик с усилием открывания 19,5кН*М С фоп 5 СЕКУНД)",шт,1.0,1.0,1.0,1705.98,1.12,1910.7,,1910.7,690,Раздел 3. Адаптация входной группы (внутри),Монтажные работы,материалы,монтажные работы
,,(Деревянные конструкции),,,,,,,,,,691,Раздел 3. Адаптация входной группы (внутри),Монтажные работы,,монтажные работы
,,Всего по позиции,,,,,,,,,1910.7,692,Раздел 3. Адаптация входной группы (внутри),Монтажные работы,,монтажные работы
78,ГЭСН15-06-005-02,Оклейка предварительно подготовленных поверхностей фотообоями: самоклеящимися( прим.),100 м2,0.001256,1.0,0.001256,,,,,,693,Раздел 3. Адаптация входной группы (внутри),Монтажные работы,материалы,монтажные работы
,,"Объем=(3,14*0,1*0,1*4) / 100",,,,,,,,,,694,Раздел 3. Адаптация входной группы (внутри),Монтажные работы,,монтажные работы
,1,ОТ(ЗТ),чел.-ч,,,0.048871,,,,,19.15,695,Раздел 3. Адаптация входной группы (внутри),Монтажные работы,услуги,монтажные работы
,1-100-40,"Средний разряд работы 4,0",чел.-ч,38.91,,0.048871,,,391.8,,19.15,696,Раздел 3. Адаптация входной группы (внутри),Монтажные работы,услуги,монтажные работы
Н,01.6.02.01,Обои,100 м2,1.1,,0.0013816,,,,,,697,Раздел 3. Адаптация входной группы (внутри),Монтажные работы,материалы,монтажные работы
,,Итого прямые затраты,,,,,,,,,19.15,698,Раздел 3. Адаптация входной группы (внутри),Монтажные работы,,монтажные работы
,,ФОТ,,,,,,,,,19.15,699,Раздел 3. Адаптация входной группы (внутри),Монтажные работы,,монтажные работы
,Пр/812-015.0-1,НР Отделочные работы,%,100.0,,100.0,,,,,19.15,700,Раздел 3. Адаптация входной группы (внутри),Монтажные работы,,монтажные работы
,Пр/774-015,СП Отделочные работы,%,49.0,,49.0,,,,,9.38,701,Раздел 3. Адаптация входной группы (внутри),Монтажные работы,,монтажные работы
,,Всего по позиции,,,,,,,37961.78,,47.68,702,Раздел 3. Адаптация входной группы (внутри),Монтажные работы,,монтажные работы
79,ТЦ_01.7.06.14_71_6915010809_28.07.2025_02_28.1,Пиктограмма G-07 Осторожно! Препятствие. На основе полистирола 150x150х4мм,шт,4.0,1.0,4.0,,,452.88,,1811.52,703,Раздел 3. Адаптация входной группы (внутри),Монтажные работы,материалы,монтажные работы
,,(Материалы),,,,,,,,,,704,Раздел 3. Адаптация входной группы (внутри),Монтажные работы,,монтажные работы
,,Всего по позиции,,,,,,,,,1811.52,705,Раздел 3. Адаптация входной группы (внутри),Монтажные работы,,монтажные работы
80,ГЭСН09-05-014-02,"Установка номерных табличек: для этажа, подъезда( Прим.)",шт,2.0,1.0,2.0,,,,,,706,Раздел 3. Адаптация входной группы (внутри),Монтажные работы,материалы,монтажные работы
,,Объем=1+1,,,,,,,,,,707,Раздел 3. Адаптация входной группы (внутри),Монтажные работы,,монтажные работы
,1,ОТ(ЗТ),чел.-ч,,,1.04,,,,,361.86,708,Раздел 3. Адаптация входной группы (внутри),Монтажные работы,услуги,монтажные работы
,1-100-30,"Средний разряд работы 3,0",чел.-ч,0.52,,1.04,,,347.94,,361.86,709,Раздел 3. Адаптация входной группы (внутри),Монтажные работы,услуги,монтажные работы
,4,М,,,,,,,,,30.01,710,Раздел 3. Адаптация входной группы (внутри),Монтажные работы,,монтажные работы
,01.7.15.07-0010,"Дюбели пластмассовые с шурупами, диаметр 10 мм, длина 50-60 мм, диаметр шурупа 6 мм, длина шурупа 50-80 мм",100 шт,0.02,,0.04,595.38,1.26,750.18,,30.01,711,Раздел 3. Адаптация входной группы (внутри),Монтажные работы,материалы,монтажные работы
Н,20.3.04.02,"Знаки, таблички",шт,1.0,,2.0,,,,,,712,Раздел 3. Адаптация входной группы (внутри),Монтажные работы,материалы,монтажные работы
,,Итого прямые затраты,,,,,,,,,391.87,713,Раздел 3. Адаптация входной группы (внутри),Монтажные работы,,монтажные работы
,,ФОТ,,,,,,,,,361.86,714,Раздел 3. Адаптация входной группы (внутри),Монтажные работы,,монтажные работы
,Пр/812-009.0-1,НР Строительные металлические конструкции,%,93.0,,93.0,,,,,336.53,715,Раздел 3. Адаптация входной группы (внутри),Монтажные работы,,монтажные работы
,Пр/774-009,СП Строительные металлические конструкции,%,62.0,,62.0,,,,,224.35,716,Раздел 3. Адаптация входной группы (внутри),Монтажные работы,,монтажные работы
,,Всего по позиции,,,,,,,476.38,,952.75,717,Раздел 3. Адаптация входной группы (внутри),Монтажные работы,,монтажные работы
81,ТЦ_01.7.06.14_71_6915012732_02.08.2025_02_43.1,Тактильно-звуковая мнемосхема для помещения,шт,1.0,1.0,1.0,,,58296.06,,58296.06,718,Раздел 3. Адаптация входной группы (внутри),Монтажные работы,материалы,монтажные работы
,,(Материалы),,,,,,,,,,719,Раздел 3. Адаптация входной группы (внутри),Монтажные работы,,монтажные работы
,,Всего по позиции,,,,,,,,,58296.06,720,Раздел 3. Адаптация входной группы (внутри),Монтажные работы,,монтажные работы
82,ТЦ_01.7.06.14_71_6670319178_02.08.2025_02_52.1,Тактильная пиктограмма СП12 Место для мнемосхемы 150x150 мм,шт,1.0,1.0,1.0,,,272.0,,272.0,721,Раздел 3. Адаптация входной группы (внутри),Монтажные работы,материалы,монтажные работы
,,(Материалы),,,,,,,,,,722,Раздел 3. Адаптация входной группы (внутри),Монтажные работы,,монтажные работы
,,Всего по позиции,,,,,,,,,272.0,723,Раздел 3. Адаптация входной группы (внутри),Монтажные работы,,монтажные работы
83,ГЭСНм08-01-081-04,"Аппарат (кнопка, ключ управления, замок электромагнитной блокировки, звуковой сигнал, сигнальная лампа) управления и сигнализации, количество подключаемых концов до 2: однопроволочного провода (жил кабеля)",100 шт,0.01,1.0,0.01,,,,,,724,Раздел 3. Адаптация входной группы (внутри),Монтажные работы,материалы,монтажные работы
,,Объем=(1*0+1*0+1) / 100,,,,,,,,,,725,Раздел 3. Адаптация входной группы (внутри),Монтажные работы,,монтажные работы
,1,ОТ(ЗТ),чел.-ч,,,0.354,,,,,138.7,726,Раздел 3. Адаптация входной группы (внутри),Монтажные работы,услуги,монтажные работы
,1-100-40,"Средний разряд работы 4,0",чел.-ч,35.4,,0.354,,,391.8,,138.7,727,Раздел 3. Адаптация входной группы (внутри),Монтажные работы,услуги,монтажные работы
,2,ЭМ,,,,,,,,,0.67,728,Раздел 3. Адаптация входной группы (внутри),Монтажные работы,,монтажные работы
,,ОТм(ЗТм),чел.-ч,,,0.0011,,,,,0.43,729,Раздел 3. Адаптация входной группы (внутри),Монтажные работы,услуги,монтажные работы
,91.14.02-001,"Автомобили бортовые, грузоподъемность до 5 т",маш.-ч,0.11,,0.0011,,,611.87,,0.67,730,Раздел 3. Адаптация входной группы (внутри),Монтажные работы,услуги,монтажные работы
,4-100-040,ОТм(Зтм) Средний разряд машинистов 4,чел.-ч,0.11,,0.0011,,,391.8,,0.43,731,Раздел 3. Адаптация входной группы (внутри),Монтажные работы,услуги,монтажные работы
,4,М,,,,,,,,,12.03,732,Раздел 3. Адаптация входной группы (внутри),Монтажные работы,,монтажные работы
,01.7.15.03-0042,Болты с гайками и шайбами строительные,кг,5.98,,0.0598,174.93,1.15,201.17,,12.03,733,Раздел 3. Адаптация входной группы (внутри),Монтажные работы,материалы,монтажные работы
,,Итого прямые затраты,,,,,,,,,151.83,734,Раздел 3. Адаптация входной группы (внутри),Монтажные работы,,монтажные работы
83.1,421/пр_2020_п.75_пп.а,Вспомогательные ненормируемые материальные ресурсы,%,2.0,,2.0,,,,,2.77,735,Раздел 3. Адаптация входной группы (внутри),Монтажные работы,,монтажные работы
,,ФОТ,,,,,,,,,139.13,736,Раздел 3. Адаптация входной группы (внутри),Монтажные работы,,монтажные работы
,Пр/812-049.3-1,НР Электротехнические установки на других объектах,%,97.0,,97.0,,,,,134.96,737,Раздел 3. Адаптация входной группы (внутри),Монтажные работы,,монтажные работы
,Пр/774-049.3,СП Электротехнические установки на других объектах,%,51.0,,51.0,,,,,70.96,738,Раздел 3. Адаптация входной группы (внутри),Монтажные работы,,монтажные работы
,,Всего по позиции,,,,,,,36052.0,,360.52,739,Раздел 3. Адаптация входной группы (внутри),Монтажные работы,,монтажные работы
84,ТЦ_61.2.00.00_71_6670319178_02.08.2025_02_53.1,Приемник сигналов ТИФЛОВЫЗОВ ПС-1999,шт,1.0,1.0,1.0,,,8993.0,,8993.0,740,Раздел 3. Адаптация входной группы (внутри),Монтажные работы,материалы,монтажные работы
,,(Материалы),,,,,,,,,,741,Раздел 3. Адаптация входной группы (внутри),Монтажные работы,,монтажные работы
,,Всего по позиции,,,,,,,,,8993.0,742,Раздел 3. Адаптация входной группы (внутри),Монтажные работы,,монтажные работы
85,ГЭСН11-01-038-05,Устройство покрытий из плиток поливинилхлоридных: тактильных размером 500х500 мм на клее,100 шт,0.2,1.0,0.2,,,,,,743,Раздел 3. Адаптация входной группы (внутри),Монтажные работы,материалы,монтажные работы
,,Объем=20 / 100,,,,,,,,,,744,Раздел 3. Адаптация входной группы (внутри),Монтажные работы,,монтажные работы
,1,ОТ(ЗТ),чел.-ч,,,1.482,,,,,541.66,745,Раздел 3. Адаптация входной группы (внутри),Монтажные работы,услуги,монтажные работы
,1-100-34,"Средний разряд работы 3,4",чел.-ч,7.41,,1.482,,,365.49,,541.66,746,Раздел 3. Адаптация входной группы (внутри),Монтажные работы,услуги,монтажные работы
,2,ЭМ,,,,,,,,,44.62,747,Раздел 3. Адаптация входной группы (внутри),Монтажные работы,,монтажные работы
,,ОТм(ЗТм),чел.-ч,,,0.078,,,,,30.12,748,Раздел 3. Адаптация входной группы (внутри),Монтажные работы,услуги,монтажные работы
,91.06.06-048,"Подъемники одномачтовые, грузоподъемность до 500 кг, высота подъема 45 м",маш.-ч,0.05,,0.01,37.32,1.48,55.23,,0.55,749,Раздел 3. Адаптация входной группы (внутри),Монтажные работы,услуги,монтажные работы
,4-100-030,ОТм(Зтм) Средний разряд машинистов 3,чел.-ч,0.05,,0.01,,,347.94,,3.48,750,Раздел 3. Адаптация входной группы (внутри),Монтажные работы,услуги,монтажные работы
,91.14.02-001,"Автомобили бортовые, грузоподъемность до 5 т",маш.-ч,0.34,,0.068,,,611.87,,41.61,751,Раздел 3. Адаптация входной группы (внутри),Монтажные работы,услуги,монтажные работы
,4-100-040,ОТм(Зтм) Средний разряд машинистов 4,чел.-ч,0.34,,0.068,,,391.8,,26.64,752,Раздел 3. Адаптация входной группы (внутри),Монтажные работы,услуги,монтажные работы
,91.21.22-638,"Пылесосы промышленные, мощность до 2000 Вт",маш.-ч,1.25,,0.25,,,9.84,,2.46,753,Раздел 3. Адаптация входной группы (внутри),Монтажные работы,услуги,монтажные работы
Н,01.6.03.01,Плитка тактильная поливинилхлоридная,м2,25.38,,5.076,,,,,,754,Раздел 3. Адаптация входной группы (внутри),Монтажные работы,материалы,монтажные работы
Н,14.1.02.04,Состав клеящий,кг,8.0,,1.6,,,,,,755,Раздел 3. Адаптация входной группы (внутри),Монтажные работы,материалы,монтажные работы
Н,14.4.01.02,Грунтовки на акриловой основе,кг,2.5,,0.5,,,,,,756,Раздел 3. Адаптация входной группы (внутри),Монтажные работы,материалы,монтажные работы
,,Итого прямые затраты,,,,,,,,,616.4,757,Раздел 3. Адаптация входной группы (внутри),Монтажные работы,,монтажные работы
,,ФОТ,,,,,,,,,571.78,758,Раздел 3. Адаптация входной группы (внутри),Монтажные работы,,монтажные работы
,Пр/812-011.0-1,НР Полы,%,112.0,,112.0,,,,,640.39,759,Раздел 3. Адаптация входной группы (внутри),Монтажные работы,,монтажные работы
,Пр/774-011,СП Полы,%,65.0,,65.0,,,,,371.66,760,Раздел 3. Адаптация входной группы (внутри),Монтажные работы,,монтажные работы
,,Всего по позиции,,,,,,,8142.25,,1628.45,761,Раздел 3. Адаптация входной группы (внутри),Монтажные работы,,монтажные работы
86,ФСБЦ-14.4.01.02-0012,"Грунтовка укрепляющая, глубокого проникновения, быстросохнущая, паропроницаемая",кг,0.5,1.0,0.5,68.29,1.5,102.44,,51.22,762,Раздел 3. Адаптация входной группы (внутри),Монтажные работы,материалы,монтажные работы
,,(Полы),,,,,,,,,,763,Раздел 3. Адаптация входной группы (внутри),Монтажные работы,,монтажные работы
,,Всего по позиции,,,,,,,,,51.22,764,Раздел 3. Адаптация входной группы (внутри),Монтажные работы,,монтажные работы
87,ФСБЦ-01.6.01.11-0045,"Плитки тактильные из резинополиуретана, размеры 500х500 мм, толщина с учетом высоты тактильных элементов 5 мм",м2,5.076,1.0,5.076,1728.85,1.51,2610.56,,13251.2,765,Раздел 3. Адаптация входной группы (внутри),Монтажные работы,материалы,монтажные работы
,,(Полы),,,,,,,,,,766,Раздел 3. Адаптация входной группы (внутри),Монтажные работы,,монтажные работы
,,Всего по позиции,,,,,,,,,13251.2,767,Раздел 3. Адаптация входной группы (внутри),Монтажные работы,,монтажные работы
88,ФСБЦ-14.2.06.09-1014,"Средство связующее полиуретановое для изготовления изделий из резиновой/каучуковой крошки и устройства высокопрочных эластичных покрытий, вязкость 4,5-6,5 Па*с при температуре +23 °C, плотность 1,06-1,12 г/см3( прим. Двухкомпонентный клей Fixvert-S для монтажа тактильной плитки из нержавеющей стали. Расход 1 кг клея/1м2)",кг,5.0,1.0,5.0,338.36,1.5,507.54,,2537.7,768,Раздел 3. Адаптация входной группы (внутри),Монтажные работы,материалы,монтажные работы
,,(Полы),,,,,,,,,,769,Раздел 3. Адаптация входной группы (внутри),Монтажные работы,,монтажные работы
,,"Объем=0,48*0+0,5*0,5*20*1,0",,,,,,,,,,770,Раздел 3. Адаптация входной группы (внутри),Монтажные работы,,монтажные работы
,,Всего по позиции,,,,,,,,,2537.7,771,Раздел 3. Адаптация входной группы (внутри),Монтажные работы,,монтажные работы
89,ГЭСН09-05-014-02,"Установка номерных табличек: для этажа, подъезда( Прим.)",шт,2.0,1.0,2.0,,,,,,772,Раздел 3. Адаптация входной группы (внутри),Монтажные работы,материалы,монтажные работы
,1,ОТ(ЗТ),чел.-ч,,,1.04,,,,,361.86,773,Раздел 3. Адаптация входной группы (внутри),Монтажные работы,услуги,монтажные работы
,1-100-30,"Средний разряд работы 3,0",чел.-ч,0.52,,1.04,,,347.94,,361.86,774,Раздел 3. Адаптация входной группы (внутри),Монтажные работы,услуги,монтажные работы
,4,М,,,,,,,,,30.01,775,Раздел 3. Адаптация входной группы (внутри),Монтажные работы,,монтажные работы
,01.7.15.07-0010,"Дюбели пластмассовые с шурупами, диаметр 10 мм, длина 50-60 мм, диаметр шурупа 6 мм, длина шурупа 50-80 мм",100 шт,0.02,,0.04,595.38,1.26,750.18,,30.01,776,Раздел 3. Адаптация входной группы (внутри),Монтажные работы,материалы,монтажные работы
Н,20.3.04.02,"Знаки, таблички",шт,1.0,,2.0,,,,,,777,Раздел 3. Адаптация входной группы (внутри),Монтажные работы,материалы,монтажные работы
,,Итого прямые затраты,,,,,,,,,391.87,778,Раздел 3. Адаптация входной группы (внутри),Монтажные работы,,монтажные работы
,,ФОТ,,,,,,,,,361.86,779,Раздел 3. Адаптация входной группы (внутри),Монтажные работы,,монтажные работы
,Пр/812-009.0-1,НР Строительные металлические конструкции,%,93.0,,93.0,,,,,336.53,780,Раздел 3. Адаптация входной группы (внутри),Монтажные работы,,монтажные работы
,Пр/774-009,СП Строительные металлические конструкции,%,62.0,,62.0,,,,,224.35,781,Раздел 3. Адаптация входной группы (внутри),Монтажные работы,,монтажные работы
,,Всего по позиции,,,,,,,476.38,,952.75,782,Раздел 3. Адаптация входной группы (внутри),Монтажные работы,,монтажные работы
90,ТЦ_20.3.04.02_71_6670319178_24.07.2025_02_15.1,Тактильная пиктограмма СП10 Выход из здания 150x150 мм,шт,2.0,1.0,2.0,,,272.0,,544.0,783,Раздел 3. Адаптация входной группы (внутри),Монтажные работы,материалы,монтажные работы
,,(Материалы),,,,,,,,,,784,Раздел 3. Адаптация входной группы (внутри),Монтажные работы,,монтажные работы
,,Всего по позиции,,,,,,,,,544.0,785,Раздел 3. Адаптация входной группы (внутри),Монтажные работы,,монтажные работы
91,ГЭСН15-06-005-02,Оклейка предварительно подготовленных поверхностей фотообоями: самоклеящимися( прим.),100 м2,0.00504,1.0,0.00504,,,,,,786,Раздел 3. Адаптация входной группы (внутри),Монтажные работы,материалы,монтажные работы
,,"Объем=(0,1*5,04) / 100",,,,,,,,,,787,Раздел 3. Адаптация входной группы (внутри),Монтажные работы,,монтажные работы
,1,ОТ(ЗТ),чел.-ч,,,0.1961064,,,,,76.83,788,Раздел 3. Адаптация входной группы (внутри),Монтажные работы,услуги,монтажные работы
,1-100-40,"Средний разряд работы 4,0",чел.-ч,38.91,,0.1961064,,,391.8,,76.83,789,Раздел 3. Адаптация входной группы (внутри),Монтажные работы,услуги,монтажные работы
Н,01.6.02.01,Обои,100 м2,1.1,,0.005544,,,,,,790,Раздел 3. Адаптация входной группы (внутри),Монтажные работы,материалы,монтажные работы
,,Итого прямые затраты,,,,,,,,,76.83,791,Раздел 3. Адаптация входной группы (внутри),Монтажные работы,,монтажные работы
,,ФОТ,,,,,,,,,76.83,792,Раздел 3. Адаптация входной группы (внутри),Монтажные работы,,монтажные работы
,Пр/812-015.0-1,НР Отделочные работы,%,100.0,,100.0,,,,,76.83,793,Раздел 3. Адаптация входной группы (внутри),Монтажные работы,,монтажные работы
,Пр/774-015,СП Отделочные работы,%,49.0,,49.0,,,,,37.65,794,Раздел 3. Адаптация входной группы (внутри),Монтажные работы,,монтажные работы
,,Всего по позиции,,,,,,,37958.33,,191.31,795,Раздел 3. Адаптация входной группы (внутри),Монтажные работы,,монтажные работы
92,ТЦ_01.7.06.14_71_6915012732_28.07.2025_02_22.1,"Лента сигнальная для разметки пола, самоклеящаяся, черно-желтого цвета, шириной 100мм, (рулон 30 м)",м,5.04,1.0,5.04,,,26.69,,134.52,796,Раздел 3. Адаптация входной группы (внутри),Монтажные работы,материалы,монтажные работы
,,(Материалы),,,,,,,,,,797,Раздел 3. Адаптация входной группы (внутри),Монтажные работы,,монтажные работы
,,Всего по позиции,,,,,,,,,134.52,798,Раздел 3. Адаптация входной группы (внутри),Монтажные работы,,монтажные работы
93,ГЭСН17-01-002-04,"Установка гарнитуры туалетной: вешалок, подстаканников, поручней для ванн и т.д.(прим.)",10 шт,0.2,1.0,0.2,,,,,,799,Раздел 3. Адаптация входной группы (внутри),Монтажные работы,материалы,монтажные работы
,,Объем=2 / 10,,,,,,,,,,800,Раздел 3. Адаптация входной группы (внутри),Монтажные работы,,монтажные работы
,1,ОТ(ЗТ),чел.-ч,,,0.56,,,,,219.41,801,Раздел 3. Адаптация входной группы (внутри),Монтажные работы,услуги,монтажные работы
,1-100-40,"Средний разряд работы 4,0",чел.-ч,2.8,,0.56,,,391.8,,219.41,802,Раздел 3. Адаптация входной группы (внутри),Монтажные работы,услуги,монтажные работы
,4,М,,,,,,,,,6.7,803,Раздел 3. Адаптация входной группы (внутри),Монтажные работы,,монтажные работы
,01.7.03.04-0001,Электроэнергия,кВт-ч,0.052,,0.0104,,,8.46,,0.09,804,Раздел 3. Адаптация входной группы (внутри),Монтажные работы,материалы,монтажные работы
,01.7.15.07-0022,"Дюбели полиэтиленовые распорные, диаметр 6 мм, длина 40 мм",1000 шт,0.02,,0.004,261.09,1.26,328.97,,1.32,805,Раздел 3. Адаптация входной группы (внутри),Монтажные работы,материалы,монтажные работы
,01.7.15.14-0167,"Шурупы самонарезающие стальные с полукруглой головкой и прямым шлицем, остроконечные, диаметр 5 мм, длина 50 мм",т,0.00014,,2.8e-05,110308.96,1.26,138989.29,,3.89,806,Раздел 3. Адаптация входной группы (внутри),Монтажные работы,материалы,монтажные работы
,08.1.02.11-0001,"Поковки из квадратных заготовок, масса 1,5-4,5 кг",т,0.0001,,2e-05,55898.18,1.25,69872.73,,1.4,807,Раздел 3. Адаптация входной группы (внутри),Монтажные работы,материалы,монтажные работы
Н,18.2.06.04,Гарнитура туалетная,шт,10.0,,2.0,,,,,,808,Раздел 3. Адаптация входной группы (внутри),Монтажные работы,материалы,монтажные работы
,,Итого прямые затраты,,,,,,,,,226.11,809,Раздел 3. Адаптация входной группы (внутри),Монтажные работы,,монтажные работы
,,ФОТ,,,,,,,,,219.41,810,Раздел 3. Адаптация входной группы (внутри),Монтажные работы,,монтажные работы
,Пр/812-016.0-1,"НР Сантехнические работы - внутренние (трубопроводы, водопровод, канализация, отопление, газоснабжение, вентиляция и кондиционирование воздуха)",%,121.0,,121.0,,,,,265.49,811,Раздел 3. Адаптация входной группы (внутри),Монтажные работы,,монтажные работы
,Пр/774-016,"СП Сантехнические работы - внутренние (трубопроводы, водопровод, канализация, отопление, газоснабжение, вентиляция и кондиционирование воздуха)",%,72.0,,72.0,,,,,157.98,812,Раздел 3. Адаптация входной группы (внутри),Монтажные работы,,монтажные работы
,,Всего по позиции,,,,,,,3247.9,,649.58,813,Раздел 3. Адаптация входной группы (внутри),Монтажные работы,,монтажные работы
94,ТЦ_18.2.06.07_71_6915012732_28.07.2025_02_20.1,"Крючок-держатель для костылей и трости, М9, сталь",шт,2.0,1.0,2.0,,,1023.06,,2046.12,814,Раздел 3. Адаптация входной группы (внутри),Монтажные работы,материалы,монтажные работы
,,(Материалы),,,,,,,,,,815,Раздел 3. Адаптация входной группы (внутри),Монтажные работы,,монтажные работы
,,Всего по позиции,,,,,,,,,2046.12,816,Раздел 3. Адаптация входной группы (внутри),Монтажные работы,,монтажные работы
95,ГЭСНм10-01-039-06,"Реле, ключ, кнопка и др. с подготовкой места установки",шт,1.0,1.0,1.0,,,,,,817,Раздел 3. Адаптация входной группы (внутри),Монтажные работы,материалы,монтажные работы
,1,ОТ(ЗТ),чел.-ч,,,2.0,,,,,695.88,818,Раздел 3. Адаптация входной группы (внутри),Монтажные работы,услуги,монтажные работы
,1-100-30,"Средний разряд работы 3,0",чел.-ч,2.0,,2.0,,,347.94,,695.88,819,Раздел 3. Адаптация входной группы (внутри),Монтажные работы,услуги,монтажные работы
,,Итого прямые затраты,,,,,,,,,695.88,820,Раздел 3. Адаптация входной группы (внутри),Монтажные работы,,монтажные работы
95.1,421/пр_2020_п.75_пп.а,Вспомогательные ненормируемые материальные ресурсы,%,2.0,,2.0,,,,,13.92,821,Раздел 3. Адаптация входной группы (внутри),Монтажные работы,,монтажные работы
,,ФОТ,,,,,,,,,695.88,822,Раздел 3. Адаптация входной группы (внутри),Монтажные работы,,монтажные работы
,Пр/812-051.1-1,НР Прокладка и монтаж сетей связи,%,90.0,,90.0,,,,,626.29,823,Раздел 3. Адаптация входной группы (внутри),Монтажные работы,,монтажные работы
,Пр/774-051.1,СП Прокладка и монтаж сетей связи,%,46.0,,46.0,,,,,320.1,824,Раздел 3. Адаптация входной группы (внутри),Монтажные работы,,монтажные работы
,,Всего по позиции,,,,,,,1656.19,,1656.19,825,Раздел 3. Адаптация входной группы (внутри),Монтажные работы,,монтажные работы
96,ТЦ_62.2.01.00_71_9717010827_28.07.2025_02_32.1,Свето-звуковой информатор А200,шт,1.0,1.0,1.0,,,5991.48,,5991.48,826,Раздел 3. Адаптация входной группы (внутри),Монтажные работы,материалы,монтажные работы
,,(Прокладка и монтаж сетей связи),,,,,,,,,,827,Раздел 3. Адаптация входной группы (внутри),Монтажные работы,,монтажные работы
,,Всего по позиции,,,,,,,,,5991.48,828,Раздел 3. Адаптация входной группы (внутри),Монтажные работы,,монтажные работы
97,ГЭСН09-05-014-02,"Установка номерных табличек: для этажа, подъезда( Прим.)",шт,1.0,1.0,1.0,,,,,,829,Раздел 3. Адаптация входной группы (внутри),Монтажные работы,материалы,монтажные работы
,1,ОТ(ЗТ),чел.-ч,,,0.52,,,,,180.93,830,Раздел 3. Адаптация входной группы (внутри),Монтажные работы,услуги,монтажные работы
,1-100-30,"Средний разряд работы 3,0",чел.-ч,0.52,,0.52,,,347.94,,180.93,831,Раздел 3. Адаптация входной группы (внутри),Монтажные работы,услуги,монтажные работы
,4,М,,,,,,,,,15.0,832,Раздел 3. Адаптация входной группы (внутри),Монтажные работы,,монтажные работы
,01.7.15.07-0010,"Дюбели пластмассовые с шурупами, диаметр 10 мм, длина 50-60 мм, диаметр шурупа 6 мм, длина шурупа 50-80 мм",100 шт,0.02,,0.02,595.38,1.26,750.18,,15.0,833,Раздел 3. Адаптация входной группы (внутри),Монтажные работы,материалы,монтажные работы
Н,20.3.04.02,"Знаки, таблички",шт,1.0,,1.0,,,,,,834,Раздел 3. Адаптация входной группы (внутри),Монтажные работы,материалы,монтажные работы
,,Итого прямые затраты,,,,,,,,,195.93,835,Раздел 3. Адаптация входной группы (внутри),Монтажные работы,,монтажные работы
,,ФОТ,,,,,,,,,180.93,836,Раздел 3. Адаптация входной группы (внутри),Монтажные работы,,монтажные работы
,Пр/812-009.0-1,НР Строительные металлические конструкции,%,93.0,,93.0,,,,,168.26,837,Раздел 3. Адаптация входной группы (внутри),Монтажные работы,,монтажные работы
,Пр/774-009,СП Строительные металлические конструкции,%,62.0,,62.0,,,,,112.18,838,Раздел 3. Адаптация входной группы (внутри),Монтажные работы,,монтажные работы
,,Всего по позиции,,,,,,,476.37,,476.37,839,Раздел 3. Адаптация входной группы (внутри),Монтажные работы,,монтажные работы
98,ТЦ_01.7.06.14_71_9717010827_28.07.2025_02_33.1,"Пиктограмма тактильная G-21 Место кратковременного отдыха или ожидания для инвалидов, монохром",шт,1.0,1.0,1.0,,,339.15,,339.15,840,Раздел 3. Адаптация входной группы (внутри),Монтажные работы,материалы,монтажные работы
,,(Материалы),,,,,,,,,,841,Раздел 3. Адаптация входной группы (внутри),Монтажные работы,,монтажные работы
,,Всего по позиции,,,,,,,,,339.15,842,Раздел 3. Адаптация входной группы (внутри),Монтажные работы,,монтажные работы
99,ГЭСНм08-01-081-04,"Аппарат (кнопка, ключ управления, замок электромагнитной блокировки, звуковой сигнал, сигнальная лампа) управления и сигнализации, количество подключаемых концов до 2: однопроволочного провода (жил кабеля)",100 шт,0.01,1.0,0.01,,,,,,843,Раздел 3. Адаптация входной группы (внутри),Монтажные работы,материалы,монтажные работы
,,Объем=1 / 100,,,,,,,,,,844,Раздел 3. Адаптация входной группы (внутри),Монтажные работы,,монтажные работы
,1,ОТ(ЗТ),чел.-ч,,,0.354,,,,,138.7,845,Раздел 3. Адаптация входной группы (внутри),Монтажные работы,услуги,монтажные работы
,1-100-40,"Средний разряд работы 4,0",чел.-ч,35.4,,0.354,,,391.8,,138.7,846,Раздел 3. Адаптация входной группы (внутри),Монтажные работы,услуги,монтажные работы
,2,ЭМ,,,,,,,,,0.67,847,Раздел 3. Адаптация входной группы (внутри),Монтажные работы,,монтажные работы
,,ОТм(ЗТм),чел.-ч,,,0.0011,,,,,0.43,848,Раздел 3. Адаптация входной группы (внутри),Монтажные работы,услуги,монтажные работы
,91.14.02-001,"Автомобили бортовые, грузоподъемность до 5 т",маш.-ч,0.11,,0.0011,,,611.87,,0.67,849,Раздел 3. Адаптация входной группы (внутри),Монтажные работы,услуги,монтажные работы
,4-100-040,ОТм(Зтм) Средний разряд машинистов 4,чел.-ч,0.11,,0.0011,,,391.8,,0.43,850,Раздел 3. Адаптация входной группы (внутри),Монтажные работы,услуги,монтажные работы
,4,М,,,,,,,,,12.03,851,Раздел 3. Адаптация входной группы (внутри),Монтажные работы,,монтажные работы
,01.7.15.03-0042,Болты с гайками и шайбами строительные,кг,5.98,,0.0598,174.93,1.15,201.17,,12.03,852,Раздел 3. Адаптация входной группы (внутри),Монтажные работы,материалы,монтажные работы
,,Итого прямые затраты,,,,,,,,,151.83,853,Раздел 3. Адаптация входной группы (внутри),Монтажные работы,,монтажные работы
99.1,421/пр_2020_п.75_пп.а,Вспомогательные ненормируемые материальные ресурсы,%,2.0,,2.0,,,,,2.77,854,Раздел 3. Адаптация входной группы (внутри),Монтажные работы,,монтажные работы
,,ФОТ,,,,,,,,,139.13,855,Раздел 3. Адаптация входной группы (внутри),Монтажные работы,,монтажные работы
,Пр/812-049.3-1,НР Электротехнические установки на других объектах,%,97.0,,97.0,,,,,134.96,856,Раздел 3. Адаптация входной группы (внутри),Монтажные работы,,монтажные работы
,Пр/774-049.3,СП Электротехнические установки на других объектах,%,51.0,,51.0,,,,,70.96,857,Раздел 3. Адаптация входной группы (внутри),Монтажные работы,,монтажные работы
,,Всего по позиции,,,,,,,36052.0,,360.52,858,Раздел 3. Адаптация входной группы (внутри),Монтажные работы,,монтажные работы
100,ТЦ_61.2.00.00_71_6670319178_02.08.2025_02_34.1,"Портативный цифровой увеличитель ПЦУ-8 (5""). 10165-1",шт,1.0,1.0,1.0,,,29580.0,,29580.0,859,Раздел 3. Адаптация входной группы (внутри),Монтажные работы,материалы,монтажные работы
,,(Материалы),,,,,,,,,,860,Раздел 3. Адаптация входной группы (внутри),Монтажные работы,,монтажные работы
,,Всего по позиции,,,,,,,,,29580.0,861,Раздел 3. Адаптация входной группы (внутри),Монтажные работы,,монтажные работы
Раздел 4. Адаптация конференц залов и библиотеки,,,,,,,,,,,,863,Раздел 4. Адаптация конференц залов и библиотеки,Монтажные работы,,монтажные работы
Монтажные работы,,,,,,,,,,,,864,Раздел 4. Адаптация конференц залов и библиотеки,Монтажные работы,,монтажные работы
101,ГЭСН11-01-038-05,Устройство покрытий из плиток поливинилхлоридных: тактильных размером 500х500 мм на клее,100 шт,0.25,1.0,0.25,,,,,,865,Раздел 4. Адаптация конференц залов и библиотеки,Монтажные работы,материалы,монтажные работы
,,Объем=25 / 100,,,,,,,,,,866,Раздел 4. Адаптация конференц залов и библиотеки,Монтажные работы,,монтажные работы
,1,ОТ(ЗТ),чел.-ч,,,1.8525,,,,,677.07,867,Раздел 4. Адаптация конференц залов и библиотеки,Монтажные работы,услуги,монтажные работы
,1-100-34,"Средний разряд работы 3,4",чел.-ч,7.41,,1.8525,,,365.49,,677.07,868,Раздел 4. Адаптация конференц залов и библиотеки,Монтажные работы,услуги,монтажные работы
,2,ЭМ,,,,,,,,,55.78,869,Раздел 4. Адаптация конференц залов и библиотеки,Монтажные работы,,монтажные работы
,,ОТм(ЗТм),чел.-ч,,,0.0975,,,,,37.65,870,Раздел 4. Адаптация конференц залов и библиотеки,Монтажные работы,услуги,монтажные работы
,91.06.06-048,"Подъемники одномачтовые, грузоподъемность до 500 кг, высота подъема 45 м",маш.-ч,0.05,,0.0125,37.32,1.48,55.23,,0.69,871,Раздел 4. Адаптация конференц залов и библиотеки,Монтажные работы,услуги,монтажные работы
,4-100-030,ОТм(Зтм) Средний разряд машинистов 3,чел.-ч,0.05,,0.0125,,,347.94,,4.35,872,Раздел 4. Адаптация конференц залов и библиотеки,Монтажные работы,услуги,монтажные работы
,91.14.02-001,"Автомобили бортовые, грузоподъемность до 5 т",маш.-ч,0.34,,0.085,,,611.87,,52.01,873,Раздел 4. Адаптация конференц залов и библиотеки,Монтажные работы,услуги,монтажные работы
,4-100-040,ОТм(Зтм) Средний разряд машинистов 4,чел.-ч,0.34,,0.085,,,391.8,,33.3,874,Раздел 4. Адаптация конференц залов и библиотеки,Монтажные работы,услуги,монтажные работы
,91.21.22-638,"Пылесосы промышленные, мощность до 2000 Вт",маш.-ч,1.25,,0.3125,,,9.84,,3.08,875,Раздел 4. Адаптация конференц залов и библиотеки,Монтажные работы,услуги,монтажные работы
Н,01.6.03.01,Плитка тактильная поливинилхлоридная,м2,25.38,,6.345,,,,,,876,Раздел 4. Адаптация конференц залов и библиотеки,Монтажные работы,материалы,монтажные работы
Н,14.1.02.04,Состав клеящий,кг,8.0,,2.0,,,,,,877,Раздел 4. Адаптация конференц залов и библиотеки,Монтажные работы,материалы,монтажные работы
Н,14.4.01.02,Грунтовки на акриловой основе,кг,2.5,,0.625,,,,,,878,Раздел 4. Адаптация конференц залов и библиотеки,Монтажные работы,материалы,монтажные работы
,,Итого прямые затраты,,,,,,,,,770.5,879,Раздел 4. Адаптация конференц залов и библиотеки,Монтажные работы,,монтажные работы
,,ФОТ,,,,,,,,,714.72,880,Раздел 4. Адаптация конференц залов и библиотеки,Монтажные работы,,монтажные работы
,Пр/812-011.0-1,НР Полы,%,112.0,,112.0,,,,,800.49,881,Раздел 4. Адаптация конференц залов и библиотеки,Монтажные работы,,монтажные работы
,Пр/774-011,СП Полы,%,65.0,,65.0,,,,,464.57,882,Раздел 4. Адаптация конференц залов и библиотеки,Монтажные работы,,монтажные работы
,,Всего по позиции,,,,,,,8142.24,,2035.56,883,Раздел 4. Адаптация конференц залов и библиотеки,Монтажные работы,,монтажные работы
102,ФСБЦ-14.4.01.02-0012,"Грунтовка укрепляющая, глубокого проникновения, быстросохнущая, паропроницаемая",кг,0.625,1.0,0.625,68.29,1.5,102.44,,64.03,884,Раздел 4. Адаптация конференц залов и библиотеки,Монтажные работы,материалы,монтажные работы
,,(Полы),,,,,,,,,,885,Раздел 4. Адаптация конференц залов и библиотеки,Монтажные работы,,монтажные работы
,,Всего по позиции,,,,,,,,,64.03,886,Раздел 4. Адаптация конференц залов и библиотеки,Монтажные работы,,монтажные работы
103,ФСБЦ-01.6.01.11-0045,"Плитки тактильные из резинополиуретана, размеры 500х500 мм, толщина с учетом высоты тактильных элементов 5 мм",м2,6.345,1.0,6.345,1728.85,1.51,2610.56,,16564.0,887,Раздел 4. Адаптация конференц залов и библиотеки,Монтажные работы,материалы,монтажные работы
,,(Полы),,,,,,,,,,888,Раздел 4. Адаптация конференц залов и библиотеки,Монтажные работы,,монтажные работы
,,Всего по позиции,,,,,,,,,16564.0,889,Раздел 4. Адаптация конференц залов и библиотеки,Монтажные работы,,монтажные работы
104,ФСБЦ-14.2.06.09-1014,"Средство связующее полиуретановое для изготовления изделий из резиновой/каучуковой крошки и устройства высокопрочных эластичных покрытий, вязкость 4,5-6,5 Па*с при температуре +23 °C, плотность 1,06-1,12 г/см3( прим. Двухкомпонентный клей Fixvert-S для монтажа тактильной плитки из нержавеющей стали. Расход 1 кг клея/1м2)",кг,6.25,1.0,6.25,338.36,1.5,507.54,,3172.13,890,Раздел 4. Адаптация конференц залов и библиотеки,Монтажные работы,материалы,монтажные работы
,,(Полы),,,,,,,,,,891,Раздел 4. Адаптация конференц залов и библиотеки,Монтажные работы,,монтажные работы
,,"Объем=0,48*0+0,5*0,5*25*1,0",,,,,,,,,,892,Раздел 4. Адаптация конференц залов и библиотеки,Монтажные работы,,монтажные работы
,,Всего по позиции,,,,,,,,,3172.13,893,Раздел 4. Адаптация конференц залов и библиотеки,Монтажные работы,,монтажные работы
105,ГЭСНм11-04-002-01,"Аппарат настольный, масса: до 0,015 т",шт,3.0,1.0,3.0,,,,,,894,Раздел 4. Адаптация конференц залов и библиотеки,Монтажные работы,материалы,монтажные работы
,1,ОТ(ЗТ),чел.-ч,,,3.09,,,,,1075.13,895,Раздел 4. Адаптация конференц залов и библиотеки,Монтажные работы,услуги,монтажные работы
,1-100-30,"Средний разряд работы 3,0",чел.-ч,1.03,,3.09,,,347.94,,1075.13,896,Раздел 4. Адаптация конференц залов и библиотеки,Монтажные работы,услуги,монтажные работы
,2,ЭМ,,,,,,,,,293.7,897,Раздел 4. Адаптация конференц залов и библиотеки,Монтажные работы,,монтажные работы
,,ОТм(ЗТм),чел.-ч,,,0.48,,,,,188.06,898,Раздел 4. Адаптация конференц залов и библиотеки,Монтажные работы,услуги,монтажные работы
,91.14.02-001,"Автомобили бортовые, грузоподъемность до 5 т",маш.-ч,0.16,,0.48,,,611.87,,293.7,899,Раздел 4. Адаптация конференц залов и библиотеки,Монтажные работы,услуги,монтажные работы
,4-100-040,ОТм(Зтм) Средний разряд машинистов 4,чел.-ч,0.16,,0.48,,,391.8,,188.06,900,Раздел 4. Адаптация конференц залов и библиотеки,Монтажные работы,услуги,монтажные работы
,,Итого прямые затраты,,,,,,,,,1556.89,901,Раздел 4. Адаптация конференц залов и библиотеки,Монтажные работы,,монтажные работы
105.1,421/пр_2020_п.75_пп.а,Вспомогательные ненормируемые материальные ресурсы,%,2.0,,2.0,,,,,21.5,902,Раздел 4. Адаптация конференц залов и библиотеки,Монтажные работы,,монтажные работы
,,ФОТ,,,,,,,,,1263.19,903,Раздел 4. Адаптация конференц залов и библиотеки,Монтажные работы,,монтажные работы
,Пр/812-053.0-1,"НР Приборы, средства автоматизации и вычислительной техники",%,90.0,,90.0,,,,,1136.87,904,Раздел 4. Адаптация конференц залов и библиотеки,Монтажные работы,,монтажные работы
,Пр/774-053,"СП Приборы, средства автоматизации и вычислительной техники",%,46.0,,46.0,,,,,581.07,905,Раздел 4. Адаптация конференц залов и библиотеки,Монтажные работы,,монтажные работы
,,Всего по позиции,,,,,,,1098.78,,3296.33,906,Раздел 4. Адаптация конференц залов и библиотеки,Монтажные работы,,монтажные работы
"106
О",ТЦ_89.1.00.00_71_6915012732_02.08.2025_02_54.1,"Портативная индукционная система ""VERT-1a""",шт,3.0,1.0,3.0,,,14288.43,,42865.29,907,Раздел 4. Адаптация конференц залов и библиотеки,Монтажные работы,материалы,монтажные работы
,,(Оборудование),,,,,,,,,,908,Раздел 4. Адаптация конференц залов и библиотеки,Монтажные работы,,монтажные работы
,,Всего по позиции,,,,,,,,,42865.29,909,Раздел 4. Адаптация конференц залов и библиотеки,Монтажные работы,,монтажные работы
107,ГЭСН09-05-014-02,"Установка номерных табличек: для этажа, подъезда( Прим.)",шт,14.0,1.0,14.0,,,,,,910,Раздел 4. Адаптация конференц залов и библиотеки,Монтажные работы,материалы,монтажные работы
,,Объем=5+5+4,,,,,,,,,,911,Раздел 4. Адаптация конференц залов и библиотеки,Монтажные работы,,монтажные работы
,1,ОТ(ЗТ),чел.-ч,,,7.28,,,,,2533.0,912,Раздел 4. Адаптация конференц залов и библиотеки,Монтажные работы,услуги,монтажные работы
,1-100-30,"Средний разряд работы 3,0",чел.-ч,0.52,,7.28,,,347.94,,2533.0,913,Раздел 4. Адаптация конференц залов и библиотеки,Монтажные работы,услуги,монтажные работы
,4,М,,,,,,,,,210.05,914,Раздел 4. Адаптация конференц залов и библиотеки,Монтажные работы,,монтажные работы
,01.7.15.07-0010,"Дюбели пластмассовые с шурупами, диаметр 10 мм, длина 50-60 мм, диаметр шурупа 6 мм, длина шурупа 50-80 мм",100 шт,0.02,,0.28,595.38,1.26,750.18,,210.05,915,Раздел 4. Адаптация конференц залов и библиотеки,Монтажные работы,материалы,монтажные работы
Н,20.3.04.02,"Знаки, таблички",шт,1.0,,14.0,,,,,,916,Раздел 4. Адаптация конференц залов и библиотеки,Монтажные работы,материалы,монтажные работы
,,Итого прямые затраты,,,,,,,,,2743.05,917,Раздел 4. Адаптация конференц залов и библиотеки,Монтажные работы,,монтажные работы
,,ФОТ,,,,,,,,,2533.0,918,Раздел 4. Адаптация конференц залов и библиотеки,Монтажные работы,,монтажные работы
,Пр/812-009.0-1,НР Строительные металлические конструкции,%,93.0,,93.0,,,,,2355.69,919,Раздел 4. Адаптация конференц залов и библиотеки,Монтажные работы,,монтажные работы
,Пр/774-009,СП Строительные металлические конструкции,%,62.0,,62.0,,,,,1570.46,920,Раздел 4. Адаптация конференц залов и библиотеки,Монтажные работы,,монтажные работы
,,Всего по позиции,,,,,,,476.37,,6669.2,921,Раздел 4. Адаптация конференц залов и библиотеки,Монтажные работы,,монтажные работы
108,ТЦ_20.3.04.02_71_6670319178_28.07.2025_02_26.1,Тактильная пиктограмма СП9 Вход в здание 150x150 мм,шт,5.0,1.0,5.0,,,272.0,,1360.0,922,Раздел 4. Адаптация конференц залов и библиотеки,Монтажные работы,материалы,монтажные работы
,,(Материалы),,,,,,,,,,923,Раздел 4. Адаптация конференц залов и библиотеки,Монтажные работы,,монтажные работы
,,Всего по позиции,,,,,,,,,1360.0,924,Раздел 4. Адаптация конференц залов и библиотеки,Монтажные работы,,монтажные работы
109,ТЦ_20.3.04.02_71_6670319178_02.08.2025_02_55.1,Комплексная тактильная табличка азбукой Брайля ПВХ 150x300 мм,шт,5.0,1.0,5.0,,,765.0,,3825.0,925,Раздел 4. Адаптация конференц залов и библиотеки,Монтажные работы,материалы,монтажные работы
,,(Материалы),,,,,,,,,,926,Раздел 4. Адаптация конференц залов и библиотеки,Монтажные работы,,монтажные работы
,,Всего по позиции,,,,,,,,,3825.0,927,Раздел 4. Адаптация конференц залов и библиотеки,Монтажные работы,,монтажные работы
110,ТЦ_20.3.04.02_71_6670319178_24.07.2025_02_15.1,Тактильная пиктограмма СП10 Выход из здания 150x150 мм,шт,4.0,1.0,4.0,,,272.0,,1088.0,928,Раздел 4. Адаптация конференц залов и библиотеки,Монтажные работы,материалы,монтажные работы
,,(Материалы),,,,,,,,,,929,Раздел 4. Адаптация конференц залов и библиотеки,Монтажные работы,,монтажные работы
,,Всего по позиции,,,,,,,,,1088.0,930,Раздел 4. Адаптация конференц залов и библиотеки,Монтажные работы,,монтажные работы
111,ГЭСН15-06-005-02,Оклейка предварительно подготовленных поверхностей фотообоями: самоклеящимися( прим.),100 м2,0.013612,1.0,0.013612,,,,,,931,Раздел 4. Адаптация конференц залов и библиотеки,Монтажные работы,материалы,монтажные работы
,,"Объем=(3,14*0,1*0,1*8+5,04*0,1+10,32*0,05+0,15*0,15*4) / 100",,,,,,,,,,932,Раздел 4. Адаптация конференц залов и библиотеки,Монтажные работы,,монтажные работы
,1,ОТ(ЗТ),чел.-ч,,,0.5296429,,,,,207.51,933,Раздел 4. Адаптация конференц залов и библиотеки,Монтажные работы,услуги,монтажные работы
,1-100-40,"Средний разряд работы 4,0",чел.-ч,38.91,,0.5296429,,,391.8,,207.51,934,Раздел 4. Адаптация конференц залов и библиотеки,Монтажные работы,услуги,монтажные работы
Н,01.6.02.01,Обои,100 м2,1.1,,0.0149732,,,,,,935,Раздел 4. Адаптация конференц залов и библиотеки,Монтажные работы,материалы,монтажные работы
,,Итого прямые затраты,,,,,,,,,207.51,936,Раздел 4. Адаптация конференц залов и библиотеки,Монтажные работы,,монтажные работы
,,ФОТ,,,,,,,,,207.51,937,Раздел 4. Адаптация конференц залов и библиотеки,Монтажные работы,,монтажные работы
,Пр/812-015.0-1,НР Отделочные работы,%,100.0,,100.0,,,,,207.51,938,Раздел 4. Адаптация конференц залов и библиотеки,Монтажные работы,,монтажные работы
,Пр/774-015,СП Отделочные работы,%,49.0,,49.0,,,,,101.68,939,Раздел 4. Адаптация конференц залов и библиотеки,Монтажные работы,,монтажные работы
,,Всего по позиции,,,,,,,37959.15,,516.7,940,Раздел 4. Адаптация конференц залов и библиотеки,Монтажные работы,,монтажные работы
112,ТЦ_01.7.06.14_71_6915010809_28.07.2025_02_28.1,Пиктограмма G-07 Осторожно! Препятствие. На основе полистирола 150x150х4мм,шт,4.0,1.0,4.0,,,452.88,,1811.52,941,Раздел 4. Адаптация конференц залов и библиотеки,Монтажные работы,материалы,монтажные работы
,,(Материалы),,,,,,,,,,942,Раздел 4. Адаптация конференц залов и библиотеки,Монтажные работы,,монтажные работы
,,Всего по позиции,,,,,,,,,1811.52,943,Раздел 4. Адаптация конференц залов и библиотеки,Монтажные работы,,монтажные работы
113,ТЦ_01.7.06.14_71_6915012732_28.07.2025_02_22.1,"Лента сигнальная для разметки пола, самоклеящаяся, черно-желтого цвета, шириной 100мм, (рулон 30 м)",м,5.04,1.0,5.04,,,26.69,,134.52,944,Раздел 4. Адаптация конференц залов и библиотеки,Монтажные работы,материалы,монтажные работы
,,(Материалы),,,,,,,,,,945,Раздел 4. Адаптация конференц залов и библиотеки,Монтажные работы,,монтажные работы
,,Всего по позиции,,,,,,,,,134.52,946,Раздел 4. Адаптация конференц залов и библиотеки,Монтажные работы,,монтажные работы
114,ТЦ_01.7.06.14_71_9717010827_28.07.2025_02_35.1,"Лента сигнальная для маркировки пола и дверных проёмов, самоклеящаяся, желтого цвета, шириной 50мм, (рулон 30 м)",м,10.32,1.0,10.32,,,17.03,,175.75,947,Раздел 4. Адаптация конференц залов и библиотеки,Монтажные работы,материалы,монтажные работы
,,(Материалы),,,,,,,,,,948,Раздел 4. Адаптация конференц залов и библиотеки,Монтажные работы,,монтажные работы
,,Всего по позиции,,,,,,,,,175.75,949,Раздел 4. Адаптация конференц залов и библиотеки,Монтажные работы,,монтажные работы
115,ТЦ_01.7.06.14_71_6670319178_28.07.2025_02_36.1,Тактильная пиктограмма G03 Для инвалидов по слуху 150x150 мм,шт,4.0,1.0,4.0,,,272.0,,1088.0,950,Раздел 4. Адаптация конференц залов и библиотеки,Монтажные работы,материалы,монтажные работы
,,(Материалы),,,,,,,,,,951,Раздел 4. Адаптация конференц залов и библиотеки,Монтажные работы,,монтажные работы
,,Всего по позиции,,,,,,,,,1088.0,952,Раздел 4. Адаптация конференц залов и библиотеки,Монтажные работы,,монтажные работы
Раздел 5. Адаптация лестничного узла,,,,,,,,,,,,954,Раздел 5. Адаптация лестничного узла,Монтажные работы,,монтажные работы
Монтажные работы,,,,,,,,,,,,955,Раздел 5. Адаптация лестничного узла,Монтажные работы,,монтажные работы
116,ГЭСН11-01-038-05,Устройство покрытий из плиток поливинилхлоридных: тактильных размером 500х500 мм на клее,100 шт,0.5,1.0,0.5,,,,,,956,Раздел 5. Адаптация лестничного узла,Монтажные работы,материалы,монтажные работы
,,Объем=50 / 100,,,,,,,,,,957,Раздел 5. Адаптация лестничного узла,Монтажные работы,,монтажные работы
,1,ОТ(ЗТ),чел.-ч,,,3.705,,,,,1354.14,958,Раздел 5. Адаптация лестничного узла,Монтажные работы,услуги,монтажные работы
,1-100-34,"Средний разряд работы 3,4",чел.-ч,7.41,,3.705,,,365.49,,1354.14,959,Раздел 5. Адаптация лестничного узла,Монтажные работы,услуги,монтажные работы
,2,ЭМ,,,,,,,,,111.55,960,Раздел 5. Адаптация лестничного узла,Монтажные работы,,монтажные работы
,,ОТм(ЗТм),чел.-ч,,,0.195,,,,,75.31,961,Раздел 5. Адаптация лестничного узла,Монтажные работы,услуги,монтажные работы
,91.06.06-048,"Подъемники одномачтовые, грузоподъемность до 500 кг, высота подъема 45 м",маш.-ч,0.05,,0.025,37.32,1.48,55.23,,1.38,962,Раздел 5. Адаптация лестничного узла,Монтажные работы,услуги,монтажные работы
,4-100-030,ОТм(Зтм) Средний разряд машинистов 3,чел.-ч,0.05,,0.025,,,347.94,,8.7,963,Раздел 5. Адаптация лестничного узла,Монтажные работы,услуги,монтажные работы
,91.14.02-001,"Автомобили бортовые, грузоподъемность до 5 т",маш.-ч,0.34,,0.17,,,611.87,,104.02,964,Раздел 5. Адаптация лестничного узла,Монтажные работы,услуги,монтажные работы
,4-100-040,ОТм(Зтм) Средний разряд машинистов 4,чел.-ч,0.34,,0.17,,,391.8,,66.61,965,Раздел 5. Адаптация лестничного узла,Монтажные работы,услуги,монтажные работы
,91.21.22-638,"Пылесосы промышленные, мощность до 2000 Вт",маш.-ч,1.25,,0.625,,,9.84,,6.15,966,Раздел 5. Адаптация лестничного узла,Монтажные работы,услуги,монтажные работы
Н,01.6.03.01,Плитка тактильная поливинилхлоридная,м2,25.38,,12.69,,,,,,967,Раздел 5. Адаптация лестничного узла,Монтажные работы,материалы,монтажные работы
Н,14.1.02.04,Состав клеящий,кг,8.0,,4.0,,,,,,968,Раздел 5. Адаптация лестничного узла,Монтажные работы,материалы,монтажные работы
Н,14.4.01.02,Грунтовки на акриловой основе,кг,2.5,,1.25,,,,,,969,Раздел 5. Адаптация лестничного узла,Монтажные работы,материалы,монтажные работы
,,Итого прямые затраты,,,,,,,,,1541.0,970,Раздел 5. Адаптация лестничного узла,Монтажные работы,,монтажные работы
,,ФОТ,,,,,,,,,1429.45,971,Раздел 5. Адаптация лестничного узла,Монтажные работы,,монтажные работы
,Пр/812-011.0-1,НР Полы,%,112.0,,112.0,,,,,1600.98,972,Раздел 5. Адаптация лестничного узла,Монтажные работы,,монтажные работы
,Пр/774-011,СП Полы,%,65.0,,65.0,,,,,929.14,973,Раздел 5. Адаптация лестничного узла,Монтажные работы,,монтажные работы
,,Всего по позиции,,,,,,,8142.24,,4071.12,974,Раздел 5. Адаптация лестничного узла,Монтажные работы,,монтажные работы
117,ФСБЦ-14.4.01.02-0012,"Грунтовка укрепляющая, глубокого проникновения, быстросохнущая, паропроницаемая",кг,1.25,1.0,1.25,68.29,1.5,102.44,,128.05,975,Раздел 5. Адаптация лестничного узла,Монтажные работы,материалы,монтажные работы
,,(Полы),,,,,,,,,,976,Раздел 5. Адаптация лестничного узла,Монтажные работы,,монтажные работы
,,Всего по позиции,,,,,,,,,128.05,977,Раздел 5. Адаптация лестничного узла,Монтажные работы,,монтажные работы
118,ФСБЦ-01.6.01.11-0045,"Плитки тактильные из резинополиуретана, размеры 500х500 мм, толщина с учетом высоты тактильных элементов 5 мм",м2,12.69,1.0,12.69,1728.85,1.51,2610.56,,33128.01,978,Раздел 5. Адаптация лестничного узла,Монтажные работы,материалы,монтажные работы
,,(Полы),,,,,,,,,,979,Раздел 5. Адаптация лестничного узла,Монтажные работы,,монтажные работы
,,Всего по позиции,,,,,,,,,33128.01,980,Раздел 5. Адаптация лестничного узла,Монтажные работы,,монтажные работы
119,ФСБЦ-14.2.06.09-1014,"Средство связующее полиуретановое для изготовления изделий из резиновой/каучуковой крошки и устройства высокопрочных эластичных покрытий, вязкость 4,5-6,5 Па*с при температуре +23 °C, плотность 1,06-1,12 г/см3( прим. Двухкомпонентный клей Fixvert-S для монтажа тактильной плитки из нержавеющей стали. Расход 1 кг клея/1м2)",кг,12.5,1.0,12.5,338.36,1.5,507.54,,6344.25,981,Раздел 5. Адаптация лестничного узла,Монтажные работы,материалы,монтажные работы
,,(Полы),,,,,,,,,,982,Раздел 5. Адаптация лестничного узла,Монтажные работы,,монтажные работы
,,"Объем=0,48*0+0,5*0,5*50*1,0",,,,,,,,,,983,Раздел 5. Адаптация лестничного узла,Монтажные работы,,монтажные работы
,,Всего по позиции,,,,,,,,,6344.25,984,Раздел 5. Адаптация лестничного узла,Монтажные работы,,монтажные работы
120,ГЭСН07-05-016-04,"Устройство металлических ограждений: без поручней (прим.установка ограждений из нержавейки: 2-х уровневый поручень ОГ10-2 шт, ОГ18-4 шт)",100 м,0.2822,1.0,0.2822,,,,,,985,Раздел 5. Адаптация лестничного узла,Монтажные работы,материалы,монтажные работы
,,"Объем=(9,02+19,2) / 100",,,,,,,,,,986,Раздел 5. Адаптация лестничного узла,Монтажные работы,,монтажные работы
,1,ОТ(ЗТ),чел.-ч,,,11.7113,,,,,4485.78,987,Раздел 5. Адаптация лестничного узла,Монтажные работы,услуги,монтажные работы
,1-100-38,"Средний разряд работы 3,8",чел.-ч,41.5,,11.7113,,,383.03,,4485.78,988,Раздел 5. Адаптация лестничного узла,Монтажные работы,услуги,монтажные работы
,2,ЭМ,,,,,,,,,452.3,989,Раздел 5. Адаптация лестничного узла,Монтажные работы,,монтажные работы
,,ОТм(ЗТм),чел.-ч,,,0.730898,,,,,281.66,990,Раздел 5. Адаптация лестничного узла,Монтажные работы,услуги,монтажные работы
,91.06.06-048,"Подъемники одномачтовые, грузоподъемность до 500 кг, высота подъема 45 м",маш.-ч,0.38,,0.107236,37.32,1.48,55.23,,5.92,991,Раздел 5. Адаптация лестничного узла,Монтажные работы,услуги,монтажные работы
,4-100-030,ОТм(Зтм) Средний разряд машинистов 3,чел.-ч,0.38,,0.107236,,,347.94,,37.31,992,Раздел 5. Адаптация лестничного узла,Монтажные работы,услуги,монтажные работы
,91.14.02-001,"Автомобили бортовые, грузоподъемность до 5 т",маш.-ч,2.21,,0.623662,,,611.87,,381.6,993,Раздел 5. Адаптация лестничного узла,Монтажные работы,услуги,монтажные работы
,4-100-040,ОТм(Зтм) Средний разряд машинистов 4,чел.-ч,2.21,,0.623662,,,391.8,,244.35,994,Раздел 5. Адаптация лестничного узла,Монтажные работы,услуги,монтажные работы
,91.17.04-233,"Аппараты сварочные для ручной дуговой сварки, сварочный ток до 350 А",маш.-ч,5.8,,1.63676,,,39.58,,64.78,995,Раздел 5. Адаптация лестничного узла,Монтажные работы,услуги,монтажные работы
,4,М,,,,,,,,,1079.78,996,Раздел 5. Адаптация лестничного узла,Монтажные работы,,монтажные работы
,01.7.03.01-0001,Вода,м3,0.1,,0.02822,35.71,0.89,31.78,,0.9,997,Раздел 5. Адаптация лестничного узла,Монтажные работы,материалы,монтажные работы
,01.7.11.07-0054,"Электроды сварочные для сварки низколегированных и углеродистых сталей АНО-6, Э42, диаметр 6 мм",т,0.02,,0.005644,148198.02,0.94,139306.14,,786.24,998,Раздел 5. Адаптация лестничного узла,Монтажные работы,материалы,монтажные работы
,03.2.01.01-0001,"Портландцемент бездобавочный общестроительный ЦЕМ 0 32,5Н",т,0.15,,0.04233,4800.85,1.44,6913.22,,292.64,999,Раздел 5. Адаптация лестничного узла,Монтажные работы,материалы,монтажные работы
"П,Н",07.2.05.01,Ограждения лестничных проемов,м,0.0,,0.0,,,,,,1000,Раздел 5. Адаптация лестничного узла,Монтажные работы,материалы,монтажные работы
,,Итого прямые затраты,,,,,,,,,6299.52,1001,Раздел 5. Адаптация лестничного узла,Монтажные работы,,монтажные работы
,,ФОТ,,,,,,,,,4767.44,1002,Раздел 5. Адаптация лестничного узла,Монтажные работы,,монтажные работы
,Пр/812-007.1-1,"НР Бетонные и железобетонные сборные конструкции жилых, общественных и административно-бытовых зданий промышленных предприятий",%,116.0,,116.0,,,,,5530.23,1003,Раздел 5. Адаптация лестничного узла,Монтажные работы,,монтажные работы
,Пр/774-007.1,"СП Бетонные и железобетонные сборные конструкции жилых, общественных и административно-бытовых зданий промышленных предприятий",%,80.0,,80.0,,,,,3813.95,1004,Раздел 5. Адаптация лестничного узла,Монтажные работы,,монтажные работы
,,Всего по позиции,,,,,,,55434.8,,15643.7,1005,Раздел 5. Адаптация лестничного узла,Монтажные работы,,монтажные работы
Ограждение ОГ-10,,,,,,,,,,,,1006,Раздел 5. Адаптация лестничного узла,Монтажные работы,,монтажные работы
121,ТЦ_07.2.05.01_71_9717010827_24.07.2025_02_4.1,"Ограждение с тремя ригелями и двухуровневыми поручнями, горизонтальное, из нержавеющей стали AISI 304, D38 мм, индивидуальное",м,9.02,1.0,9.02,,,16722.9,,150840.56,1007,Раздел 5. Адаптация лестничного узла,Монтажные работы,материалы,монтажные работы
,,(Деревянные конструкции),,,,,,,,,,1008,Раздел 5. Адаптация лестничного узла,Монтажные работы,,монтажные работы
,,"Объем=(3,91+0,3*2)*2",,,,,,,,,,1009,Раздел 5. Адаптация лестничного узла,Монтажные работы,,монтажные работы
,,Всего по позиции,,,,,,,,,150840.56,1010,Раздел 5. Адаптация лестничного узла,Монтажные работы,,монтажные работы
Ограждение ОГ-18,,,,,,,,,,,,1011,Раздел 5. Адаптация лестничного узла,Монтажные работы,,монтажные работы
122,ТЦ_07.2.05.01_71_9717010827_24.07.2025_02_4.1,"Ограждение с тремя ригелями и двухуровневыми поручнями, горизонтальное, из нержавеющей стали AISI 304, D38 мм, индивидуальное",м,19.2,1.0,19.2,,,16722.9,,321079.68,1012,Раздел 5. Адаптация лестничного узла,Монтажные работы,материалы,монтажные работы
,,(Деревянные конструкции),,,,,,,,,,1013,Раздел 5. Адаптация лестничного узла,Монтажные работы,,монтажные работы
,,"Объем=(4,2+0,3*2)*4",,,,,,,,,,1014,Раздел 5. Адаптация лестничного узла,Монтажные работы,,монтажные работы
,,Всего по позиции,,,,,,,,,321079.68,1015,Раздел 5. Адаптация лестничного узла,Монтажные работы,,монтажные работы
123,ТЦ_07.2.05.01_71_6800013433_24.07.2025_02_7.1,"КМ/01-50 крышка малая для трубы ∅50,8мм",шт,24.0,1.0,24.0,,,27.2,,652.8,1016,Раздел 5. Адаптация лестничного узла,Монтажные работы,материалы,монтажные работы
,,(Деревянные конструкции),,,,,,,,,,1017,Раздел 5. Адаптация лестничного узла,Монтажные работы,,монтажные работы
,,Объем=12+12,,,,,,,,,,1018,Раздел 5. Адаптация лестничного узла,Монтажные работы,,монтажные работы
,,Всего по позиции,,,,,,,,,652.8,1019,Раздел 5. Адаптация лестничного узла,Монтажные работы,,монтажные работы
124,ТЦ_07.2.05.01_71_5036146041_24.07.2025_02_8.1,"Фланец настенный, Ø16.0 мм, AISI 304, GRIT 600",шт,24.0,1.0,24.0,,,156.4,,3753.6,1020,Раздел 5. Адаптация лестничного узла,Монтажные работы,материалы,монтажные работы
,,(Деревянные конструкции),,,,,,,,,,1021,Раздел 5. Адаптация лестничного узла,Монтажные работы,,монтажные работы
,,Объем=12+12,,,,,,,,,,1022,Раздел 5. Адаптация лестничного узла,Монтажные работы,,монтажные работы
,,Всего по позиции,,,,,,,,,3753.6,1023,Раздел 5. Адаптация лестничного узла,Монтажные работы,,монтажные работы
125,ГЭСН46-03-013-45,Сверление горизонтальных отверстий в бетонных конструкциях стен перфоратором глубиной 200 мм диаметром: до 20 мм,100 отверстий,0.72,1.0,0.72,,,,,,1024,Раздел 5. Адаптация лестничного узла,Монтажные работы,материалы,монтажные работы
,,Объем=(12*3+12*3) / 100,,,,,,,,,,1025,Раздел 5. Адаптация лестничного узла,Монтажные работы,,монтажные работы
,1,ОТ(ЗТ),чел.-ч,,,3.9888,,,,,1387.86,1026,Раздел 5. Адаптация лестничного узла,Монтажные работы,услуги,монтажные работы
,1-100-30,"Средний разряд работы 3,0",чел.-ч,5.54,,3.9888,,,347.94,,1387.86,1027,Раздел 5. Адаптация лестничного узла,Монтажные работы,услуги,монтажные работы
,4,М,,,,,,,,,36.0,1028,Раздел 5. Адаптация лестничного узла,Монтажные работы,,монтажные работы
,01.7.03.04-0001,Электроэнергия,кВт-ч,5.91,,4.2552,,,8.46,,36.0,1029,Раздел 5. Адаптация лестничного узла,Монтажные работы,материалы,монтажные работы
"П,Н",01.7.17.09,"Сверла, буры",шт,0.0,,0.0,,,,,,1030,Раздел 5. Адаптация лестничного узла,Монтажные работы,материалы,монтажные работы
,,Итого прямые затраты,,,,,,,,,1423.86,1031,Раздел 5. Адаптация лестничного узла,Монтажные работы,,монтажные работы
,,ФОТ,,,,,,,,,1387.86,1032,Раздел 5. Адаптация лестничного узла,Монтажные работы,,монтажные работы
,Пр/812-040.1-1,"НР Работы по реконструкции зданий и сооружений: усиление и замена существующих конструкций, возведение отдельных конструктивных элементов",%,103.0,,103.0,,,,,1429.5,1033,Раздел 5. Адаптация лестничного узла,Монтажные работы,,монтажные работы
,Пр/774-040.1,"СП Работы по реконструкции зданий и сооружений: усиление и замена существующих конструкций, возведение отдельных конструктивных элементов",%,59.0,,59.0,,,,,818.84,1034,Раздел 5. Адаптация лестничного узла,Монтажные работы,,монтажные работы
,,Всего по позиции,,,,,,,5100.28,,3672.2,1035,Раздел 5. Адаптация лестничного узла,Монтажные работы,,монтажные работы
126,ГЭСН46-03-013-58,На каждые 10 мм изменения глубины сверления добавлять или исключать: к норме 46-03-013-45( до глубины 80мм),100 отверстий,-0.72,1.0,-0.72,,,,,,1036,Раздел 5. Адаптация лестничного узла,Монтажные работы,материалы,монтажные работы
,,Объем=(-(12*3+12*3)) / 100,,,,,,,,,,1037,Раздел 5. Адаптация лестничного узла,Монтажные работы,,монтажные работы
,до глубины 80мм,80мм-200мм=-120мм/10мм=-12 ПЗ=12 (ОЗП=12; ЭМ=12 к расх.; ЗПМ=12; МАТ=12 к расх.; ТЗ=12; ТЗМ=12),,,,,,,,,,1038,Раздел 5. Адаптация лестничного узла,Монтажные работы,,монтажные работы
,1,ОТ(ЗТ),чел.-ч,,,-1.8144,,,,,-631.3,1039,Раздел 5. Адаптация лестничного узла,Монтажные работы,услуги,монтажные работы
,1-100-30,"Средний разряд работы 3,0",чел.-ч,0.21,12.0,-1.8144,,,347.94,,-631.3,1040,Раздел 5. Адаптация лестничного узла,Монтажные работы,услуги,монтажные работы
,4,М,,,,,,,,,-20.83,1041,Раздел 5. Адаптация лестничного узла,Монтажные работы,,монтажные работы
,01.7.03.04-0001,Электроэнергия,кВт-ч,0.285,12.0,-2.4624,,,8.46,,-20.83,1042,Раздел 5. Адаптация лестничного узла,Монтажные работы,материалы,монтажные работы
"П,Н",01.7.17.09,"Сверла, буры",шт,0.0,12.0,0.0,,,,,,1043,Раздел 5. Адаптация лестничного узла,Монтажные работы,материалы,монтажные работы
,,Итого прямые затраты,,,,,,,,,-652.13,1044,Раздел 5. Адаптация лестничного узла,Монтажные работы,,монтажные работы
,,ФОТ,,,,,,,,,-631.3,1045,Раздел 5. Адаптация лестничного узла,Монтажные работы,,монтажные работы
,Пр/812-040.1-1,"НР Работы по реконструкции зданий и сооружений: усиление и замена существующих конструкций, возведение отдельных конструктивных элементов",%,103.0,,103.0,,,,,-650.24,1046,Раздел 5. Адаптация лестничного узла,Монтажные работы,,монтажные работы
,Пр/774-040.1,"СП Работы по реконструкции зданий и сооружений: усиление и замена существующих конструкций, возведение отдельных конструктивных элементов",%,59.0,,59.0,,,,,-372.47,1047,Раздел 5. Адаптация лестничного узла,Монтажные работы,,монтажные работы
,,Всего по позиции,,,,,,,2326.17,,-1674.84,1048,Раздел 5. Адаптация лестничного узла,Монтажные работы,,монтажные работы
127,ФСБЦ-01.7.17.09-1008,"Бур с наконечником из твердого сплава, с хвостовиком SDS-max для ударного сверления отверстий в твердых материалах, общая длина 920 мм, диаметр 20 мм",шт,1.81,1.0,1.81,907.31,1.24,1125.06,,2036.36,1049,Раздел 5. Адаптация лестничного узла,Монтажные работы,материалы,монтажные работы
,,"(Работы по реконструкции зданий и сооружений: усиление и замена существующих конструкций, возведение отдельных конструктивных элементов)",,,,,,,,,,1050,Раздел 5. Адаптация лестничного узла,Монтажные работы,,монтажные работы
,,"Объем=72*2,52/100",,,,,,,,,,1051,Раздел 5. Адаптация лестничного узла,Монтажные работы,,монтажные работы
,,Всего по позиции,,,,,,,,,2036.36,1052,Раздел 5. Адаптация лестничного узла,Монтажные работы,,монтажные работы
128,ФСБЦ-01.7.15.02-0062,"Болты стальные оцинкованные с шестигранной головкой, диаметр резьбы М8 (М10, М12, М14), длина 16-190 мм",т,0.005112,1.0,0.005112,117165.2,1.15,134739.98,,688.79,1053,Раздел 5. Адаптация лестничного узла,Монтажные работы,материалы,монтажные работы
,,(Полы),,,,,,,,,,1054,Раздел 5. Адаптация лестничного узла,Монтажные работы,,монтажные работы
,,"Объем=72*0,071/1000",,,,,,,,,,1055,Раздел 5. Адаптация лестничного узла,Монтажные работы,,монтажные работы
,,Всего по позиции,,,,,,,,,688.79,1056,Раздел 5. Адаптация лестничного узла,Монтажные работы,,монтажные работы
129,ГЭСН11-01-049-01,Укладка металлического накладного профиля (порога),100 м,0.1464,1.0,0.1464,,,,,,1057,Раздел 5. Адаптация лестничного узла,Монтажные работы,материалы,монтажные работы
,,"Объем=(1,22*12) / 100",,,,,,,,,,1058,Раздел 5. Адаптация лестничного узла,Монтажные работы,,монтажные работы
,1,ОТ(ЗТ),чел.-ч,,,2.436096,,,,,847.62,1059,Раздел 5. Адаптация лестничного узла,Монтажные работы,услуги,монтажные работы
,1-100-30,"Средний разряд работы 3,0",чел.-ч,16.64,,2.436096,,,347.94,,847.62,1060,Раздел 5. Адаптация лестничного узла,Монтажные работы,услуги,монтажные работы
,4,М,,,,,,,,,118.34,1061,Раздел 5. Адаптация лестничного узла,Монтажные работы,,монтажные работы
,01.7.03.04-0001,Электроэнергия,кВт-ч,6.876,,1.0066464,,,8.46,,8.52,1062,Раздел 5. Адаптация лестничного узла,Монтажные работы,материалы,монтажные работы
,01.7.15.14-0302,"Шурупы самонарезающие стальные с полукруглой головкой и крестообразным шлицем, остроконечные, диаметр 3,5 мм, длина 35 мм",100 шт,6.7,,0.98088,88.86,1.26,111.96,,109.82,1063,Раздел 5. Адаптация лестничного узла,Монтажные работы,материалы,монтажные работы
Н,09.2.03.02,Профили стыкоперекрывающие из алюминиевых сплавов (порожки) с покрытием,м,105.0,,15.372,,,,,,1064,Раздел 5. Адаптация лестничного узла,Монтажные работы,материалы,монтажные работы
,,Итого прямые затраты,,,,,,,,,965.96,1065,Раздел 5. Адаптация лестничного узла,Монтажные работы,,монтажные работы
,,ФОТ,,,,,,,,,847.62,1066,Раздел 5. Адаптация лестничного узла,Монтажные работы,,монтажные работы
,Пр/812-011.0-1,НР Полы,%,112.0,,112.0,,,,,949.33,1067,Раздел 5. Адаптация лестничного узла,Монтажные работы,,монтажные работы
,Пр/774-011,СП Полы,%,65.0,,65.0,,,,,550.95,1068,Раздел 5. Адаптация лестничного узла,Монтажные работы,,монтажные работы
,,Всего по позиции,,,,,,,16845.9,,2466.24,1069,Раздел 5. Адаптация лестничного узла,Монтажные работы,,монтажные работы
130,ФСБЦ-09.2.03.02-0001,"Профиль стыкоперекрывающий из алюминиевых сплавов (порожки) с покрытием и антискользящей вставкой, ширина 39 мм, длина 0,9 м( Прим. Контрастная  угловая накладка на ступени), 1 шт-1,22м",шт,12.0,1.0,12.0,127.78,1.24,158.45,,1901.4,1070,Раздел 5. Адаптация лестничного узла,Монтажные работы,материалы,монтажные работы
,,(Деревянные конструкции),,,,,,,,,,1071,Раздел 5. Адаптация лестничного узла,Монтажные работы,,монтажные работы
,,Всего по позиции,,,,,,,,,1901.4,1072,Раздел 5. Адаптация лестничного узла,Монтажные работы,,монтажные работы
131,ГЭСН15-06-005-02,Оклейка предварительно подготовленных поверхностей фотообоями: самоклеящимися( прим.),100 м2,0.001048,1.0,0.001048,,,,,,1073,Раздел 5. Адаптация лестничного узла,Монтажные работы,материалы,монтажные работы
,,"Объем=((0,03*0,11*24)+(0,08*0,08*4)) / 100",,,,,,,,,,1074,Раздел 5. Адаптация лестничного узла,Монтажные работы,,монтажные работы
,1,ОТ(ЗТ),чел.-ч,,,0.0407777,,,,,15.98,1075,Раздел 5. Адаптация лестничного узла,Монтажные работы,услуги,монтажные работы
,1-100-40,"Средний разряд работы 4,0",чел.-ч,38.91,,0.0407777,,,391.8,,15.98,1076,Раздел 5. Адаптация лестничного узла,Монтажные работы,услуги,монтажные работы
Н,01.6.02.01,Обои,100 м2,1.1,,0.0011528,,,,,,1077,Раздел 5. Адаптация лестничного узла,Монтажные работы,материалы,монтажные работы
,,Итого прямые затраты,,,,,,,,,15.98,1078,Раздел 5. Адаптация лестничного узла,Монтажные работы,,монтажные работы
,,ФОТ,,,,,,,,,15.98,1079,Раздел 5. Адаптация лестничного узла,Монтажные работы,,монтажные работы
,Пр/812-015.0-1,НР Отделочные работы,%,100.0,,100.0,,,,,15.98,1080,Раздел 5. Адаптация лестничного узла,Монтажные работы,,монтажные работы
,Пр/774-015,СП Отделочные работы,%,49.0,,49.0,,,,,7.83,1081,Раздел 5. Адаптация лестничного узла,Монтажные работы,,монтажные работы
,,Всего по позиции,,,,,,,37967.56,,39.79,1082,Раздел 5. Адаптация лестничного узла,Монтажные работы,,монтажные работы
132,ТЦ_01.7.06.14_71_6915010809_24.07.2025_02_13.1,Осязаемые наклейки на ручки и поручни 30 х 110мм,шт,24.0,1.0,24.0,,,119.34,,2864.16,1083,Раздел 5. Адаптация лестничного узла,Монтажные работы,материалы,монтажные работы
,,(Материалы),,,,,,,,,,1084,Раздел 5. Адаптация лестничного узла,Монтажные работы,,монтажные работы
,,Всего по позиции,,,,,,,,,2864.16,1085,Раздел 5. Адаптация лестничного узла,Монтажные работы,,монтажные работы
133,ТЦ_01.7.06.14_71_6915012732_24.07.2025_02_14.1,"Тактильные номера для маркировки этажей и площадок, тактильные цифры с контрастной подложкой (желтая). 10022",шт,4.0,1.0,4.0,,,1111.8,,4447.2,1086,Раздел 5. Адаптация лестничного узла,Монтажные работы,материалы,монтажные работы
,,(Материалы),,,,,,,,,,1087,Раздел 5. Адаптация лестничного узла,Монтажные работы,,монтажные работы
,,Всего по позиции,,,,,,,,,4447.2,1088,Раздел 5. Адаптация лестничного узла,Монтажные работы,,монтажные работы
134,ГЭСН09-05-014-02,"Установка номерных табличек: для этажа, подъезда( Прим.)",шт,12.0,1.0,12.0,,,,,,1089,Раздел 5. Адаптация лестничного узла,Монтажные работы,материалы,монтажные работы
,,Объем=4+4+4,,,,,,,,,,1090,Раздел 5. Адаптация лестничного узла,Монтажные работы,,монтажные работы
,1,ОТ(ЗТ),чел.-ч,,,6.24,,,,,2171.15,1091,Раздел 5. Адаптация лестничного узла,Монтажные работы,услуги,монтажные работы
,1-100-30,"Средний разряд работы 3,0",чел.-ч,0.52,,6.24,,,347.94,,2171.15,1092,Раздел 5. Адаптация лестничного узла,Монтажные работы,услуги,монтажные работы
,4,М,,,,,,,,,180.04,1093,Раздел 5. Адаптация лестничного узла,Монтажные работы,,монтажные работы
,01.7.15.07-0010,"Дюбели пластмассовые с шурупами, диаметр 10 мм, длина 50-60 мм, диаметр шурупа 6 мм, длина шурупа 50-80 мм",100 шт,0.02,,0.24,595.38,1.26,750.18,,180.04,1094,Раздел 5. Адаптация лестничного узла,Монтажные работы,материалы,монтажные работы
Н,20.3.04.02,"Знаки, таблички",шт,1.0,,12.0,,,,,,1095,Раздел 5. Адаптация лестничного узла,Монтажные работы,материалы,монтажные работы
,,Итого прямые затраты,,,,,,,,,2351.19,1096,Раздел 5. Адаптация лестничного узла,Монтажные работы,,монтажные работы
,,ФОТ,,,,,,,,,2171.15,1097,Раздел 5. Адаптация лестничного узла,Монтажные работы,,монтажные работы
,Пр/812-009.0-1,НР Строительные металлические конструкции,%,93.0,,93.0,,,,,2019.17,1098,Раздел 5. Адаптация лестничного узла,Монтажные работы,,монтажные работы
,Пр/774-009,СП Строительные металлические конструкции,%,62.0,,62.0,,,,,1346.11,1099,Раздел 5. Адаптация лестничного узла,Монтажные работы,,монтажные работы
,,Всего по позиции,,,,,,,476.37,,5716.47,1100,Раздел 5. Адаптация лестничного узла,Монтажные работы,,монтажные работы
135,ТЦ_20.3.04.02_71_6670319178_24.07.2025_02_15.1,Тактильная пиктограмма СП10 Выход из здания 150x150 мм,шт,4.0,1.0,4.0,,,272.0,,1088.0,1101,Раздел 5. Адаптация лестничного узла,Монтажные работы,материалы,монтажные работы
,,(Материалы),,,,,,,,,,1102,Раздел 5. Адаптация лестничного узла,Монтажные работы,,монтажные работы
,,Всего по позиции,,,,,,,,,1088.0,1103,Раздел 5. Адаптация лестничного узла,Монтажные работы,,монтажные работы
136,ТЦ_20.3.04.02_71_6915012732_28.07.2025_02_37.1,"Мнемосхема тактильная стандартная, ПВХ 3 мм с защитным покрытием. Размер 470x610х3 мм (Тактильная мнемосхема с дублированием шрифтом Брайля схемы экспозиционного зала, размер 640мм*480мм, 10 шт, Тактильная мнемосхема с дублированием шрифтом Брайля поэтажное расположение выставочных залов, 640мм*480мм, 10шт)",м2,1.2288,1.0,1.2288,,,11438.09,,14055.12,1104,Раздел 5. Адаптация лестничного узла,Монтажные работы,материалы,монтажные работы
,,(Материалы),,,,,,,,,,1105,Раздел 5. Адаптация лестничного узла,Монтажные работы,,монтажные работы
,,"Объем=4*0,64*0,48",,,,,,,,,,1106,Раздел 5. Адаптация лестничного узла,Монтажные работы,,монтажные работы
,,Всего по позиции,,,,,,,,,14055.12,1107,Раздел 5. Адаптация лестничного узла,Монтажные работы,,монтажные работы
137,ТЦ_20.3.04.02_71_6915012732_28.07.2025_02_37.1,"Мнемосхема тактильная стандартная, ПВХ 3 мм с защитным покрытием. Размер 470x610х3 мм (Тактильная мнемосхема с дублированием шрифтом Брайля схемы экспозиционного зала, размер 640мм*480мм, 10 шт, Тактильная мнемосхема с дублированием шрифтом Брайля поэтажное расположение выставочных залов, 640мм*480мм, 10шт)",м2,1.2288,1.0,1.2288,,,11438.09,,14055.12,1108,Раздел 5. Адаптация лестничного узла,Монтажные работы,материалы,монтажные работы
,,(Материалы),,,,,,,,,,1109,Раздел 5. Адаптация лестничного узла,Монтажные работы,,монтажные работы
,,"Объем=4*0,64*0,48",,,,,,,,,,1110,Раздел 5. Адаптация лестничного узла,Монтажные работы,,монтажные работы
,,Всего по позиции,,,,,,,,,14055.12,1111,Раздел 5. Адаптация лестничного узла,Монтажные работы,,монтажные работы
Раздел 6. Адаптация мужского и женского сан.узлов,,,,,,,,,,,,1113,Раздел 6. Адаптация мужского и женского сан.узлов,Монтажные работы,,монтажные работы
Демонтажные работы,,,,,,,,,,,,1114,Раздел 6. Адаптация мужского и женского сан.узлов,Демонтажные работы,,монтажные работы
138,ГЭСН46-04-012-03,"Разборка деревянных заполнений проемов: дверных и воротных( Демонтаж двери из ПВХ размером 800мм*2050мм, 4 шт)",100 м2,0.0656,1.0,0.0656,,,,,,1115,Раздел 6. Адаптация мужского и женского сан.узлов,Демонтажные работы,материалы,монтажные работы
,,"Объем=(0,8*2,05*4) / 100",,,,,,,,,,1116,Раздел 6. Адаптация мужского и женского сан.узлов,Демонтажные работы,,монтажные работы
,1,ОТ(ЗТ),чел.-ч,,,5.97944,,,,,1975.61,1117,Раздел 6. Адаптация мужского и женского сан.узлов,Демонтажные работы,услуги,монтажные работы
,1-100-24,"Средний разряд работы 2,4",чел.-ч,91.15,,5.97944,,,330.4,,1975.61,1118,Раздел 6. Адаптация мужского и женского сан.узлов,Демонтажные работы,услуги,монтажные работы
,2,ЭМ,,,,,,,,,28.04,1119,Раздел 6. Адаптация мужского и женского сан.узлов,Демонтажные работы,,монтажные работы
,,ОТм(ЗТм),чел.-ч,,,0.507744,,,,,176.66,1120,Раздел 6. Адаптация мужского и женского сан.узлов,Демонтажные работы,услуги,монтажные работы
,91.06.06-048,"Подъемники одномачтовые, грузоподъемность до 500 кг, высота подъема 45 м",маш.-ч,7.74,,0.507744,37.32,1.48,55.23,,28.04,1121,Раздел 6. Адаптация мужского и женского сан.узлов,Демонтажные работы,услуги,монтажные работы
,4-100-030,ОТм(Зтм) Средний разряд машинистов 3,чел.-ч,7.74,,0.507744,,,347.94,,176.66,1122,Раздел 6. Адаптация мужского и женского сан.узлов,Демонтажные работы,услуги,монтажные работы
,,Итого прямые затраты,,,,,,,,,2180.31,1123,Раздел 6. Адаптация мужского и женского сан.узлов,Демонтажные работы,,монтажные работы
,,ФОТ,,,,,,,,,2152.27,1124,Раздел 6. Адаптация мужского и женского сан.узлов,Демонтажные работы,,монтажные работы
,Пр/812-040.2-1,"НР Работы по реконструкции зданий и сооружений: разборка отдельных конструктивных элементов здания (сооружения), а также зданий (сооружений) в целом",%,91.0,,91.0,,,,,1958.57,1125,Раздел 6. Адаптация мужского и женского сан.узлов,Демонтажные работы,,монтажные работы
,Пр/774-040.2,"СП Работы по реконструкции зданий и сооружений: разборка отдельных конструктивных элементов здания (сооружения), а также зданий (сооружений) в целом",%,52.0,,52.0,,,,,1119.18,1126,Раздел 6. Адаптация мужского и женского сан.узлов,Демонтажные работы,,монтажные работы
,,Всего по позиции,,,,,,,80153.35,,5258.06,1127,Раздел 6. Адаптация мужского и женского сан.узлов,Демонтажные работы,,монтажные работы
139,ГЭСН46-04-001-04,Разборка: кирпичных стен(расширение проема),м3,0.21,1.0,0.21,,,,,,1128,Раздел 6. Адаптация мужского и женского сан.узлов,Демонтажные работы,материалы,монтажные работы
,,"Объем=0,41*0+0,21",,,,,,,,,,1129,Раздел 6. Адаптация мужского и женского сан.узлов,Демонтажные работы,,монтажные работы
,1,ОТ(ЗТ),чел.-ч,,,1.491,,,,,538.4,1130,Раздел 6. Адаптация мужского и женского сан.узлов,Демонтажные работы,услуги,монтажные работы
,1-100-33,"Средний разряд работы 3,3",чел.-ч,7.1,,1.491,,,361.1,,538.4,1131,Раздел 6. Адаптация мужского и женского сан.узлов,Демонтажные работы,услуги,монтажные работы
,2,ЭМ,,,,,,,,,45.51,1132,Раздел 6. Адаптация мужского и женского сан.узлов,Демонтажные работы,,монтажные работы
,91.18.01-508,"Компрессоры винтовые передвижные с электродвигателем, давление до 1 МПа (10 атм), производительность до 5 м3/мин",маш.-ч,1.15,,0.2415,115.43,1.58,182.38,,44.04,1133,Раздел 6. Адаптация мужского и женского сан.узлов,Демонтажные работы,услуги,монтажные работы
,91.21.10-002,Молотки отбойные пневматические при работе от передвижных компрессоров,маш.-ч,2.3,,0.483,,,3.04,,1.47,1134,Раздел 6. Адаптация мужского и женского сан.узлов,Демонтажные работы,услуги,монтажные работы
,,Итого прямые затраты,,,,,,,,,583.91,1135,Раздел 6. Адаптация мужского и женского сан.узлов,Демонтажные работы,,монтажные работы
,,ФОТ,,,,,,,,,538.4,1136,Раздел 6. Адаптация мужского и женского сан.узлов,Демонтажные работы,,монтажные работы
,Пр/812-040.2-1,"НР Работы по реконструкции зданий и сооружений: разборка отдельных конструктивных элементов здания (сооружения), а также зданий (сооружений) в целом",%,91.0,,91.0,,,,,489.94,1137,Раздел 6. Адаптация мужского и женского сан.узлов,Демонтажные работы,,монтажные работы
,Пр/774-040.2,"СП Работы по реконструкции зданий и сооружений: разборка отдельных конструктивных элементов здания (сооружения), а также зданий (сооружений) в целом",%,52.0,,52.0,,,,,279.97,1138,Раздел 6. Адаптация мужского и женского сан.узлов,Демонтажные работы,,монтажные работы
,,Всего по позиции,,,,,,,6446.76,,1353.82,1139,Раздел 6. Адаптация мужского и женского сан.узлов,Демонтажные работы,,монтажные работы
140,ГЭСНр65-01-004-02,Демонтаж: унитазов и писсуаров,100 шт,0.04,1.0,0.04,,,,,,1140,Раздел 6. Адаптация мужского и женского сан.узлов,Демонтажные работы,материалы,монтажные работы
,,Объем=4 / 100,,,,,,,,,,1141,Раздел 6. Адаптация мужского и женского сан.узлов,Демонтажные работы,,монтажные работы
,1,ОТ(ЗТ),чел.-ч,,,2.5536,,,,,888.5,1142,Раздел 6. Адаптация мужского и женского сан.узлов,Демонтажные работы,услуги,монтажные работы
,1-100-30,"Средний разряд работы 3,0",чел.-ч,63.84,,2.5536,,,347.94,,888.5,1143,Раздел 6. Адаптация мужского и женского сан.узлов,Демонтажные работы,услуги,монтажные работы
,2,ЭМ,,,,,,,,,0.64,1144,Раздел 6. Адаптация мужского и женского сан.узлов,Демонтажные работы,,монтажные работы
,,ОТм(ЗТм),чел.-ч,,,0.0116,,,,,4.04,1145,Раздел 6. Адаптация мужского и женского сан.узлов,Демонтажные работы,услуги,монтажные работы
,91.06.06-048,"Подъемники одномачтовые, грузоподъемность до 500 кг, высота подъема 45 м",маш.-ч,0.29,,0.0116,37.32,1.48,55.23,,0.64,1146,Раздел 6. Адаптация мужского и женского сан.узлов,Демонтажные работы,услуги,монтажные работы
,4-100-030,ОТм(Зтм) Средний разряд машинистов 3,чел.-ч,0.29,,0.0116,,,347.94,,4.04,1147,Раздел 6. Адаптация мужского и женского сан.узлов,Демонтажные работы,услуги,монтажные работы
Н,999-9899,Строительный мусор и масса возвратных материалов,т,2.65,,0.106,,,,,,1148,Раздел 6. Адаптация мужского и женского сан.узлов,Демонтажные работы,материалы,монтажные работы
,,Итого прямые затраты,,,,,,,,,893.18,1149,Раздел 6. Адаптация мужского и женского сан.узлов,Демонтажные работы,,монтажные работы
,,ФОТ,,,,,,,,,892.54,1150,Раздел 6. Адаптация мужского и женского сан.узлов,Демонтажные работы,,монтажные работы
,Пр/812-099.1-1,НР Внутренние санитарно-технические работы: демонтаж и разборка (ремонтно-строительные),%,87.0,,87.0,,,,,776.51,1151,Раздел 6. Адаптация мужского и женского сан.узлов,Демонтажные работы,,монтажные работы
,Пр/774-099.1,СП Внутренние санитарно-технические работы: демонтаж и разборка (ремонтно-строительные),%,44.0,,44.0,,,,,392.72,1152,Раздел 6. Адаптация мужского и женского сан.узлов,Демонтажные работы,,монтажные работы
,,Всего по позиции,,,,,,,51560.25,,2062.41,1153,Раздел 6. Адаптация мужского и женского сан.узлов,Демонтажные работы,,монтажные работы
141,ГЭСН17-01-002-04,"Установка гарнитуры туалетной: вешалок, подстаканников, поручней для ванн и т.д.( Прим. Демонтаж метал.поручней-10,4кг)",10 шт,0.4,1.0,0.4,,,,,,1154,Раздел 6. Адаптация мужского и женского сан.узлов,Демонтажные работы,материалы,монтажные работы
,,Объем=4 / 10,,,,,,,,,,1155,Раздел 6. Адаптация мужского и женского сан.узлов,Демонтажные работы,,монтажные работы
,648/пр_2022_п.144_т.2_стр.3_стб.3,"Демонтаж (разборка) систем инженерно-технического обеспечения ОЗП=0,4; ЭМ=0,4 к расх.; ЗПМ=0,4; МАТ=0 к расх.; ТЗ=0,4; ТЗМ=0,4",,,,,,,,,,1156,Раздел 6. Адаптация мужского и женского сан.узлов,Демонтажные работы,,монтажные работы
,1,ОТ(ЗТ),чел.-ч,,,0.448,,,,,175.53,1157,Раздел 6. Адаптация мужского и женского сан.узлов,Демонтажные работы,услуги,монтажные работы
,1-100-40,"Средний разряд работы 4,0",чел.-ч,2.8,0.4,0.448,,,391.8,,175.53,1158,Раздел 6. Адаптация мужского и женского сан.узлов,Демонтажные работы,услуги,монтажные работы
,4,М,,,,,,,,,0.0,1159,Раздел 6. Адаптация мужского и женского сан.узлов,Демонтажные работы,,монтажные работы
,01.7.03.04-0001,Электроэнергия,кВт-ч,0.052,0.0,0.0,,,8.46,,0.0,1160,Раздел 6. Адаптация мужского и женского сан.узлов,Демонтажные работы,материалы,монтажные работы
,01.7.15.07-0022,"Дюбели полиэтиленовые распорные, диаметр 6 мм, длина 40 мм",1000 шт,0.02,0.0,0.0,261.09,1.26,328.97,,0.0,1161,Раздел 6. Адаптация мужского и женского сан.узлов,Демонтажные работы,материалы,монтажные работы
,01.7.15.14-0167,"Шурупы самонарезающие стальные с полукруглой головкой и прямым шлицем, остроконечные, диаметр 5 мм, длина 50 мм",т,0.00014,0.0,0.0,110308.96,1.26,138989.29,,0.0,1162,Раздел 6. Адаптация мужского и женского сан.узлов,Демонтажные работы,материалы,монтажные работы
,08.1.02.11-0001,"Поковки из квадратных заготовок, масса 1,5-4,5 кг",т,0.0001,0.0,0.0,55898.18,1.25,69872.73,,0.0,1163,Раздел 6. Адаптация мужского и женского сан.узлов,Демонтажные работы,материалы,монтажные работы
Н,18.2.06.04,Гарнитура туалетная,шт,10.0,0.0,0.0,,,,,,1164,Раздел 6. Адаптация мужского и женского сан.узлов,Демонтажные работы,материалы,монтажные работы
,,Итого прямые затраты,,,,,,,,,175.53,1165,Раздел 6. Адаптация мужского и женского сан.узлов,Демонтажные работы,,монтажные работы
,,ФОТ,,,,,,,,,175.53,1166,Раздел 6. Адаптация мужского и женского сан.узлов,Демонтажные работы,,монтажные работы
,Пр/812-016.0-1,"НР Сантехнические работы - внутренние (трубопроводы, водопровод, канализация, отопление, газоснабжение, вентиляция и кондиционирование воздуха)",%,121.0,,121.0,,,,,212.39,1167,Раздел 6. Адаптация мужского и женского сан.узлов,Демонтажные работы,,монтажные работы
,Пр/774-016,"СП Сантехнические работы - внутренние (трубопроводы, водопровод, канализация, отопление, газоснабжение, вентиляция и кондиционирование воздуха)",%,72.0,,72.0,,,,,126.38,1168,Раздел 6. Адаптация мужского и женского сан.узлов,Демонтажные работы,,монтажные работы
,,Всего по позиции,,,,,,,1285.75,,514.3,1169,Раздел 6. Адаптация мужского и женского сан.узлов,Демонтажные работы,,монтажные работы
142,ГЭСН10-01-015-01,"Устройство перегородок каркасно-филенчатых в санузлах( Демонтаж  сан.тех перегородки шир.0,5м, высот.2,2м), 2 шт., вес 1 шт-4кг+двери 2 шт, шир 0,8м, вес 1 двери-7,5кг",100 м2,0.054,1.0,0.054,,,,,,1170,Раздел 6. Адаптация мужского и женского сан.узлов,Демонтажные работы,материалы,монтажные работы
,,"Объем=(0,5*2,2*2+0,8*2*2) / 100",,,,,,,,,,1171,Раздел 6. Адаптация мужского и женского сан.узлов,Демонтажные работы,,монтажные работы
,648/пр_2022_п.144_т.2_стр.2_стб.3,"Демонтаж (разборка) сборных деревянных конструкций ОЗП=0,8; ЭМ=0,8 к расх.; ЗПМ=0,8; МАТ=0 к расх.; ТЗ=0,8; ТЗМ=0,8",,,,,,,,,,1172,Раздел 6. Адаптация мужского и женского сан.узлов,Демонтажные работы,,монтажные работы
,1,ОТ(ЗТ),чел.-ч,,,3.84048,,,,,1369.98,1173,Раздел 6. Адаптация мужского и женского сан.узлов,Демонтажные работы,услуги,монтажные работы
,1-100-32,"Средний разряд работы 3,2",чел.-ч,88.9,0.8,3.84048,,,356.72,,1369.98,1174,Раздел 6. Адаптация мужского и женского сан.узлов,Демонтажные работы,услуги,монтажные работы
,2,ЭМ,,,,,,,,,92.51,1175,Раздел 6. Адаптация мужского и женского сан.узлов,Демонтажные работы,,монтажные работы
,,ОТм(ЗТм),чел.-ч,,,0.1512,,,,,59.24,1176,Раздел 6. Адаптация мужского и женского сан.узлов,Демонтажные работы,услуги,монтажные работы
,91.14.02-001,"Автомобили бортовые, грузоподъемность до 5 т",маш.-ч,3.5,0.8,0.1512,,,611.87,,92.51,1177,Раздел 6. Адаптация мужского и женского сан.узлов,Демонтажные работы,услуги,монтажные работы
,4-100-040,ОТм(Зтм) Средний разряд машинистов 4,чел.-ч,3.5,0.8,0.1512,,,391.8,,59.24,1178,Раздел 6. Адаптация мужского и женского сан.узлов,Демонтажные работы,услуги,монтажные работы
,4,М,,,,,,,,,0.0,1179,Раздел 6. Адаптация мужского и женского сан.узлов,Демонтажные работы,,монтажные работы
,01.7.03.04-0001,Электроэнергия,кВт-ч,1.1748,0.0,0.0,,,8.46,,0.0,1180,Раздел 6. Адаптация мужского и женского сан.узлов,Демонтажные работы,материалы,монтажные работы
,01.7.15.06-0122,"Гвозди стальные строительные, диаметр 1,8 мм, длина 50-60 мм",т,0.0008,0.0,0.0,76110.2,1.26,95898.85,,0.0,1181,Раздел 6. Адаптация мужского и женского сан.узлов,Демонтажные работы,материалы,монтажные работы
,08.1.02.11-0001,"Поковки из квадратных заготовок, масса 1,5-4,5 кг",т,0.0684,0.0,0.0,55898.18,1.25,69872.73,,0.0,1182,Раздел 6. Адаптация мужского и женского сан.узлов,Демонтажные работы,материалы,монтажные работы
"П,Н",01.7.04.07,Скобяные изделия,компл,0.0,0.0,0.0,,,,,,1183,Раздел 6. Адаптация мужского и женского сан.узлов,Демонтажные работы,материалы,монтажные работы
Н,11.2.13.06,Щиты перегородок,м2,100.0,0.0,0.0,,,,,,1184,Раздел 6. Адаптация мужского и женского сан.узлов,Демонтажные работы,материалы,монтажные работы
Н,11.1.03.01,"Бруски обрезные хвойных пород (ель, сосна), естественной влажности, длина 2-6,5 м, ширина 20-90 мм, толщина 20-90 мм",м3,0.54,0.0,0.0,,,,,,1185,Раздел 6. Адаптация мужского и женского сан.узлов,Демонтажные работы,материалы,монтажные работы
,,Итого прямые затраты,,,,,,,,,1521.73,1186,Раздел 6. Адаптация мужского и женского сан.узлов,Демонтажные работы,,монтажные работы
,,ФОТ,,,,,,,,,1429.22,1187,Раздел 6. Адаптация мужского и женского сан.узлов,Демонтажные работы,,монтажные работы
,Пр/812-010.0-1,НР Деревянные конструкции,%,108.0,,108.0,,,,,1543.56,1188,Раздел 6. Адаптация мужского и женского сан.узлов,Демонтажные работы,,монтажные работы
,Пр/774-010,СП Деревянные конструкции,%,55.0,,55.0,,,,,786.07,1189,Раздел 6. Адаптация мужского и женского сан.узлов,Демонтажные работы,,монтажные работы
,,Всего по позиции,,,,,,,71321.48,,3851.36,1190,Раздел 6. Адаптация мужского и женского сан.узлов,Демонтажные работы,,монтажные работы
Монтажные работы,,,,,,,,,,,,1191,Раздел 6. Адаптация мужского и женского сан.узлов,Монтажные работы,,монтажные работы
143,ГЭСН10-01-039-01,"Установка блоков в наружных и внутренних дверных проемах: в каменных стенах, площадь проема до 3 м2( прим. Д8-4 шт,  размером 2100мм(h)*900мм )",100 м2,0.0756,1.0,0.0756,,,,,,1192,Раздел 6. Адаптация мужского и женского сан.узлов,Монтажные работы,материалы,монтажные работы
,,"Объем=(2,1*0,9*4) / 100",,,,,,,,,,1193,Раздел 6. Адаптация мужского и женского сан.узлов,Монтажные работы,,монтажные работы
,1,ОТ(ЗТ),чел.-ч,,,6.768468,,,,,2533.17,1194,Раздел 6. Адаптация мужского и женского сан.узлов,Монтажные работы,услуги,монтажные работы
,1-100-36,"Средний разряд работы 3,6",чел.-ч,89.53,,6.768468,,,374.26,,2533.17,1195,Раздел 6. Адаптация мужского и женского сан.узлов,Монтажные работы,услуги,монтажные работы
,2,ЭМ,,,,,,,,,910.1,1196,Раздел 6. Адаптация мужского и женского сан.узлов,Монтажные работы,,монтажные работы
,,ОТм(ЗТм),чел.-ч,,,0.985824,,,,,500.23,1197,Раздел 6. Адаптация мужского и женского сан.узлов,Монтажные работы,услуги,монтажные работы
,91.05.01-017,"Краны башенные, грузоподъемность 8 т",маш.-ч,9.69,,0.732564,622.62,1.4,871.67,,638.55,1198,Раздел 6. Адаптация мужского и женского сан.узлов,Монтажные работы,услуги,монтажные работы
,4-100-060,ОТм(Зтм) Средний разряд машинистов 6,чел.-ч,9.69,,0.732564,,,526.3,,385.55,1199,Раздел 6. Адаптация мужского и женского сан.узлов,Монтажные работы,услуги,монтажные работы
,91.05.05-015,"Краны на автомобильном ходу, грузоподъемность 16 т",маш.-ч,1.52,,0.114912,,,1626.46,,186.9,1200,Раздел 6. Адаптация мужского и женского сан.узлов,Монтажные работы,услуги,монтажные работы
,4-100-060,ОТм(Зтм) Средний разряд машинистов 6,чел.-ч,1.52,,0.114912,,,526.3,,60.48,1201,Раздел 6. Адаптация мужского и женского сан.узлов,Монтажные работы,услуги,монтажные работы
,91.14.02-001,"Автомобили бортовые, грузоподъемность до 5 т",маш.-ч,1.83,,0.138348,,,611.87,,84.65,1202,Раздел 6. Адаптация мужского и женского сан.узлов,Монтажные работы,услуги,монтажные работы
,4-100-040,ОТм(Зтм) Средний разряд машинистов 4,чел.-ч,1.83,,0.138348,,,391.8,,54.2,1203,Раздел 6. Адаптация мужского и женского сан.узлов,Монтажные работы,услуги,монтажные работы
,4,М,,,,,,,,,864.26,1204,Раздел 6. Адаптация мужского и женского сан.узлов,Монтажные работы,,монтажные работы
,01.7.14.01-0002,"Герметик пенополиуретановый (пена монтажная) универсальный, объем 1000 мл",шт,32.4,,2.44944,241.35,1.23,296.86,,727.14,1205,Раздел 6. Адаптация мужского и женского сан.узлов,Монтажные работы,материалы,монтажные работы
,01.7.15.06-0111,Гвозди строительные,т,0.00413,,0.0003122,70296.2,1.26,88573.21,,27.65,1206,Раздел 6. Адаптация мужского и женского сан.узлов,Монтажные работы,материалы,монтажные работы
,04.3.01.07-0027,"Раствор штукатурный, известковый, М200",м3,0.105,,0.007938,3878.19,1.37,5313.12,,42.18,1207,Раздел 6. Адаптация мужского и женского сан.узлов,Монтажные работы,материалы,монтажные работы
,11.1.03.06-0071,"Доска обрезная хвойных пород, естественной влажности, длина 2-6,5 м, ширина 100-250 мм, толщина 25 мм, сорт III",м3,0.08,,0.006048,5764.42,1.93,11125.33,,67.29,1208,Раздел 6. Адаптация мужского и женского сан.узлов,Монтажные работы,материалы,монтажные работы
"П,Н",01.7.04.07,Скобяные изделия,компл,0.0,,0.0,,,,,,1209,Раздел 6. Адаптация мужского и женского сан.узлов,Монтажные работы,материалы,монтажные работы
"П,Н",01.7.15.07,Крепёжные изделия,кг,0.0,,0.0,,,,,,1210,Раздел 6. Адаптация мужского и женского сан.узлов,Монтажные работы,материалы,монтажные работы
Н,11.2.02.01,Блоки дверные,м2,100.0,,7.56,,,,,,1211,Раздел 6. Адаптация мужского и женского сан.узлов,Монтажные работы,материалы,монтажные работы
,,Итого прямые затраты,,,,,,,,,4807.76,1212,Раздел 6. Адаптация мужского и женского сан.узлов,Монтажные работы,,монтажные работы
,,ФОТ,,,,,,,,,3033.4,1213,Раздел 6. Адаптация мужского и женского сан.узлов,Монтажные работы,,монтажные работы
,Пр/812-010.0-1,НР Деревянные конструкции,%,108.0,,108.0,,,,,3276.07,1214,Раздел 6. Адаптация мужского и женского сан.узлов,Монтажные работы,,монтажные работы
,Пр/774-010,СП Деревянные конструкции,%,55.0,,55.0,,,,,1668.37,1215,Раздел 6. Адаптация мужского и женского сан.узлов,Монтажные работы,,монтажные работы
,,Всего по позиции,,,,,,,128997.35,,9752.2,1216,Раздел 6. Адаптация мужского и женского сан.узлов,Монтажные работы,,монтажные работы
144,ТЦ_07.1.01.00_71_7100000000_01.09.2025_02_45.1,"KALEVA ALUVET CD снаружи на себя (45мм) 900 x 2100 ,RAL8019 матовый ( 1 шт 1,89м2)",шт,4.0,1.0,4.0,,,49799.97,,199199.88,1217,Раздел 6. Адаптация мужского и женского сан.узлов,Монтажные работы,материалы,монтажные работы
,,(Деревянные конструкции),,,,,,,,,,1218,Раздел 6. Адаптация мужского и женского сан.узлов,Монтажные работы,,монтажные работы
,,Всего по позиции,,,,,,,,,199199.88,1219,Раздел 6. Адаптация мужского и женского сан.узлов,Монтажные работы,,монтажные работы
145,ГЭСН10-01-049-02,Установка: дверного доводчика,100 шт,0.04,1.0,0.04,,,,,,1220,Раздел 6. Адаптация мужского и женского сан.узлов,Монтажные работы,материалы,монтажные работы
,,Объем=(1*4) / 100,,,,,,,,,,1221,Раздел 6. Адаптация мужского и женского сан.узлов,Монтажные работы,,монтажные работы
,1,ОТ(ЗТ),чел.-ч,,,1.0624,,,,,411.6,1222,Раздел 6. Адаптация мужского и женского сан.узлов,Монтажные работы,услуги,монтажные работы
,1-100-39,"Средний разряд работы 3,9",чел.-ч,26.56,,1.0624,,,387.42,,411.6,1223,Раздел 6. Адаптация мужского и женского сан.узлов,Монтажные работы,услуги,монтажные работы
,2,ЭМ,,,,,,,,,7.08,1224,Раздел 6. Адаптация мужского и женского сан.узлов,Монтажные работы,,монтажные работы
,,ОТм(ЗТм),чел.-ч,,,0.0056,,,,,2.67,1225,Раздел 6. Адаптация мужского и женского сан.узлов,Монтажные работы,услуги,монтажные работы
,91.05.05-015,"Краны на автомобильном ходу, грузоподъемность 16 т",маш.-ч,0.09,,0.0036,,,1626.46,,5.86,1226,Раздел 6. Адаптация мужского и женского сан.узлов,Монтажные работы,услуги,монтажные работы
,4-100-060,ОТм(Зтм) Средний разряд машинистов 6,чел.-ч,0.09,,0.0036,,,526.3,,1.89,1227,Раздел 6. Адаптация мужского и женского сан.узлов,Монтажные работы,услуги,монтажные работы
,91.14.02-001,"Автомобили бортовые, грузоподъемность до 5 т",маш.-ч,0.05,,0.002,,,611.87,,1.22,1228,Раздел 6. Адаптация мужского и женского сан.узлов,Монтажные работы,услуги,монтажные работы
,4-100-040,ОТм(Зтм) Средний разряд машинистов 4,чел.-ч,0.05,,0.002,,,391.8,,0.78,1229,Раздел 6. Адаптация мужского и женского сан.узлов,Монтажные работы,услуги,монтажные работы
,4,М,,,,,,,,,1.86,1230,Раздел 6. Адаптация мужского и женского сан.узлов,Монтажные работы,,монтажные работы
,01.7.03.04-0001,Электроэнергия,кВт-ч,5.5,,0.22,,,8.46,,1.86,1231,Раздел 6. Адаптация мужского и женского сан.узлов,Монтажные работы,материалы,монтажные работы
Н,01.7.04.01,Доводчики дверные,шт,100.0,,4.0,,,,,,1232,Раздел 6. Адаптация мужского и женского сан.узлов,Монтажные работы,материалы,монтажные работы
,,Итого прямые затраты,,,,,,,,,423.21,1233,Раздел 6. Адаптация мужского и женского сан.узлов,Монтажные работы,,монтажные работы
,,ФОТ,,,,,,,,,414.27,1234,Раздел 6. Адаптация мужского и женского сан.узлов,Монтажные работы,,монтажные работы
,Пр/812-010.0-1,НР Деревянные конструкции,%,108.0,,108.0,,,,,447.41,1235,Раздел 6. Адаптация мужского и женского сан.узлов,Монтажные работы,,монтажные работы
,Пр/774-010,СП Деревянные конструкции,%,55.0,,55.0,,,,,227.85,1236,Раздел 6. Адаптация мужского и женского сан.узлов,Монтажные работы,,монтажные работы
,,Всего по позиции,,,,,,,27461.75,,1098.47,1237,Раздел 6. Адаптация мужского и женского сан.узлов,Монтажные работы,,монтажные работы
146,ФСБЦ-01.7.04.01-1012,"Доводчик дверной рычажный для распашных дверей шириной до 1100 мм, масса двери до 80 кг",шт,4.0,1.0,4.0,1705.98,1.12,1910.7,,7642.8,1238,Раздел 6. Адаптация мужского и женского сан.узлов,Монтажные работы,материалы,монтажные работы
,,(Деревянные конструкции),,,,,,,,,,1239,Раздел 6. Адаптация мужского и женского сан.узлов,Монтажные работы,,монтажные работы
,,Всего по позиции,,,,,,,,,7642.8,1240,Раздел 6. Адаптация мужского и женского сан.узлов,Монтажные работы,,монтажные работы
147,ГЭСН09-04-009-04,"Монтаж оконных блоков: из алюминиевых многокамерных профилей с герметичными стеклопакетами(Прим. дверь Д9-2 шт, размером 1500мм*1800мм(h))",100 м2,0.054,1.0,0.054,,,,,,1241,Раздел 6. Адаптация мужского и женского сан.узлов,Монтажные работы,материалы,монтажные работы
,,"Объем=(1,5*1,8*2) / 100",,,,,,,,,,1242,Раздел 6. Адаптация мужского и женского сан.узлов,Монтажные работы,,монтажные работы
,1,ОТ(ЗТ),чел.-ч,,,23.64768,,,,,9541.84,1243,Раздел 6. Адаптация мужского и женского сан.узлов,Монтажные работы,услуги,монтажные работы
,1-100-42,"Средний разряд работы 4,2",чел.-ч,437.92,,23.64768,,,403.5,,9541.84,1244,Раздел 6. Адаптация мужского и женского сан.узлов,Монтажные работы,услуги,монтажные работы
,2,ЭМ,,,,,,,,,2038.23,1245,Раздел 6. Адаптация мужского и женского сан.узлов,Монтажные работы,,монтажные работы
,,ОТм(ЗТм),чел.-ч,,,1.04274,,,,,576.83,1246,Раздел 6. Адаптация мужского и женского сан.узлов,Монтажные работы,услуги,монтажные работы
,91.05.05-015,"Краны на автомобильном ходу, грузоподъемность 16 т",маш.-ч,0.55,,0.0297,,,1626.46,,48.31,1247,Раздел 6. Адаптация мужского и женского сан.узлов,Монтажные работы,услуги,монтажные работы
,4-100-060,ОТм(Зтм) Средний разряд машинистов 6,чел.-ч,0.55,,0.0297,,,526.3,,15.63,1248,Раздел 6. Адаптация мужского и женского сан.узлов,Монтажные работы,услуги,монтажные работы
,91.05.08-007,"Краны на пневмоколесном ходу, грузоподъемность 30 т",маш.-ч,17.94,,0.96876,1761.85,1.15,2026.13,,1962.83,1249,Раздел 6. Адаптация мужского и женского сан.узлов,Монтажные работы,услуги,монтажные работы
,4-100-070,ОТм(Зтм) Средний разряд машинистов 7,чел.-ч,17.94,,0.96876,,,561.39,,543.85,1250,Раздел 6. Адаптация мужского и женского сан.узлов,Монтажные работы,услуги,монтажные работы
,91.14.02-001,"Автомобили бортовые, грузоподъемность до 5 т",маш.-ч,0.82,,0.04428,,,611.87,,27.09,1251,Раздел 6. Адаптация мужского и женского сан.узлов,Монтажные работы,услуги,монтажные работы
,4-100-040,ОТм(Зтм) Средний разряд машинистов 4,чел.-ч,0.82,,0.04428,,,391.8,,17.35,1252,Раздел 6. Адаптация мужского и женского сан.узлов,Монтажные работы,услуги,монтажные работы
,4,М,,,,,,,,,76.83,1253,Раздел 6. Адаптация мужского и женского сан.узлов,Монтажные работы,,монтажные работы
,01.7.03.04-0001,Электроэнергия,кВт-ч,1.7212,,0.0929448,,,8.46,,0.79,1254,Раздел 6. Адаптация мужского и женского сан.узлов,Монтажные работы,материалы,монтажные работы
,01.7.15.03-0042,Болты с гайками и шайбами строительные,кг,7.0,,0.378,174.93,1.15,201.17,,76.04,1255,Раздел 6. Адаптация мужского и женского сан.узлов,Монтажные работы,материалы,монтажные работы
"П,Н",01.7.15.08,"Элементы крепления нащельников и деталей обрамления (самонарезающиеся винты, заклепки и т.д.)",т,0.0,,0.0,,,,,,1256,Раздел 6. Адаптация мужского и женского сан.узлов,Монтажные работы,материалы,монтажные работы
Н,01.8.02.08,Стеклопакеты,м2,94.0,,5.076,,,,,,1257,Раздел 6. Адаптация мужского и женского сан.узлов,Монтажные работы,материалы,монтажные работы
"П,Н",09.4.03.05,Блоки оконные из алюминиевых сплавов,т,0.0,,0.0,,,,,,1258,Раздел 6. Адаптация мужского и женского сан.узлов,Монтажные работы,материалы,монтажные работы
"П,Н",09.4.03.11,Нащельники и детали обрамления из алюминиевых сплавов,т,0.0,,0.0,,,,,,1259,Раздел 6. Адаптация мужского и женского сан.узлов,Монтажные работы,материалы,монтажные работы
,,Итого прямые затраты,,,,,,,,,12233.73,1260,Раздел 6. Адаптация мужского и женского сан.узлов,Монтажные работы,,монтажные работы
,,ФОТ,,,,,,,,,10118.67,1261,Раздел 6. Адаптация мужского и женского сан.узлов,Монтажные работы,,монтажные работы
,Пр/812-009.0-1,НР Строительные металлические конструкции,%,93.0,,93.0,,,,,9410.36,1262,Раздел 6. Адаптация мужского и женского сан.узлов,Монтажные работы,,монтажные работы
,Пр/774-009,СП Строительные металлические конструкции,%,62.0,,62.0,,,,,6273.58,1263,Раздел 6. Адаптация мужского и женского сан.узлов,Монтажные работы,,монтажные работы
,,Всего по позиции,,,,,,,516993.89,,27917.67,1264,Раздел 6. Адаптация мужского и женского сан.узлов,Монтажные работы,,монтажные работы
148,ФСБЦ-09.4.02.01-0028,"Блок дверной входной маятниковый двупольный из алюминиевого профиля с комплектующими и доводчиками, заполнение дверного полотна однокамерным стеклопакетом толщиной 24 мм, без импоста, площадь от 3,01 м2 до 3,5 м2( Прим. дверь алюминевая в комплекте с петлями , ручками, замком Д9-2 шт, размером 1500мм*1800мм(h))",м2,5.4,1.0,5.4,24877.02,1.15,28608.57,,154486.28,1265,Раздел 6. Адаптация мужского и женского сан.узлов,Монтажные работы,материалы,монтажные работы
,,(Строительные металлические конструкции),,,,,,,,,,1266,Раздел 6. Адаптация мужского и женского сан.узлов,Монтажные работы,,монтажные работы
,,"Объем=1,8*1,5*2",,,,,,,,,,1267,Раздел 6. Адаптация мужского и женского сан.узлов,Монтажные работы,,монтажные работы
,,Всего по позиции,,,,,,,,,154486.28,1268,Раздел 6. Адаптация мужского и женского сан.узлов,Монтажные работы,,монтажные работы
149,ГЭСН09-05-014-02,"Установка номерных табличек: для этажа, подъезда( Прим.)",шт,8.0,1.0,8.0,,,,,,1269,Раздел 6. Адаптация мужского и женского сан.узлов,Монтажные работы,материалы,монтажные работы
,,Объем=1+1+4+2,,,,,,,,,,1270,Раздел 6. Адаптация мужского и женского сан.узлов,Монтажные работы,,монтажные работы
,1,ОТ(ЗТ),чел.-ч,,,4.16,,,,,1447.43,1271,Раздел 6. Адаптация мужского и женского сан.узлов,Монтажные работы,услуги,монтажные работы
,1-100-30,"Средний разряд работы 3,0",чел.-ч,0.52,,4.16,,,347.94,,1447.43,1272,Раздел 6. Адаптация мужского и женского сан.узлов,Монтажные работы,услуги,монтажные работы
,4,М,,,,,,,,,120.03,1273,Раздел 6. Адаптация мужского и женского сан.узлов,Монтажные работы,,монтажные работы
,01.7.15.07-0010,"Дюбели пластмассовые с шурупами, диаметр 10 мм, длина 50-60 мм, диаметр шурупа 6 мм, длина шурупа 50-80 мм",100 шт,0.02,,0.16,595.38,1.26,750.18,,120.03,1274,Раздел 6. Адаптация мужского и женского сан.узлов,Монтажные работы,материалы,монтажные работы
Н,20.3.04.02,"Знаки, таблички",шт,1.0,,8.0,,,,,,1275,Раздел 6. Адаптация мужского и женского сан.узлов,Монтажные работы,материалы,монтажные работы
,,Итого прямые затраты,,,,,,,,,1567.46,1276,Раздел 6. Адаптация мужского и женского сан.узлов,Монтажные работы,,монтажные работы
,,ФОТ,,,,,,,,,1447.43,1277,Раздел 6. Адаптация мужского и женского сан.узлов,Монтажные работы,,монтажные работы
,Пр/812-009.0-1,НР Строительные металлические конструкции,%,93.0,,93.0,,,,,1346.11,1278,Раздел 6. Адаптация мужского и женского сан.узлов,Монтажные работы,,монтажные работы
,Пр/774-009,СП Строительные металлические конструкции,%,62.0,,62.0,,,,,897.41,1279,Раздел 6. Адаптация мужского и женского сан.узлов,Монтажные работы,,монтажные работы
,,Всего по позиции,,,,,,,476.37,,3810.98,1280,Раздел 6. Адаптация мужского и женского сан.узлов,Монтажные работы,,монтажные работы
150,ТЦ_20.3.04.02_71_6915010809_24.07.2025_02_17.1,"СП-05 Пиктограмма с дублированием информации по системе Брайля. Туалет для инвалидов (М), монохром, ПВХ",шт,1.0,1.0,1.0,,,403.92,,403.92,1281,Раздел 6. Адаптация мужского и женского сан.узлов,Монтажные работы,материалы,монтажные работы
,,(Материалы),,,,,,,,,,1282,Раздел 6. Адаптация мужского и женского сан.узлов,Монтажные работы,,монтажные работы
,,Всего по позиции,,,,,,,,,403.92,1283,Раздел 6. Адаптация мужского и женского сан.узлов,Монтажные работы,,монтажные работы
151,ТЦ_20.3.04.02_71_6915012732_24.07.2025_02_16.1,"СП-06 Пиктограмма с дублированием информации по системе Брайля. Туалет для инвалидов (Ж), монохром, ПВХ",шт,1.0,1.0,1.0,,,224.4,,224.4,1284,Раздел 6. Адаптация мужского и женского сан.узлов,Монтажные работы,материалы,монтажные работы
,,(Материалы),,,,,,,,,,1285,Раздел 6. Адаптация мужского и женского сан.узлов,Монтажные работы,,монтажные работы
,,Всего по позиции,,,,,,,,,224.4,1286,Раздел 6. Адаптация мужского и женского сан.узлов,Монтажные работы,,монтажные работы
152,ТЦ_20.3.04.02_71_6915012732_24.07.2025_02_18.1,"Мнемосхема тактильная ГОСТ, монохром, на оргстекле 3 мм с индивидуальными размерами",шт,4.0,1.0,4.0,,,3911.7,,15646.8,1287,Раздел 6. Адаптация мужского и женского сан.узлов,Монтажные работы,материалы,монтажные работы
,,(Материалы),,,,,,,,,,1288,Раздел 6. Адаптация мужского и женского сан.узлов,Монтажные работы,,монтажные работы
,,Всего по позиции,,,,,,,,,15646.8,1289,Раздел 6. Адаптация мужского и женского сан.узлов,Монтажные работы,,монтажные работы
153,ТЦ_20.3.04.02_71_6915012732_28.07.2025_02_38.1,"Пиктограмма с дублированием информации по системе Брайля на специальной наклонной площадке «Обособленный туалет для инвалидов на кресле-коляске», ГОСТ-2019",шт,2.0,1.0,2.0,,,1281.8,,2563.6,1290,Раздел 6. Адаптация мужского и женского сан.узлов,Монтажные работы,материалы,монтажные работы
,,(Материалы),,,,,,,,,,1291,Раздел 6. Адаптация мужского и женского сан.узлов,Монтажные работы,,монтажные работы
,,Всего по позиции,,,,,,,,,2563.6,1292,Раздел 6. Адаптация мужского и женского сан.узлов,Монтажные работы,,монтажные работы
154,ГЭСН17-01-002-04,"Установка гарнитуры туалетной: вешалок, подстаканников, поручней для ванн и т.д.(прим.)",10 шт,0.2,1.0,0.2,,,,,,1293,Раздел 6. Адаптация мужского и женского сан.узлов,Монтажные работы,материалы,монтажные работы
,,Объем=2 / 10,,,,,,,,,,1294,Раздел 6. Адаптация мужского и женского сан.узлов,Монтажные работы,,монтажные работы
,1,ОТ(ЗТ),чел.-ч,,,0.56,,,,,219.41,1295,Раздел 6. Адаптация мужского и женского сан.узлов,Монтажные работы,услуги,монтажные работы
,1-100-40,"Средний разряд работы 4,0",чел.-ч,2.8,,0.56,,,391.8,,219.41,1296,Раздел 6. Адаптация мужского и женского сан.узлов,Монтажные работы,услуги,монтажные работы
,4,М,,,,,,,,,6.7,1297,Раздел 6. Адаптация мужского и женского сан.узлов,Монтажные работы,,монтажные работы
,01.7.03.04-0001,Электроэнергия,кВт-ч,0.052,,0.0104,,,8.46,,0.09,1298,Раздел 6. Адаптация мужского и женского сан.узлов,Монтажные работы,материалы,монтажные работы
,01.7.15.07-0022,"Дюбели полиэтиленовые распорные, диаметр 6 мм, длина 40 мм",1000 шт,0.02,,0.004,261.09,1.26,328.97,,1.32,1299,Раздел 6. Адаптация мужского и женского сан.узлов,Монтажные работы,материалы,монтажные работы
,01.7.15.14-0167,"Шурупы самонарезающие стальные с полукруглой головкой и прямым шлицем, остроконечные, диаметр 5 мм, длина 50 мм",т,0.00014,,2.8e-05,110308.96,1.26,138989.29,,3.89,1300,Раздел 6. Адаптация мужского и женского сан.узлов,Монтажные работы,материалы,монтажные работы
,08.1.02.11-0001,"Поковки из квадратных заготовок, масса 1,5-4,5 кг",т,0.0001,,2e-05,55898.18,1.25,69872.73,,1.4,1301,Раздел 6. Адаптация мужского и женского сан.узлов,Монтажные работы,материалы,монтажные работы
Н,18.2.06.04,Гарнитура туалетная,шт,10.0,,2.0,,,,,,1302,Раздел 6. Адаптация мужского и женского сан.узлов,Монтажные работы,материалы,монтажные работы
,,Итого прямые затраты,,,,,,,,,226.11,1303,Раздел 6. Адаптация мужского и женского сан.узлов,Монтажные работы,,монтажные работы
,,ФОТ,,,,,,,,,219.41,1304,Раздел 6. Адаптация мужского и женского сан.узлов,Монтажные работы,,монтажные работы
,Пр/812-016.0-1,"НР Сантехнические работы - внутренние (трубопроводы, водопровод, канализация, отопление, газоснабжение, вентиляция и кондиционирование воздуха)",%,121.0,,121.0,,,,,265.49,1305,Раздел 6. Адаптация мужского и женского сан.узлов,Монтажные работы,,монтажные работы
,Пр/774-016,"СП Сантехнические работы - внутренние (трубопроводы, водопровод, канализация, отопление, газоснабжение, вентиляция и кондиционирование воздуха)",%,72.0,,72.0,,,,,157.98,1306,Раздел 6. Адаптация мужского и женского сан.узлов,Монтажные работы,,монтажные работы
,,Всего по позиции,,,,,,,3247.9,,649.58,1307,Раздел 6. Адаптация мужского и женского сан.узлов,Монтажные работы,,монтажные работы
155,ТЦ_18.2.06.07_71_6915012732_28.07.2025_02_20.1,"Крючок-держатель для костылей и трости, М9, сталь",шт,2.0,1.0,2.0,,,1023.06,,2046.12,1308,Раздел 6. Адаптация мужского и женского сан.узлов,Монтажные работы,материалы,монтажные работы
,,(Материалы),,,,,,,,,,1309,Раздел 6. Адаптация мужского и женского сан.узлов,Монтажные работы,,монтажные работы
,,Всего по позиции,,,,,,,,,2046.12,1310,Раздел 6. Адаптация мужского и женского сан.узлов,Монтажные работы,,монтажные работы
156,ГЭСНм10-01-039-06,"Реле, ключ, кнопка и др. с подготовкой места установки( кнопка вызова персонала)",шт,2.0,1.0,2.0,,,,,,1311,Раздел 6. Адаптация мужского и женского сан.узлов,Монтажные работы,материалы,монтажные работы
,1,ОТ(ЗТ),чел.-ч,,,4.0,,,,,1391.76,1312,Раздел 6. Адаптация мужского и женского сан.узлов,Монтажные работы,услуги,монтажные работы
,1-100-30,"Средний разряд работы 3,0",чел.-ч,2.0,,4.0,,,347.94,,1391.76,1313,Раздел 6. Адаптация мужского и женского сан.узлов,Монтажные работы,услуги,монтажные работы
,,Итого прямые затраты,,,,,,,,,1391.76,1314,Раздел 6. Адаптация мужского и женского сан.узлов,Монтажные работы,,монтажные работы
156.1,421/пр_2020_п.75_пп.а,Вспомогательные ненормируемые материальные ресурсы,%,2.0,,2.0,,,,,27.84,1315,Раздел 6. Адаптация мужского и женского сан.узлов,Монтажные работы,,монтажные работы
,,ФОТ,,,,,,,,,1391.76,1316,Раздел 6. Адаптация мужского и женского сан.узлов,Монтажные работы,,монтажные работы
,Пр/812-051.1-1,НР Прокладка и монтаж сетей связи,%,90.0,,90.0,,,,,1252.58,1317,Раздел 6. Адаптация мужского и женского сан.узлов,Монтажные работы,,монтажные работы
,Пр/774-051.1,СП Прокладка и монтаж сетей связи,%,46.0,,46.0,,,,,640.21,1318,Раздел 6. Адаптация мужского и женского сан.узлов,Монтажные работы,,монтажные работы
,,Всего по позиции,,,,,,,1656.2,,3312.39,1319,Раздел 6. Адаптация мужского и женского сан.узлов,Монтажные работы,,монтажные работы
157,ТЦ_62.2.01.00_71_6915012732_28.07.2025_02_21.1,Антивандальная кнопка вызова персонала со звуковым сигналом и шнурком СТ3 порошковая покраска. 182 x 95 x 25мм,шт,2.0,1.0,2.0,,,7287.9,,14575.8,1320,Раздел 6. Адаптация мужского и женского сан.узлов,Монтажные работы,материалы,монтажные работы
,,(Прокладка и монтаж сетей связи),,,,,,,,,,1321,Раздел 6. Адаптация мужского и женского сан.узлов,Монтажные работы,,монтажные работы
,,Всего по позиции,,,,,,,,,14575.8,1322,Раздел 6. Адаптация мужского и женского сан.узлов,Монтажные работы,,монтажные работы
158,ГЭСН11-01-038-05,Устройство покрытий из плиток поливинилхлоридных: тактильных размером 500х500 мм на клее,100 шт,0.06,1.0,0.06,,,,,,1323,Раздел 6. Адаптация мужского и женского сан.узлов,Монтажные работы,материалы,монтажные работы
,,Объем=6 / 100,,,,,,,,,,1324,Раздел 6. Адаптация мужского и женского сан.узлов,Монтажные работы,,монтажные работы
,1,ОТ(ЗТ),чел.-ч,,,0.4446,,,,,162.5,1325,Раздел 6. Адаптация мужского и женского сан.узлов,Монтажные работы,услуги,монтажные работы
,1-100-34,"Средний разряд работы 3,4",чел.-ч,7.41,,0.4446,,,365.49,,162.5,1326,Раздел 6. Адаптация мужского и женского сан.узлов,Монтажные работы,услуги,монтажные работы
,2,ЭМ,,,,,,,,,13.39,1327,Раздел 6. Адаптация мужского и женского сан.узлов,Монтажные работы,,монтажные работы
,,ОТм(ЗТм),чел.-ч,,,0.0234,,,,,9.03,1328,Раздел 6. Адаптация мужского и женского сан.узлов,Монтажные работы,услуги,монтажные работы
,91.06.06-048,"Подъемники одномачтовые, грузоподъемность до 500 кг, высота подъема 45 м",маш.-ч,0.05,,0.003,37.32,1.48,55.23,,0.17,1329,Раздел 6. Адаптация мужского и женского сан.узлов,Монтажные работы,услуги,монтажные работы
,4-100-030,ОТм(Зтм) Средний разряд машинистов 3,чел.-ч,0.05,,0.003,,,347.94,,1.04,1330,Раздел 6. Адаптация мужского и женского сан.узлов,Монтажные работы,услуги,монтажные работы
,91.14.02-001,"Автомобили бортовые, грузоподъемность до 5 т",маш.-ч,0.34,,0.0204,,,611.87,,12.48,1331,Раздел 6. Адаптация мужского и женского сан.узлов,Монтажные работы,услуги,монтажные работы
,4-100-040,ОТм(Зтм) Средний разряд машинистов 4,чел.-ч,0.34,,0.0204,,,391.8,,7.99,1332,Раздел 6. Адаптация мужского и женского сан.узлов,Монтажные работы,услуги,монтажные работы
,91.21.22-638,"Пылесосы промышленные, мощность до 2000 Вт",маш.-ч,1.25,,0.075,,,9.84,,0.74,1333,Раздел 6. Адаптация мужского и женского сан.узлов,Монтажные работы,услуги,монтажные работы
Н,01.6.03.01,Плитка тактильная поливинилхлоридная,м2,25.38,,1.5228,,,,,,1334,Раздел 6. Адаптация мужского и женского сан.узлов,Монтажные работы,материалы,монтажные работы
Н,14.1.02.04,Состав клеящий,кг,8.0,,0.48,,,,,,1335,Раздел 6. Адаптация мужского и женского сан.узлов,Монтажные работы,материалы,монтажные работы
Н,14.4.01.02,Грунтовки на акриловой основе,кг,2.5,,0.15,,,,,,1336,Раздел 6. Адаптация мужского и женского сан.узлов,Монтажные работы,материалы,монтажные работы
,,Итого прямые затраты,,,,,,,,,184.92,1337,Раздел 6. Адаптация мужского и женского сан.узлов,Монтажные работы,,монтажные работы
,,ФОТ,,,,,,,,,171.53,1338,Раздел 6. Адаптация мужского и женского сан.узлов,Монтажные работы,,монтажные работы
,Пр/812-011.0-1,НР Полы,%,112.0,,112.0,,,,,192.11,1339,Раздел 6. Адаптация мужского и женского сан.узлов,Монтажные работы,,монтажные работы
,Пр/774-011,СП Полы,%,65.0,,65.0,,,,,111.49,1340,Раздел 6. Адаптация мужского и женского сан.узлов,Монтажные работы,,монтажные работы
,,Всего по позиции,,,,,,,8142.0,,488.52,1341,Раздел 6. Адаптация мужского и женского сан.узлов,Монтажные работы,,монтажные работы
159,ФСБЦ-14.4.01.02-0012,"Грунтовка укрепляющая, глубокого проникновения, быстросохнущая, паропроницаемая",кг,0.15,1.0,0.15,68.29,1.5,102.44,,15.37,1342,Раздел 6. Адаптация мужского и женского сан.узлов,Монтажные работы,материалы,монтажные работы
,,(Полы),,,,,,,,,,1343,Раздел 6. Адаптация мужского и женского сан.узлов,Монтажные работы,,монтажные работы
,,Всего по позиции,,,,,,,,,15.37,1344,Раздел 6. Адаптация мужского и женского сан.узлов,Монтажные работы,,монтажные работы
160,ФСБЦ-01.6.01.11-0045,"Плитки тактильные из резинополиуретана, размеры 500х500 мм, толщина с учетом высоты тактильных элементов 5 мм",м2,1.5228,1.0,1.5228,1728.85,1.51,2610.56,,3975.36,1345,Раздел 6. Адаптация мужского и женского сан.узлов,Монтажные работы,материалы,монтажные работы
,,(Полы),,,,,,,,,,1346,Раздел 6. Адаптация мужского и женского сан.узлов,Монтажные работы,,монтажные работы
,,Всего по позиции,,,,,,,,,3975.36,1347,Раздел 6. Адаптация мужского и женского сан.узлов,Монтажные работы,,монтажные работы
161,ФСБЦ-14.2.06.09-1014,"Средство связующее полиуретановое для изготовления изделий из резиновой/каучуковой крошки и устройства высокопрочных эластичных покрытий, вязкость 4,5-6,5 Па*с при температуре +23 °C, плотность 1,06-1,12 г/см3( прим. Двухкомпонентный клей Fixvert-S для монтажа тактильной плитки из нержавеющей стали. Расход 1 кг клея/1м2)",кг,1.5,1.0,1.5,338.36,1.5,507.54,,761.31,1348,Раздел 6. Адаптация мужского и женского сан.узлов,Монтажные работы,материалы,монтажные работы
,,(Полы),,,,,,,,,,1349,Раздел 6. Адаптация мужского и женского сан.узлов,Монтажные работы,,монтажные работы
,,"Объем=0,48*0+0,5*0,5*6*1,0",,,,,,,,,,1350,Раздел 6. Адаптация мужского и женского сан.узлов,Монтажные работы,,монтажные работы
,,Всего по позиции,,,,,,,,,761.31,1351,Раздел 6. Адаптация мужского и женского сан.узлов,Монтажные работы,,монтажные работы
водоотведение,,,,,,,,,,,,1352,Раздел 6. Адаптация мужского и женского сан.узлов,водоотведение,,монтажные работы
162,ГЭСН16-04-001-01,Прокладка трубопроводов канализации из полиэтиленовых труб высокой плотности диаметром: 50 мм,100 м,0.042,1.0,0.042,,,,,,1353,Раздел 6. Адаптация мужского и женского сан.узлов,водоотведение,материалы,монтажные работы
,,"Объем=(2,1*2) / 100",,,,,,,,,,1354,Раздел 6. Адаптация мужского и женского сан.узлов,водоотведение,,монтажные работы
,1,ОТ(ЗТ),чел.-ч,,,2.4528,,,,,989.7,1355,Раздел 6. Адаптация мужского и женского сан.узлов,водоотведение,услуги,монтажные работы
,1-100-42,"Средний разряд работы 4,2",чел.-ч,58.4,,2.4528,,,403.5,,989.7,1356,Раздел 6. Адаптация мужского и женского сан.узлов,водоотведение,услуги,монтажные работы
,2,ЭМ,,,,,,,,,1.31,1357,Раздел 6. Адаптация мужского и женского сан.узлов,водоотведение,,монтажные работы
,,ОТм(ЗТм),чел.-ч,,,0.00126,,,,,0.6,1358,Раздел 6. Адаптация мужского и женского сан.узлов,водоотведение,услуги,монтажные работы
,91.05.01-017,"Краны башенные, грузоподъемность 8 т",маш.-ч,0.01,,0.00042,622.62,1.4,871.67,,0.37,1359,Раздел 6. Адаптация мужского и женского сан.узлов,водоотведение,услуги,монтажные работы
,4-100-060,ОТм(Зтм) Средний разряд машинистов 6,чел.-ч,0.01,,0.00042,,,526.3,,0.22,1360,Раздел 6. Адаптация мужского и женского сан.узлов,водоотведение,услуги,монтажные работы
,91.05.05-015,"Краны на автомобильном ходу, грузоподъемность 16 т",маш.-ч,0.01,,0.00042,,,1626.46,,0.68,1361,Раздел 6. Адаптация мужского и женского сан.узлов,водоотведение,услуги,монтажные работы
,4-100-060,ОТм(Зтм) Средний разряд машинистов 6,чел.-ч,0.01,,0.00042,,,526.3,,0.22,1362,Раздел 6. Адаптация мужского и женского сан.узлов,водоотведение,услуги,монтажные работы
,91.14.02-001,"Автомобили бортовые, грузоподъемность до 5 т",маш.-ч,0.01,,0.00042,,,611.87,,0.26,1363,Раздел 6. Адаптация мужского и женского сан.узлов,водоотведение,услуги,монтажные работы
,4-100-040,ОТм(Зтм) Средний разряд машинистов 4,чел.-ч,0.01,,0.00042,,,391.8,,0.16,1364,Раздел 6. Адаптация мужского и женского сан.узлов,водоотведение,услуги,монтажные работы
,4,М,,,,,,,,,8.97,1365,Раздел 6. Адаптация мужского и женского сан.узлов,водоотведение,,монтажные работы
,01.7.03.01-0001,Вода,м3,0.39,,0.01638,35.71,0.89,31.78,,0.52,1366,Раздел 6. Адаптация мужского и женского сан.узлов,водоотведение,материалы,монтажные работы
,01.7.15.03-0014,"Болты стальные с шестигранной головкой, в комплекте с шестигранной гайкой и плоской круглой шайбой, диаметр резьбы М16, длина болта 25-200 мм",т,0.0012,,5.04e-05,145801.49,1.15,167671.71,,8.45,1367,Раздел 6. Адаптация мужского и женского сан.узлов,водоотведение,материалы,монтажные работы
Н,01.7.19.02,Кольца резиновые,кг,1.5,,0.063,,,,,,1368,Раздел 6. Адаптация мужского и женского сан.узлов,водоотведение,материалы,монтажные работы
"П,Н",18.1.02.01,Задвижки,шт,0.0,,0.0,,,,,,1369,Раздел 6. Адаптация мужского и женского сан.узлов,водоотведение,материалы,монтажные работы
"П,Н",23.1.02.07,Крепления,кг,0.0,,0.0,,,,,,1370,Раздел 6. Адаптация мужского и женского сан.узлов,водоотведение,материалы,монтажные работы
Н,24.3.03.02,"Трубопроводы канализации из полиэтиленовых труб высокой плотности с гильзами, диаметром 50 мм",м,99.8,,4.1916,,,,,,1371,Раздел 6. Адаптация мужского и женского сан.узлов,водоотведение,материалы,монтажные работы
,,Итого прямые затраты,,,,,,,,,1000.58,1372,Раздел 6. Адаптация мужского и женского сан.узлов,водоотведение,,монтажные работы
,,ФОТ,,,,,,,,,990.3,1373,Раздел 6. Адаптация мужского и женского сан.узлов,водоотведение,,монтажные работы
,Пр/812-016.0-1,"НР Сантехнические работы - внутренние (трубопроводы, водопровод, канализация, отопление, газоснабжение, вентиляция и кондиционирование воздуха)",%,121.0,,121.0,,,,,1198.26,1374,Раздел 6. Адаптация мужского и женского сан.узлов,водоотведение,,монтажные работы
,Пр/774-016,"СП Сантехнические работы - внутренние (трубопроводы, водопровод, канализация, отопление, газоснабжение, вентиляция и кондиционирование воздуха)",%,72.0,,72.0,,,,,713.02,1375,Раздел 6. Адаптация мужского и женского сан.узлов,водоотведение,,монтажные работы
,,Всего по позиции,,,,,,,69330.0,,2911.86,1376,Раздел 6. Адаптация мужского и женского сан.узлов,водоотведение,,монтажные работы
163,ФСБЦ-24.3.02.02-0003,"Трубы полипропиленовые для систем водоотведения, диаметр 50 мм",м,4.1916,1.0,4.1916,134.0,1.14,152.76,,640.31,1377,Раздел 6. Адаптация мужского и женского сан.узлов,водоотведение,материалы,монтажные работы
,,"(Сантехнические работы - внутренние (трубопроводы, водопровод, канализация, отопление, газоснабжение, вентиляция и кондиционирование воздуха))",,,,,,,,,,1378,Раздел 6. Адаптация мужского и женского сан.узлов,водоотведение,,монтажные работы
,,Всего по позиции,,,,,,,,,640.31,1379,Раздел 6. Адаптация мужского и женского сан.узлов,водоотведение,,монтажные работы
164,ФСБЦ-24.3.05.08-0203,"Отвод 87,5° полипропиленовый для систем водоотведения, диаметр 50 мм",шт,4.0,1.0,4.0,24.29,1.14,27.69,,110.76,1380,Раздел 6. Адаптация мужского и женского сан.узлов,водоотведение,материалы,монтажные работы
,,"(Сантехнические работы - внутренние (трубопроводы, водопровод, канализация, отопление, газоснабжение, вентиляция и кондиционирование воздуха))",,,,,,,,,,1381,Раздел 6. Адаптация мужского и женского сан.узлов,водоотведение,,монтажные работы
,,Объем=2*2,,,,,,,,,,1382,Раздел 6. Адаптация мужского и женского сан.узлов,водоотведение,,монтажные работы
,,Всего по позиции,,,,,,,,,110.76,1383,Раздел 6. Адаптация мужского и женского сан.узлов,водоотведение,,монтажные работы
165,ГЭСН16-04-001-02,Прокладка трубопроводов канализации из полиэтиленовых труб высокой плотности диаметром: 110 мм,100 м,0.022,1.0,0.022,,,,,,1384,Раздел 6. Адаптация мужского и женского сан.узлов,водоотведение,материалы,монтажные работы
,,"Объем=(1,1*2) / 100",,,,,,,,,,1385,Раздел 6. Адаптация мужского и женского сан.узлов,водоотведение,,монтажные работы
,1,ОТ(ЗТ),чел.-ч,,,1.232,,,,,497.11,1386,Раздел 6. Адаптация мужского и женского сан.узлов,водоотведение,услуги,монтажные работы
,1-100-42,"Средний разряд работы 4,2",чел.-ч,56.0,,1.232,,,403.5,,497.11,1387,Раздел 6. Адаптация мужского и женского сан.узлов,водоотведение,услуги,монтажные работы
,2,ЭМ,,,,,,,,,1.57,1388,Раздел 6. Адаптация мужского и женского сан.узлов,водоотведение,,монтажные работы
,,ОТм(ЗТм),чел.-ч,,,0.00154,,,,,0.75,1389,Раздел 6. Адаптация мужского и женского сан.узлов,водоотведение,услуги,монтажные работы
,91.05.01-017,"Краны башенные, грузоподъемность 8 т",маш.-ч,0.03,,0.00066,622.62,1.4,871.67,,0.58,1390,Раздел 6. Адаптация мужского и женского сан.узлов,водоотведение,услуги,монтажные работы
,4-100-060,ОТм(Зтм) Средний разряд машинистов 6,чел.-ч,0.03,,0.00066,,,526.3,,0.35,1391,Раздел 6. Адаптация мужского и женского сан.узлов,водоотведение,услуги,монтажные работы
,91.05.05-015,"Краны на автомобильном ходу, грузоподъемность 16 т",маш.-ч,0.02,,0.00044,,,1626.46,,0.72,1392,Раздел 6. Адаптация мужского и женского сан.узлов,водоотведение,услуги,монтажные работы
,4-100-060,ОТм(Зтм) Средний разряд машинистов 6,чел.-ч,0.02,,0.00044,,,526.3,,0.23,1393,Раздел 6. Адаптация мужского и женского сан.узлов,водоотведение,услуги,монтажные работы
,91.14.02-001,"Автомобили бортовые, грузоподъемность до 5 т",маш.-ч,0.02,,0.00044,,,611.87,,0.27,1394,Раздел 6. Адаптация мужского и женского сан.узлов,водоотведение,услуги,монтажные работы
,4-100-040,ОТм(Зтм) Средний разряд машинистов 4,чел.-ч,0.02,,0.00044,,,391.8,,0.17,1395,Раздел 6. Адаптация мужского и женского сан.узлов,водоотведение,услуги,монтажные работы
,4,М,,,,,,,,,10.91,1396,Раздел 6. Адаптация мужского и женского сан.узлов,водоотведение,,монтажные работы
,01.7.03.01-0001,Вода,м3,1.57,,0.03454,35.71,0.89,31.78,,1.1,1397,Раздел 6. Адаптация мужского и женского сан.узлов,водоотведение,материалы,монтажные работы
,01.7.15.03-0014,"Болты стальные с шестигранной головкой, в комплекте с шестигранной гайкой и плоской круглой шайбой, диаметр резьбы М16, длина болта 25-200 мм",т,0.00266,,5.85e-05,145801.49,1.15,167671.71,,9.81,1398,Раздел 6. Адаптация мужского и женского сан.узлов,водоотведение,материалы,монтажные работы
Н,01.7.19.02,Кольца резиновые,кг,4.0,,0.088,,,,,,1399,Раздел 6. Адаптация мужского и женского сан.узлов,водоотведение,материалы,монтажные работы
"П,Н",18.1.02.01,Задвижки,шт,0.0,,0.0,,,,,,1400,Раздел 6. Адаптация мужского и женского сан.узлов,водоотведение,материалы,монтажные работы
"П,Н",23.1.02.07,Крепления,кг,0.0,,0.0,,,,,,1401,Раздел 6. Адаптация мужского и женского сан.узлов,водоотведение,материалы,монтажные работы
Н,24.3.03.02,"Трубопроводы канализации из полиэтиленовых труб высокой плотности с гильзами, диаметром 110 мм",м,99.8,,2.1956,,,,,,1402,Раздел 6. Адаптация мужского и женского сан.узлов,водоотведение,материалы,монтажные работы
,,Итого прямые затраты,,,,,,,,,510.34,1403,Раздел 6. Адаптация мужского и женского сан.узлов,водоотведение,,монтажные работы
,,ФОТ,,,,,,,,,497.86,1404,Раздел 6. Адаптация мужского и женского сан.узлов,водоотведение,,монтажные работы
,Пр/812-016.0-1,"НР Сантехнические работы - внутренние (трубопроводы, водопровод, канализация, отопление, газоснабжение, вентиляция и кондиционирование воздуха)",%,121.0,,121.0,,,,,602.41,1405,Раздел 6. Адаптация мужского и женского сан.узлов,водоотведение,,монтажные работы
,Пр/774-016,"СП Сантехнические работы - внутренние (трубопроводы, водопровод, канализация, отопление, газоснабжение, вентиляция и кондиционирование воздуха)",%,72.0,,72.0,,,,,358.46,1406,Раздел 6. Адаптация мужского и женского сан.узлов,водоотведение,,монтажные работы
,,Всего по позиции,,,,,,,66873.18,,1471.21,1407,Раздел 6. Адаптация мужского и женского сан.узлов,водоотведение,,монтажные работы
166,ФСБЦ-24.3.02.02-0004,"Трубы полипропиленовые для систем водоотведения, диаметр 110 мм",м,2.1956,1.0,2.1956,324.68,1.14,370.14,,812.68,1408,Раздел 6. Адаптация мужского и женского сан.узлов,водоотведение,материалы,монтажные работы
,,"(Сантехнические работы - внутренние (трубопроводы, водопровод, канализация, отопление, газоснабжение, вентиляция и кондиционирование воздуха))",,,,,,,,,,1409,Раздел 6. Адаптация мужского и женского сан.узлов,водоотведение,,монтажные работы
,,Всего по позиции,,,,,,,,,812.68,1410,Раздел 6. Адаптация мужского и женского сан.узлов,водоотведение,,монтажные работы
167,ФСБЦ-24.3.05.08-0204,"Отвод 87,5° полипропиленовый для систем водоотведения, диаметр 110 мм",шт,8.0,1.0,8.0,88.67,1.14,101.08,,808.64,1411,Раздел 6. Адаптация мужского и женского сан.узлов,водоотведение,материалы,монтажные работы
,,"(Сантехнические работы - внутренние (трубопроводы, водопровод, канализация, отопление, газоснабжение, вентиляция и кондиционирование воздуха))",,,,,,,,,,1412,Раздел 6. Адаптация мужского и женского сан.узлов,водоотведение,,монтажные работы
,,Объем=4*2,,,,,,,,,,1413,Раздел 6. Адаптация мужского и женского сан.узлов,водоотведение,,монтажные работы
,,Всего по позиции,,,,,,,,,808.64,1414,Раздел 6. Адаптация мужского и женского сан.узлов,водоотведение,,монтажные работы
168,ФСБЦ-24.3.05.10-0001,"Переход полипропиленовый для систем водоотведения, диаметр 110х50 мм",шт,2.0,1.0,2.0,83.42,1.14,95.1,,190.2,1415,Раздел 6. Адаптация мужского и женского сан.узлов,водоотведение,материалы,монтажные работы
,,"(Сантехнические работы - внутренние (трубопроводы, водопровод, канализация, отопление, газоснабжение, вентиляция и кондиционирование воздуха))",,,,,,,,,,1416,Раздел 6. Адаптация мужского и женского сан.узлов,водоотведение,,монтажные работы
,,Объем=1*2,,,,,,,,,,1417,Раздел 6. Адаптация мужского и женского сан.узлов,водоотведение,,монтажные работы
,,Всего по позиции,,,,,,,,,190.2,1418,Раздел 6. Адаптация мужского и женского сан.узлов,водоотведение,,монтажные работы
Водоснабжение,,,,,,,,,,,,1419,Раздел 6. Адаптация мужского и женского сан.узлов,Водоснабжение,,монтажные работы
169,ГЭСН16-04-005-01,"Прокладка внутренних трубопроводов водоснабжения и отопления из многослойных полипропиленовых труб, из заранее собранных узлов, наружным диаметром: 20 мм",100 м,0.064,1.0,0.064,,,,,,1420,Раздел 6. Адаптация мужского и женского сан.узлов,Водоснабжение,материалы,монтажные работы
,,"Объем=(3,2*2) / 100",,,,,,,,,,1421,Раздел 6. Адаптация мужского и женского сан.узлов,Водоснабжение,,монтажные работы
,1,ОТ(ЗТ),чел.-ч,,,0.87744,,,,,336.09,1422,Раздел 6. Адаптация мужского и женского сан.узлов,Водоснабжение,услуги,монтажные работы
,1-100-38,"Средний разряд работы 3,8",чел.-ч,13.71,,0.87744,,,383.03,,336.09,1423,Раздел 6. Адаптация мужского и женского сан.узлов,Водоснабжение,услуги,монтажные работы
,2,ЭМ,,,,,,,,,2.4,1424,Раздел 6. Адаптация мужского и женского сан.узлов,Водоснабжение,,монтажные работы
,,ОТм(ЗТм),чел.-ч,,,0.00128,,,,,0.5,1425,Раздел 6. Адаптация мужского и женского сан.узлов,Водоснабжение,услуги,монтажные работы
,91.10.09-011,"Установки для гидравлических испытаний трубопроводов, давление нагнетания низкое 0,1 МПа (1 кгс/см2), высокое 10 МПа (100 кгс/см2)",маш.-ч,1.27,,0.08128,14.13,1.41,19.92,,1.62,1426,Раздел 6. Адаптация мужского и женского сан.узлов,Водоснабжение,услуги,монтажные работы
,91.14.02-001,"Автомобили бортовые, грузоподъемность до 5 т",маш.-ч,0.02,,0.00128,,,611.87,,0.78,1427,Раздел 6. Адаптация мужского и женского сан.узлов,Водоснабжение,услуги,монтажные работы
,4-100-040,ОТм(Зтм) Средний разряд машинистов 4,чел.-ч,0.02,,0.00128,,,391.8,,0.5,1428,Раздел 6. Адаптация мужского и женского сан.узлов,Водоснабжение,услуги,монтажные работы
,4,М,,,,,,,,,37.88,1429,Раздел 6. Адаптация мужского и женского сан.узлов,Водоснабжение,,монтажные работы
,01.7.03.01-0001,Вода,м3,0.293,,0.018752,35.71,0.89,31.78,,0.6,1430,Раздел 6. Адаптация мужского и женского сан.узлов,Водоснабжение,материалы,монтажные работы
,01.7.03.04-0001,Электроэнергия,кВт-ч,2.4828,,0.1588992,,,8.46,,1.34,1431,Раздел 6. Адаптация мужского и женского сан.узлов,Водоснабжение,материалы,монтажные работы
,01.7.15.07-0025,"Дюбели полиэтиленовые распорные, диаметр 10 мм, длина 40 мм",1000 шт,0.167,,0.010688,584.14,1.26,736.02,,7.87,1432,Раздел 6. Адаптация мужского и женского сан.узлов,Водоснабжение,материалы,монтажные работы
,01.7.15.12-0031,"Шпильки стальные оцинкованные резьбовые, диаметр резьбы М10, длина 100 мм",т,0.00317,,0.0002029,150361.36,0.92,138332.45,,28.07,1433,Раздел 6. Адаптация мужского и женского сан.узлов,Водоснабжение,материалы,монтажные работы
"П,Н",01.7.17.09,Буры,шт,0.0,,0.0,,,,,,1434,Раздел 6. Адаптация мужского и женского сан.узлов,Водоснабжение,материалы,монтажные работы
"П,Н",18.1.09.06,Арматура муфтовая,шт,0.0,,0.0,,,,,,1435,Раздел 6. Адаптация мужского и женского сан.узлов,Водоснабжение,материалы,монтажные работы
Н,24.1.02.01,Хомуты для крепления труб,10 шт,16.7,,1.0688,,,,,,1436,Раздел 6. Адаптация мужского и женского сан.узлов,Водоснабжение,материалы,монтажные работы
Н,24.3.02.05,Труба напорная из полипропилена,м,102.5,,6.56,,,,,,1437,Раздел 6. Адаптация мужского и женского сан.узлов,Водоснабжение,материалы,монтажные работы
"П,Н",24.3.05.19,Фасонные и соединительные части,шт,0.0,,0.0,,,,,,1438,Раздел 6. Адаптация мужского и женского сан.узлов,Водоснабжение,материалы,монтажные работы
,,Итого прямые затраты,,,,,,,,,376.87,1439,Раздел 6. Адаптация мужского и женского сан.узлов,Водоснабжение,,монтажные работы
,,ФОТ,,,,,,,,,336.59,1440,Раздел 6. Адаптация мужского и женского сан.узлов,Водоснабжение,,монтажные работы
,Пр/812-016.0-1,"НР Сантехнические работы - внутренние (трубопроводы, водопровод, канализация, отопление, газоснабжение, вентиляция и кондиционирование воздуха)",%,121.0,,121.0,,,,,407.27,1441,Раздел 6. Адаптация мужского и женского сан.узлов,Водоснабжение,,монтажные работы
,Пр/774-016,"СП Сантехнические работы - внутренние (трубопроводы, водопровод, канализация, отопление, газоснабжение, вентиляция и кондиционирование воздуха)",%,72.0,,72.0,,,,,242.34,1442,Раздел 6. Адаптация мужского и женского сан.узлов,Водоснабжение,,монтажные работы
,,Всего по позиции,,,,,,,16038.75,,1026.48,1443,Раздел 6. Адаптация мужского и женского сан.узлов,Водоснабжение,,монтажные работы
170,ГЭСН16-04-006-01,"Сборка узла трубопровода водоснабжения и отопления из многослойного полипропилена, армированного стекловолокном, раструбная сварка, наружный диаметр: 20 мм",100 соединений,0.3,1.0,0.3,,,,,,1444,Раздел 6. Адаптация мужского и женского сан.узлов,Водоснабжение,материалы,монтажные работы
,,Объем=(1*2*2+1*3*2+5*2*2) / 100,,,,,,,,,,1445,Раздел 6. Адаптация мужского и женского сан.узлов,Водоснабжение,,монтажные работы
,1,ОТ(ЗТ),чел.-ч,,,0.468,,,,,197.05,1446,Раздел 6. Адаптация мужского и женского сан.узлов,Водоснабжение,услуги,монтажные работы
,1-100-45,"Средний разряд работы 4,5",чел.-ч,1.56,,0.468,,,421.04,,197.05,1447,Раздел 6. Адаптация мужского и женского сан.узлов,Водоснабжение,услуги,монтажные работы
,4,М,,,,,,,,,6.22,1448,Раздел 6. Адаптация мужского и женского сан.узлов,Водоснабжение,,монтажные работы
,01.7.03.04-0001,Электроэнергия,кВт-ч,2.45,,0.735,,,8.46,,6.22,1449,Раздел 6. Адаптация мужского и женского сан.узлов,Водоснабжение,материалы,монтажные работы
,,Итого прямые затраты,,,,,,,,,203.27,1450,Раздел 6. Адаптация мужского и женского сан.узлов,Водоснабжение,,монтажные работы
,,ФОТ,,,,,,,,,197.05,1451,Раздел 6. Адаптация мужского и женского сан.узлов,Водоснабжение,,монтажные работы
,Пр/812-016.0-1,"НР Сантехнические работы - внутренние (трубопроводы, водопровод, канализация, отопление, газоснабжение, вентиляция и кондиционирование воздуха)",%,121.0,,121.0,,,,,238.43,1452,Раздел 6. Адаптация мужского и женского сан.узлов,Водоснабжение,,монтажные работы
,Пр/774-016,"СП Сантехнические работы - внутренние (трубопроводы, водопровод, канализация, отопление, газоснабжение, вентиляция и кондиционирование воздуха)",%,72.0,,72.0,,,,,141.88,1453,Раздел 6. Адаптация мужского и женского сан.узлов,Водоснабжение,,монтажные работы
,,Всего по позиции,,,,,,,1945.27,,583.58,1454,Раздел 6. Адаптация мужского и женского сан.узлов,Водоснабжение,,монтажные работы
171,ФСБЦ-24.3.02.05-0021,"Трубы полипропиленовые ПП-Р, номинальное давление 2,0 МПа, номинальный наружный диаметр 20 мм",м,6.56,1.0,6.56,39.09,1.14,44.56,,292.31,1455,Раздел 6. Адаптация мужского и женского сан.узлов,Водоснабжение,материалы,монтажные работы
,,"(Сантехнические работы - внутренние (трубопроводы, водопровод, канализация, отопление, газоснабжение, вентиляция и кондиционирование воздуха))",,,,,,,,,,1456,Раздел 6. Адаптация мужского и женского сан.узлов,Водоснабжение,,монтажные работы
,,Всего по позиции,,,,,,,,,292.31,1457,Раздел 6. Адаптация мужского и женского сан.узлов,Водоснабжение,,монтажные работы
172,ФСБЦ-24.3.05.15-0191,"Тройник полипропиленовый, диаметр 20 мм",шт,2.0,1.0,2.0,5.03,1.14,5.73,,11.46,1458,Раздел 6. Адаптация мужского и женского сан.узлов,Водоснабжение,материалы,монтажные работы
,,"(Сантехнические работы - внутренние (трубопроводы, водопровод, канализация, отопление, газоснабжение, вентиляция и кондиционирование воздуха))",,,,,,,,,,1459,Раздел 6. Адаптация мужского и женского сан.узлов,Водоснабжение,,монтажные работы
,,Объем=1*2,,,,,,,,,,1460,Раздел 6. Адаптация мужского и женского сан.узлов,Водоснабжение,,монтажные работы
,,Всего по позиции,,,,,,,,,11.46,1461,Раздел 6. Адаптация мужского и женского сан.узлов,Водоснабжение,,монтажные работы
173,ФСБЦ-24.3.05.16-0131,"Угольник 90° из сополимера полипропилена PP-R, наружный диаметр 20 мм",шт,10.0,1.0,10.0,4.01,1.14,4.57,,45.7,1462,Раздел 6. Адаптация мужского и женского сан.узлов,Водоснабжение,материалы,монтажные работы
,,"(Сантехнические работы - внутренние (трубопроводы, водопровод, канализация, отопление, газоснабжение, вентиляция и кондиционирование воздуха))",,,,,,,,,,1463,Раздел 6. Адаптация мужского и женского сан.узлов,Водоснабжение,,монтажные работы
,,Объем=5*2,,,,,,,,,,1464,Раздел 6. Адаптация мужского и женского сан.узлов,Водоснабжение,,монтажные работы
,,Всего по позиции,,,,,,,,,45.7,1465,Раздел 6. Адаптация мужского и женского сан.узлов,Водоснабжение,,монтажные работы
174,ФСБЦ-18.1.09.07-0021,"Кран шаровой полипропиленовой, присоединение к трубопроводу под приварку, номинальное давление 2,0 МПа, номинальный диаметр 20 мм",шт,4.0,1.0,4.0,88.05,1.16,102.14,,408.56,1466,Раздел 6. Адаптация мужского и женского сан.узлов,Водоснабжение,материалы,монтажные работы
,,"(Сантехнические работы - внутренние (трубопроводы, водопровод, канализация, отопление, газоснабжение, вентиляция и кондиционирование воздуха))",,,,,,,,,,1467,Раздел 6. Адаптация мужского и женского сан.узлов,Водоснабжение,,монтажные работы
,,Объем=2*2,,,,,,,,,,1468,Раздел 6. Адаптация мужского и женского сан.узлов,Водоснабжение,,монтажные работы
,,Всего по позиции,,,,,,,,,408.56,1469,Раздел 6. Адаптация мужского и женского сан.узлов,Водоснабжение,,монтажные работы
оборудование санузла,,,,,,,,,,,,1470,Раздел 6. Адаптация мужского и женского сан.узлов,оборудование санузла,,монтажные работы
175,ГЭСН17-01-003-01,Установка унитазов: с бачком непосредственно присоединенным,10 компл,0.2,1.0,0.2,,,,,,1471,Раздел 6. Адаптация мужского и женского сан.узлов,оборудование санузла,материалы,монтажные работы
,,Объем=2 / 10,,,,,,,,,,1472,Раздел 6. Адаптация мужского и женского сан.узлов,оборудование санузла,,монтажные работы
,1,ОТ(ЗТ),чел.-ч,,,3.81,,,,,1471.92,1473,Раздел 6. Адаптация мужского и женского сан.узлов,оборудование санузла,услуги,монтажные работы
,2-100-01,Рабочий 1 разряда,чел.-ч,0.82,,0.164,,,292.39,,47.95,1474,Раздел 6. Адаптация мужского и женского сан.узлов,оборудование санузла,услуги,монтажные работы
,2-100-02,Рабочий 2 разряда,чел.-ч,0.31,,0.062,,,318.71,,19.76,1475,Раздел 6. Адаптация мужского и женского сан.узлов,оборудование санузла,услуги,монтажные работы
,2-100-04,Рабочий 4 разряда,чел.-ч,17.92,,3.584,,,391.8,,1404.21,1476,Раздел 6. Адаптация мужского и женского сан.узлов,оборудование санузла,услуги,монтажные работы
,2,ЭМ,,,,,,,,,41.04,1477,Раздел 6. Адаптация мужского и женского сан.узлов,оборудование санузла,,монтажные работы
,,ОТм(ЗТм),чел.-ч,,,0.078,,,,,30.04,1478,Раздел 6. Адаптация мужского и женского сан.узлов,оборудование санузла,услуги,монтажные работы
,91.06.06-048,"Подъемники одномачтовые, грузоподъемность до 500 кг, высота подъема 45 м",маш.-ч,0.06,,0.012,37.32,1.48,55.23,,0.66,1479,Раздел 6. Адаптация мужского и женского сан.узлов,оборудование санузла,услуги,монтажные работы
,4-100-030,ОТм(Зтм) Средний разряд машинистов 3,чел.-ч,0.06,,0.012,,,347.94,,4.18,1480,Раздел 6. Адаптация мужского и женского сан.узлов,оборудование санузла,услуги,монтажные работы
,91.14.02-001,"Автомобили бортовые, грузоподъемность до 5 т",маш.-ч,0.33,,0.066,,,611.87,,40.38,1481,Раздел 6. Адаптация мужского и женского сан.узлов,оборудование санузла,услуги,монтажные работы
,4-100-040,ОТм(Зтм) Средний разряд машинистов 4,чел.-ч,0.33,,0.066,,,391.8,,25.86,1482,Раздел 6. Адаптация мужского и женского сан.узлов,оборудование санузла,услуги,монтажные работы
,4,М,,,,,,,,,1766.79,1483,Раздел 6. Адаптация мужского и женского сан.узлов,оборудование санузла,,монтажные работы
,01.7.03.04-0001,Электроэнергия,кВт-ч,2.4,,0.48,,,8.46,,4.06,1484,Раздел 6. Адаптация мужского и женского сан.узлов,оборудование санузла,материалы,монтажные работы
,01.7.15.07-0023,"Дюбели полиэтиленовые распорные, диаметр 8 мм, длина 30 мм",1000 шт,0.02,,0.004,375.96,1.26,473.71,,1.89,1485,Раздел 6. Адаптация мужского и женского сан.узлов,оборудование санузла,материалы,монтажные работы
,01.7.15.14-0171,"Шурупы самонарезающие стальные с полукруглой головкой и прямым шлицем, остроконечные, диаметр 6 мм, длина 60 мм",т,0.0002,,4e-05,104494.96,1.26,131663.65,,5.27,1486,Раздел 6. Адаптация мужского и женского сан.узлов,оборудование санузла,материалы,монтажные работы
,14.5.01.07-1000,"Герметик однокомпонентный на силиконовой основе, кислотный, универсальный",л,0.31,,0.062,768.53,1.23,945.29,,58.61,1487,Раздел 6. Адаптация мужского и женского сан.узлов,оборудование санузла,материалы,монтажные работы
,18.2.06.12-1036,"Крышка сиденья пластмассовая к унитазу с крышкой, присоединительный размер 160 мм, с креплением, размеры 450х370 мм",шт,10.0,,2.0,459.38,1.32,606.38,,1212.76,1488,Раздел 6. Адаптация мужского и женского сан.узлов,оборудование санузла,материалы,монтажные работы
,24.3.04.11-0030,"Слив гофрированный для унитаза из армированного полипропилена с резиновым уплотнителем, диаметр выпуска 110 мм, длина 500 мм",шт,10.0,,2.0,190.63,1.27,242.1,,484.2,1489,Раздел 6. Адаптация мужского и женского сан.узлов,оборудование санузла,материалы,монтажные работы
Н,18.2.01.06,Унитазы,компл,10.0,,2.0,,,,,,1490,Раздел 6. Адаптация мужского и женского сан.узлов,оборудование санузла,материалы,монтажные работы
Н,18.2.06.08,Подводки гибкие,шт,10.0,,2.0,,,,,,1491,Раздел 6. Адаптация мужского и женского сан.узлов,оборудование санузла,материалы,монтажные работы
,,Итого прямые затраты,,,,,,,,,3309.79,1492,Раздел 6. Адаптация мужского и женского сан.узлов,оборудование санузла,,монтажные работы
,,ФОТ,,,,,,,,,1501.96,1493,Раздел 6. Адаптация мужского и женского сан.узлов,оборудование санузла,,монтажные работы
,Пр/812-016.0-1,"НР Сантехнические работы - внутренние (трубопроводы, водопровод, канализация, отопление, газоснабжение, вентиляция и кондиционирование воздуха)",%,121.0,,121.0,,,,,1817.37,1494,Раздел 6. Адаптация мужского и женского сан.узлов,оборудование санузла,,монтажные работы
,Пр/774-016,"СП Сантехнические работы - внутренние (трубопроводы, водопровод, канализация, отопление, газоснабжение, вентиляция и кондиционирование воздуха)",%,72.0,,72.0,,,,,1081.41,1495,Раздел 6. Адаптация мужского и женского сан.узлов,оборудование санузла,,монтажные работы
,,Всего по позиции,,,,,,,31042.85,,6208.57,1496,Раздел 6. Адаптация мужского и женского сан.узлов,оборудование санузла,,монтажные работы
176,ФСБЦ-18.2.01.06-0002,"Унитаз керамический настенный для людей с ограниченными физическими возможностями, с сиденьем и креплением, с косым выпуском, размеры 360х520х400 мм( Прим. Унитаз для инвалидов, адаптированной конструкции для людей с ограниченными возможностями с бачком)",компл,2.0,1.0,2.0,9446.43,2.07,19554.11,,39108.22,1497,Раздел 6. Адаптация мужского и женского сан.узлов,оборудование санузла,материалы,монтажные работы
,,(Прокладка и монтаж сетей связи),,,,,,,,,,1498,Раздел 6. Адаптация мужского и женского сан.узлов,оборудование санузла,,монтажные работы
,,Всего по позиции,,,,,,,,,39108.22,1499,Раздел 6. Адаптация мужского и женского сан.узлов,оборудование санузла,,монтажные работы
177,ФСБЦ-18.2.06.08-0013,"Подводки гибкие армированные резиновые, диаметр 15 мм, длина 500 мм",10 шт,0.2,1.0,0.2,651.49,1.22,794.82,,158.96,1500,Раздел 6. Адаптация мужского и женского сан.узлов,оборудование санузла,материалы,монтажные работы
,,(Прокладка и монтаж сетей связи),,,,,,,,,,1501,Раздел 6. Адаптация мужского и женского сан.узлов,оборудование санузла,,монтажные работы
,,Объем=2 / 10,,,,,,,,,,1502,Раздел 6. Адаптация мужского и женского сан.узлов,оборудование санузла,,монтажные работы
,,Всего по позиции,,,,,,,,,158.96,1503,Раздел 6. Адаптация мужского и женского сан.узлов,оборудование санузла,,монтажные работы
178,ГЭСН17-01-001-12,Установка умывальников одиночных: без подводки воды,10 компл,0.2,1.0,0.2,,,,,,1504,Раздел 6. Адаптация мужского и женского сан.узлов,оборудование санузла,материалы,монтажные работы
,,Объем=2 / 10,,,,,,,,,,1505,Раздел 6. Адаптация мужского и женского сан.узлов,оборудование санузла,,монтажные работы
,1,ОТ(ЗТ),чел.-ч,,,2.86,,,,,1120.55,1506,Раздел 6. Адаптация мужского и женского сан.узлов,оборудование санузла,услуги,монтажные работы
,1-100-40,"Средний разряд работы 4,0",чел.-ч,14.3,,2.86,,,391.8,,1120.55,1507,Раздел 6. Адаптация мужского и женского сан.узлов,оборудование санузла,услуги,монтажные работы
,2,ЭМ,,,,,,,,,24.69,1508,Раздел 6. Адаптация мужского и женского сан.узлов,оборудование санузла,,монтажные работы
,,ОТм(ЗТм),чел.-ч,,,0.064,,,,,23.94,1509,Раздел 6. Адаптация мужского и женского сан.узлов,оборудование санузла,услуги,монтажные работы
,91.06.06-048,"Подъемники одномачтовые, грузоподъемность до 500 кг, высота подъема 45 м",маш.-ч,0.13,,0.026,37.32,1.48,55.23,,1.44,1510,Раздел 6. Адаптация мужского и женского сан.узлов,оборудование санузла,услуги,монтажные работы
,4-100-030,ОТм(Зтм) Средний разряд машинистов 3,чел.-ч,0.13,,0.026,,,347.94,,9.05,1511,Раздел 6. Адаптация мужского и женского сан.узлов,оборудование санузла,услуги,монтажные работы
,91.14.02-001,"Автомобили бортовые, грузоподъемность до 5 т",маш.-ч,0.19,,0.038,,,611.87,,23.25,1512,Раздел 6. Адаптация мужского и женского сан.узлов,оборудование санузла,услуги,монтажные работы
,4-100-040,ОТм(Зтм) Средний разряд машинистов 4,чел.-ч,0.19,,0.038,,,391.8,,14.89,1513,Раздел 6. Адаптация мужского и женского сан.узлов,оборудование санузла,услуги,монтажные работы
,4,М,,,,,,,,,125.51,1514,Раздел 6. Адаптация мужского и женского сан.узлов,оборудование санузла,,монтажные работы
,01.7.03.04-0001,Электроэнергия,кВт-ч,0.104,,0.0208,,,8.46,,0.18,1515,Раздел 6. Адаптация мужского и женского сан.узлов,оборудование санузла,материалы,монтажные работы
,01.7.07.29-0031,Каболка,т,0.0007,,0.00014,160056.6,1.25,200070.75,,28.01,1516,Раздел 6. Адаптация мужского и женского сан.узлов,оборудование санузла,материалы,монтажные работы
,01.7.07.29-0101,Очес льняной,кг,0.04,,0.008,128.4,1.25,160.5,,1.28,1517,Раздел 6. Адаптация мужского и женского сан.узлов,оборудование санузла,материалы,монтажные работы
,01.7.15.07-0024,"Дюбели полиэтиленовые распорные, диаметр 8 мм, длина 40 мм",1000 шт,0.04,,0.008,449.47,1.26,566.33,,4.53,1518,Раздел 6. Адаптация мужского и женского сан.узлов,оборудование санузла,материалы,монтажные работы
,01.7.15.14-0167,"Шурупы самонарезающие стальные с полукруглой головкой и прямым шлицем, остроконечные, диаметр 5 мм, длина 50 мм",т,0.0007,,0.00014,110308.96,1.26,138989.29,,19.46,1519,Раздел 6. Адаптация мужского и женского сан.узлов,оборудование санузла,материалы,монтажные работы
,08.1.02.11-0001,"Поковки из квадратных заготовок, масса 1,5-4,5 кг",т,0.00072,,0.000144,55898.18,1.25,69872.73,,10.06,1520,Раздел 6. Адаптация мужского и женского сан.узлов,оборудование санузла,материалы,монтажные работы
,14.4.02.04-0142,"Краска масляная МА-0115, мумия, сурик железный",кг,0.2,,0.04,79.88,1.39,111.03,,4.44,1521,Раздел 6. Адаптация мужского и женского сан.узлов,оборудование санузла,материалы,монтажные работы
,14.5.02.02-0105,Мастика сантехническая,кг,2.0,,0.4,66.4,1.73,114.87,,45.95,1522,Раздел 6. Адаптация мужского и женского сан.узлов,оборудование санузла,материалы,монтажные работы
,14.5.05.01-0012,Олифа комбинированная для разведения масляных густотертых красок и для внешних работ по деревянным поверхностям,т,0.0001,,2e-05,60697.21,1.25,75871.51,,1.52,1523,Раздел 6. Адаптация мужского и женского сан.узлов,оборудование санузла,материалы,монтажные работы
,24.3.01.02-1004,"Кольцо резиновое уплотнительное для ПВХ труб канализации, диаметр 50 мм",шт,10.0,,2.0,5.14,0.98,5.04,,10.08,1524,Раздел 6. Адаптация мужского и женского сан.узлов,оборудование санузла,материалы,монтажные работы
Н,18.2.02.08,Умывальники,компл,10.0,,2.0,,,,,,1525,Раздел 6. Адаптация мужского и женского сан.узлов,оборудование санузла,материалы,монтажные работы
,,Итого прямые затраты,,,,,,,,,1294.69,1526,Раздел 6. Адаптация мужского и женского сан.узлов,оборудование санузла,,монтажные работы
,,ФОТ,,,,,,,,,1144.49,1527,Раздел 6. Адаптация мужского и женского сан.узлов,оборудование санузла,,монтажные работы
,Пр/812-016.0-1,"НР Сантехнические работы - внутренние (трубопроводы, водопровод, канализация, отопление, газоснабжение, вентиляция и кондиционирование воздуха)",%,121.0,,121.0,,,,,1384.83,1528,Раздел 6. Адаптация мужского и женского сан.узлов,оборудование санузла,,монтажные работы
,Пр/774-016,"СП Сантехнические работы - внутренние (трубопроводы, водопровод, канализация, отопление, газоснабжение, вентиляция и кондиционирование воздуха)",%,72.0,,72.0,,,,,824.03,1529,Раздел 6. Адаптация мужского и женского сан.узлов,оборудование санузла,,монтажные работы
,,Всего по позиции,,,,,,,17517.75,,3503.55,1530,Раздел 6. Адаптация мужского и женского сан.узлов,оборудование санузла,,монтажные работы
179,ФСБЦ-18.2.02.08-0033,"Умывальник полуфарфоровый и фарфоровый для маломобильных групп населения, одно отверстие под смеситель, размеры 640х550х165 мм",шт,2.0,1.0,2.0,6272.7,1.59,9973.59,,19947.18,1531,Раздел 6. Адаптация мужского и женского сан.узлов,оборудование санузла,материалы,монтажные работы
,,"(Сантехнические работы - внутренние (трубопроводы, водопровод, канализация, отопление, газоснабжение, вентиляция и кондиционирование воздуха))",,,,,,,,,,1532,Раздел 6. Адаптация мужского и женского сан.узлов,оборудование санузла,,монтажные работы
,,Всего по позиции,,,,,,,,,19947.18,1533,Раздел 6. Адаптация мужского и женского сан.узлов,оборудование санузла,,монтажные работы
180,ФСБЦ-18.2.06.08-0013,"Подводки гибкие армированные резиновые, диаметр 15 мм, длина 500 мм",10 шт,0.2,1.0,0.2,651.49,1.22,794.82,,158.96,1534,Раздел 6. Адаптация мужского и женского сан.узлов,оборудование санузла,материалы,монтажные работы
,,(Прокладка и монтаж сетей связи),,,,,,,,,,1535,Раздел 6. Адаптация мужского и женского сан.узлов,оборудование санузла,,монтажные работы
,,Объем=2 / 10,,,,,,,,,,1536,Раздел 6. Адаптация мужского и женского сан.узлов,оборудование санузла,,монтажные работы
,,Всего по позиции,,,,,,,,,158.96,1537,Раздел 6. Адаптация мужского и женского сан.узлов,оборудование санузла,,монтажные работы
181,ГЭСН17-01-002-03,Установка смесителей,10 шт,0.2,1.0,0.2,,,,,,1538,Раздел 6. Адаптация мужского и женского сан.узлов,оборудование санузла,материалы,монтажные работы
,,Объем=(1*2) / 10,,,,,,,,,,1539,Раздел 6. Адаптация мужского и женского сан.узлов,оборудование санузла,,монтажные работы
,1,ОТ(ЗТ),чел.-ч,,,1.4,,,,,548.52,1540,Раздел 6. Адаптация мужского и женского сан.узлов,оборудование санузла,услуги,монтажные работы
,1-100-40,"Средний разряд работы 4,0",чел.-ч,7.0,,1.4,,,391.8,,548.52,1541,Раздел 6. Адаптация мужского и женского сан.узлов,оборудование санузла,услуги,монтажные работы
,4,М,,,,,,,,,15.66,1542,Раздел 6. Адаптация мужского и женского сан.узлов,оборудование санузла,,монтажные работы
,01.7.03.04-0001,Электроэнергия,кВт-ч,0.052,,0.0104,,,8.46,,0.09,1543,Раздел 6. Адаптация мужского и женского сан.узлов,оборудование санузла,материалы,монтажные работы
,01.7.07.29-0101,Очес льняной,кг,0.13,,0.026,128.4,1.25,160.5,,4.17,1544,Раздел 6. Адаптация мужского и женского сан.узлов,оборудование санузла,материалы,монтажные работы
,01.7.15.07-0021,"Дюбели полиэтиленовые распорные, диаметр 6 мм, длина 30 мм",1000 шт,0.02,,0.004,174.13,1.26,219.4,,0.88,1545,Раздел 6. Адаптация мужского и женского сан.узлов,оборудование санузла,материалы,монтажные работы
,01.7.15.14-0166,"Шурупы самонарезающие стальные с полукруглой головкой и прямым шлицем, остроконечные, диаметр 5 мм, длина 35 мм",т,0.0001,,2e-05,110308.96,1.26,138989.29,,2.78,1546,Раздел 6. Адаптация мужского и женского сан.узлов,оборудование санузла,материалы,монтажные работы
,14.4.02.04-0142,"Краска масляная МА-0115, мумия, сурик железный",кг,0.26,,0.052,79.88,1.39,111.03,,5.77,1547,Раздел 6. Адаптация мужского и женского сан.узлов,оборудование санузла,материалы,монтажные работы
,14.5.05.01-0012,Олифа комбинированная для разведения масляных густотертых красок и для внешних работ по деревянным поверхностям,т,0.00013,,2.6e-05,60697.21,1.25,75871.51,,1.97,1548,Раздел 6. Адаптация мужского и женского сан.узлов,оборудование санузла,материалы,монтажные работы
Н,18.1.10.10,Смесители,шт,10.0,,2.0,,,,,,1549,Раздел 6. Адаптация мужского и женского сан.узлов,оборудование санузла,материалы,монтажные работы
,,Итого прямые затраты,,,,,,,,,564.18,1550,Раздел 6. Адаптация мужского и женского сан.узлов,оборудование санузла,,монтажные работы
,,ФОТ,,,,,,,,,548.52,1551,Раздел 6. Адаптация мужского и женского сан.узлов,оборудование санузла,,монтажные работы
,Пр/812-016.0-1,"НР Сантехнические работы - внутренние (трубопроводы, водопровод, канализация, отопление, газоснабжение, вентиляция и кондиционирование воздуха)",%,121.0,,121.0,,,,,663.71,1552,Раздел 6. Адаптация мужского и женского сан.узлов,оборудование санузла,,монтажные работы
,Пр/774-016,"СП Сантехнические работы - внутренние (трубопроводы, водопровод, канализация, отопление, газоснабжение, вентиляция и кондиционирование воздуха)",%,72.0,,72.0,,,,,394.93,1553,Раздел 6. Адаптация мужского и женского сан.узлов,оборудование санузла,,монтажные работы
,,Всего по позиции,,,,,,,8114.1,,1622.82,1554,Раздел 6. Адаптация мужского и женского сан.узлов,оборудование санузла,,монтажные работы
182,ФСБЦ-18.1.10.10-0043,"Смеситель для медицинских хирургических умывальников, раздельный, настенный, однорукояточный, локтевой, с аэратором, вынос излива 200 мм, диаметр излива 15 мм",шт,2.0,1.0,2.0,1359.3,1.22,1658.35,,3316.7,1555,Раздел 6. Адаптация мужского и женского сан.узлов,оборудование санузла,материалы,монтажные работы
,,"(Сантехнические работы - внутренние (трубопроводы, водопровод, канализация, отопление, газоснабжение, вентиляция и кондиционирование воздуха))",,,,,,,,,,1556,Раздел 6. Адаптация мужского и женского сан.узлов,оборудование санузла,,монтажные работы
,,Всего по позиции,,,,,,,,,3316.7,1557,Раздел 6. Адаптация мужского и женского сан.узлов,оборудование санузла,,монтажные работы
183,ГЭСН17-01-002-04,"Установка гарнитуры туалетной: вешалок, подстаканников, поручней для ванн и т.д.(прим.)",10 шт,0.6,1.0,0.6,,,,,,1558,Раздел 6. Адаптация мужского и женского сан.узлов,оборудование санузла,материалы,монтажные работы
,,Объем=(2+2+2) / 10,,,,,,,,,,1559,Раздел 6. Адаптация мужского и женского сан.узлов,оборудование санузла,,монтажные работы
,1,ОТ(ЗТ),чел.-ч,,,1.68,,,,,658.22,1560,Раздел 6. Адаптация мужского и женского сан.узлов,оборудование санузла,услуги,монтажные работы
,1-100-40,"Средний разряд работы 4,0",чел.-ч,2.8,,1.68,,,391.8,,658.22,1561,Раздел 6. Адаптация мужского и женского сан.узлов,оборудование санузла,услуги,монтажные работы
,4,М,,,,,,,,,20.08,1562,Раздел 6. Адаптация мужского и женского сан.узлов,оборудование санузла,,монтажные работы
,01.7.03.04-0001,Электроэнергия,кВт-ч,0.052,,0.0312,,,8.46,,0.26,1563,Раздел 6. Адаптация мужского и женского сан.узлов,оборудование санузла,материалы,монтажные работы
,01.7.15.07-0022,"Дюбели полиэтиленовые распорные, диаметр 6 мм, длина 40 мм",1000 шт,0.02,,0.012,261.09,1.26,328.97,,3.95,1564,Раздел 6. Адаптация мужского и женского сан.узлов,оборудование санузла,материалы,монтажные работы
,01.7.15.14-0167,"Шурупы самонарезающие стальные с полукруглой головкой и прямым шлицем, остроконечные, диаметр 5 мм, длина 50 мм",т,0.00014,,8.4e-05,110308.96,1.26,138989.29,,11.68,1565,Раздел 6. Адаптация мужского и женского сан.узлов,оборудование санузла,материалы,монтажные работы
,08.1.02.11-0001,"Поковки из квадратных заготовок, масса 1,5-4,5 кг",т,0.0001,,6e-05,55898.18,1.25,69872.73,,4.19,1566,Раздел 6. Адаптация мужского и женского сан.узлов,оборудование санузла,материалы,монтажные работы
Н,18.2.06.04,Гарнитура туалетная,шт,10.0,,6.0,,,,,,1567,Раздел 6. Адаптация мужского и женского сан.узлов,оборудование санузла,материалы,монтажные работы
,,Итого прямые затраты,,,,,,,,,678.3,1568,Раздел 6. Адаптация мужского и женского сан.узлов,оборудование санузла,,монтажные работы
,,ФОТ,,,,,,,,,658.22,1569,Раздел 6. Адаптация мужского и женского сан.узлов,оборудование санузла,,монтажные работы
,Пр/812-016.0-1,"НР Сантехнические работы - внутренние (трубопроводы, водопровод, канализация, отопление, газоснабжение, вентиляция и кондиционирование воздуха)",%,121.0,,121.0,,,,,796.45,1570,Раздел 6. Адаптация мужского и женского сан.узлов,оборудование санузла,,монтажные работы
,Пр/774-016,"СП Сантехнические работы - внутренние (трубопроводы, водопровод, канализация, отопление, газоснабжение, вентиляция и кондиционирование воздуха)",%,72.0,,72.0,,,,,473.92,1571,Раздел 6. Адаптация мужского и женского сан.узлов,оборудование санузла,,монтажные работы
,,Всего по позиции,,,,,,,3247.78,,1948.67,1572,Раздел 6. Адаптация мужского и женского сан.узлов,оборудование санузла,,монтажные работы
184,ТЦ_18.2.06.04_71_6670319178_28.07.2025_02_23.1,"Травмобезопасное поворотное зеркало для инвалидов 400 х 600мм, каркас - нерж. сталь. 80035-2",шт,2.0,1.0,2.0,,,13804.0,,27608.0,1573,Раздел 6. Адаптация мужского и женского сан.узлов,оборудование санузла,материалы,монтажные работы
,,(Прокладка и монтаж сетей связи),,,,,,,,,,1574,Раздел 6. Адаптация мужского и женского сан.узлов,оборудование санузла,,монтажные работы
,,Всего по позиции,,,,,,,,,27608.0,1575,Раздел 6. Адаптация мужского и женского сан.узлов,оборудование санузла,,монтажные работы
185,ТЦ_11.3.03.09_71_6915012732_28.07.2025_02_24.1,"Поручень опорный для санузла, настенно-напольный, тип 4, правый, нержавеющая сталь, D38 мм",шт,2.0,1.0,2.0,,,5804.82,,11609.64,1576,Раздел 6. Адаптация мужского и женского сан.узлов,оборудование санузла,материалы,монтажные работы
,,(Прокладка и монтаж сетей связи),,,,,,,,,,1577,Раздел 6. Адаптация мужского и женского сан.узлов,оборудование санузла,,монтажные работы
,,Всего по позиции,,,,,,,,,11609.64,1578,Раздел 6. Адаптация мужского и женского сан.узлов,оборудование санузла,,монтажные работы
186,ТЦ_11.3.03.09_71_4345468380_28.07.2025_02_25.1,"Поручень опорный для санузла, откидной, со стопорным механизмом и бумагодержателем, напольный, нержавеющая сталь, D32 мм",шт,2.0,1.0,2.0,,,11389.15,,22778.3,1579,Раздел 6. Адаптация мужского и женского сан.узлов,оборудование санузла,материалы,монтажные работы
,,(Прокладка и монтаж сетей связи),,,,,,,,,,1580,Раздел 6. Адаптация мужского и женского сан.узлов,оборудование санузла,,монтажные работы
,,Всего по позиции,,,,,,,,,22778.3,1581,Раздел 6. Адаптация мужского и женского сан.узлов,оборудование санузла,,монтажные работы
Раздел 7. Адаптация путей движения ( лестница с 1 этажа на -1 этаж),,,,,,,,,,,,1583,Раздел 7. Адаптация путей движения ( лестница с 1 этажа на -1 этаж),оборудование санузла,,монтажные работы
Монтажные работы,,,,,,,,,,,,1584,Раздел 7. Адаптация путей движения ( лестница с 1 этажа на -1 этаж),Монтажные работы,,монтажные работы
187,ГЭСН11-01-038-05,Устройство покрытий из плиток поливинилхлоридных: тактильных размером 500х500 мм на клее,100 шт,0.16,1.0,0.16,,,,,,1585,Раздел 7. Адаптация путей движения ( лестница с 1 этажа на -1 этаж),Монтажные работы,материалы,монтажные работы
,,Объем=16 / 100,,,,,,,,,,1586,Раздел 7. Адаптация путей движения ( лестница с 1 этажа на -1 этаж),Монтажные работы,,монтажные работы
,1,ОТ(ЗТ),чел.-ч,,,1.1856,,,,,433.32,1587,Раздел 7. Адаптация путей движения ( лестница с 1 этажа на -1 этаж),Монтажные работы,услуги,монтажные работы
,1-100-34,"Средний разряд работы 3,4",чел.-ч,7.41,,1.1856,,,365.49,,433.32,1588,Раздел 7. Адаптация путей движения ( лестница с 1 этажа на -1 этаж),Монтажные работы,услуги,монтажные работы
,2,ЭМ,,,,,,,,,35.7,1589,Раздел 7. Адаптация путей движения ( лестница с 1 этажа на -1 этаж),Монтажные работы,,монтажные работы
,,ОТм(ЗТм),чел.-ч,,,0.0624,,,,,24.09,1590,Раздел 7. Адаптация путей движения ( лестница с 1 этажа на -1 этаж),Монтажные работы,услуги,монтажные работы
,91.06.06-048,"Подъемники одномачтовые, грузоподъемность до 500 кг, высота подъема 45 м",маш.-ч,0.05,,0.008,37.32,1.48,55.23,,0.44,1591,Раздел 7. Адаптация путей движения ( лестница с 1 этажа на -1 этаж),Монтажные работы,услуги,монтажные работы
,4-100-030,ОТм(Зтм) Средний разряд машинистов 3,чел.-ч,0.05,,0.008,,,347.94,,2.78,1592,Раздел 7. Адаптация путей движения ( лестница с 1 этажа на -1 этаж),Монтажные работы,услуги,монтажные работы
,91.14.02-001,"Автомобили бортовые, грузоподъемность до 5 т",маш.-ч,0.34,,0.0544,,,611.87,,33.29,1593,Раздел 7. Адаптация путей движения ( лестница с 1 этажа на -1 этаж),Монтажные работы,услуги,монтажные работы
,4-100-040,ОТм(Зтм) Средний разряд машинистов 4,чел.-ч,0.34,,0.0544,,,391.8,,21.31,1594,Раздел 7. Адаптация путей движения ( лестница с 1 этажа на -1 этаж),Монтажные работы,услуги,монтажные работы
,91.21.22-638,"Пылесосы промышленные, мощность до 2000 Вт",маш.-ч,1.25,,0.2,,,9.84,,1.97,1595,Раздел 7. Адаптация путей движения ( лестница с 1 этажа на -1 этаж),Монтажные работы,услуги,монтажные работы
Н,01.6.03.01,Плитка тактильная поливинилхлоридная,м2,25.38,,4.0608,,,,,,1596,Раздел 7. Адаптация путей движения ( лестница с 1 этажа на -1 этаж),Монтажные работы,материалы,монтажные работы
Н,14.1.02.04,Состав клеящий,кг,8.0,,1.28,,,,,,1597,Раздел 7. Адаптация путей движения ( лестница с 1 этажа на -1 этаж),Монтажные работы,материалы,монтажные работы
Н,14.4.01.02,Грунтовки на акриловой основе,кг,2.5,,0.4,,,,,,1598,Раздел 7. Адаптация путей движения ( лестница с 1 этажа на -1 этаж),Монтажные работы,материалы,монтажные работы
,,Итого прямые затраты,,,,,,,,,493.11,1599,Раздел 7. Адаптация путей движения ( лестница с 1 этажа на -1 этаж),Монтажные работы,,монтажные работы
,,ФОТ,,,,,,,,,457.41,1600,Раздел 7. Адаптация путей движения ( лестница с 1 этажа на -1 этаж),Монтажные работы,,монтажные работы
,Пр/812-011.0-1,НР Полы,%,112.0,,112.0,,,,,512.3,1601,Раздел 7. Адаптация путей движения ( лестница с 1 этажа на -1 этаж),Монтажные работы,,монтажные работы
,Пр/774-011,СП Полы,%,65.0,,65.0,,,,,297.32,1602,Раздел 7. Адаптация путей движения ( лестница с 1 этажа на -1 этаж),Монтажные работы,,монтажные работы
,,Всего по позиции,,,,,,,8142.06,,1302.73,1603,Раздел 7. Адаптация путей движения ( лестница с 1 этажа на -1 этаж),Монтажные работы,,монтажные работы
188,ФСБЦ-14.4.01.02-0012,"Грунтовка укрепляющая, глубокого проникновения, быстросохнущая, паропроницаемая",кг,0.4,1.0,0.4,68.29,1.5,102.44,,40.98,1604,Раздел 7. Адаптация путей движения ( лестница с 1 этажа на -1 этаж),Монтажные работы,материалы,монтажные работы
,,(Полы),,,,,,,,,,1605,Раздел 7. Адаптация путей движения ( лестница с 1 этажа на -1 этаж),Монтажные работы,,монтажные работы
,,Всего по позиции,,,,,,,,,40.98,1606,Раздел 7. Адаптация путей движения ( лестница с 1 этажа на -1 этаж),Монтажные работы,,монтажные работы
189,ФСБЦ-01.6.01.11-0045,"Плитки тактильные из резинополиуретана, размеры 500х500 мм, толщина с учетом высоты тактильных элементов 5 мм",м2,4.0608,1.0,4.0608,1728.85,1.51,2610.56,,10600.96,1607,Раздел 7. Адаптация путей движения ( лестница с 1 этажа на -1 этаж),Монтажные работы,материалы,монтажные работы
,,(Полы),,,,,,,,,,1608,Раздел 7. Адаптация путей движения ( лестница с 1 этажа на -1 этаж),Монтажные работы,,монтажные работы
,,Всего по позиции,,,,,,,,,10600.96,1609,Раздел 7. Адаптация путей движения ( лестница с 1 этажа на -1 этаж),Монтажные работы,,монтажные работы
190,ФСБЦ-14.2.06.09-1014,"Средство связующее полиуретановое для изготовления изделий из резиновой/каучуковой крошки и устройства высокопрочных эластичных покрытий, вязкость 4,5-6,5 Па*с при температуре +23 °C, плотность 1,06-1,12 г/см3( прим. Двухкомпонентный клей Fixvert-S для монтажа тактильной плитки из нержавеющей стали. Расход 1 кг клея/1м2)",кг,4.0,1.0,4.0,338.36,1.5,507.54,,2030.16,1610,Раздел 7. Адаптация путей движения ( лестница с 1 этажа на -1 этаж),Монтажные работы,материалы,монтажные работы
,,(Полы),,,,,,,,,,1611,Раздел 7. Адаптация путей движения ( лестница с 1 этажа на -1 этаж),Монтажные работы,,монтажные работы
,,"Объем=0,48*0+0,5*0,5*16*1,0",,,,,,,,,,1612,Раздел 7. Адаптация путей движения ( лестница с 1 этажа на -1 этаж),Монтажные работы,,монтажные работы
,,Всего по позиции,,,,,,,,,2030.16,1613,Раздел 7. Адаптация путей движения ( лестница с 1 этажа на -1 этаж),Монтажные работы,,монтажные работы
191,ГЭСН07-05-016-04,"Устройство металлических ограждений: без поручней (прим.установка ограждений из нержавейки: 2-х уровневый поручень ОГ12-2шт., ОГ13-2шт.)",100 м,0.176,1.0,0.176,,,,,,1614,Раздел 7. Адаптация путей движения ( лестница с 1 этажа на -1 этаж),Монтажные работы,материалы,монтажные работы
,,"Объем=(8,8+8,8) / 100",,,,,,,,,,1615,Раздел 7. Адаптация путей движения ( лестница с 1 этажа на -1 этаж),Монтажные работы,,монтажные работы
,1,ОТ(ЗТ),чел.-ч,,,7.304,,,,,2797.65,1616,Раздел 7. Адаптация путей движения ( лестница с 1 этажа на -1 этаж),Монтажные работы,услуги,монтажные работы
,1-100-38,"Средний разряд работы 3,8",чел.-ч,41.5,,7.304,,,383.03,,2797.65,1617,Раздел 7. Адаптация путей движения ( лестница с 1 этажа на -1 этаж),Монтажные работы,услуги,монтажные работы
,2,ЭМ,,,,,,,,,282.08,1618,Раздел 7. Адаптация путей движения ( лестница с 1 этажа на -1 этаж),Монтажные работы,,монтажные работы
,,ОТм(ЗТм),чел.-ч,,,0.45584,,,,,175.66,1619,Раздел 7. Адаптация путей движения ( лестница с 1 этажа на -1 этаж),Монтажные работы,услуги,монтажные работы
,91.06.06-048,"Подъемники одномачтовые, грузоподъемность до 500 кг, высота подъема 45 м",маш.-ч,0.38,,0.06688,37.32,1.48,55.23,,3.69,1620,Раздел 7. Адаптация путей движения ( лестница с 1 этажа на -1 этаж),Монтажные работы,услуги,монтажные работы
,4-100-030,ОТм(Зтм) Средний разряд машинистов 3,чел.-ч,0.38,,0.06688,,,347.94,,23.27,1621,Раздел 7. Адаптация путей движения ( лестница с 1 этажа на -1 этаж),Монтажные работы,услуги,монтажные работы
,91.14.02-001,"Автомобили бортовые, грузоподъемность до 5 т",маш.-ч,2.21,,0.38896,,,611.87,,237.99,1622,Раздел 7. Адаптация путей движения ( лестница с 1 этажа на -1 этаж),Монтажные работы,услуги,монтажные работы
,4-100-040,ОТм(Зтм) Средний разряд машинистов 4,чел.-ч,2.21,,0.38896,,,391.8,,152.39,1623,Раздел 7. Адаптация путей движения ( лестница с 1 этажа на -1 этаж),Монтажные работы,услуги,монтажные работы
,91.17.04-233,"Аппараты сварочные для ручной дуговой сварки, сварочный ток до 350 А",маш.-ч,5.8,,1.0208,,,39.58,,40.4,1624,Раздел 7. Адаптация путей движения ( лестница с 1 этажа на -1 этаж),Монтажные работы,услуги,монтажные работы
,4,М,,,,,,,,,673.43,1625,Раздел 7. Адаптация путей движения ( лестница с 1 этажа на -1 этаж),Монтажные работы,,монтажные работы
,01.7.03.01-0001,Вода,м3,0.1,,0.0176,35.71,0.89,31.78,,0.56,1626,Раздел 7. Адаптация путей движения ( лестница с 1 этажа на -1 этаж),Монтажные работы,материалы,монтажные работы
,01.7.11.07-0054,"Электроды сварочные для сварки низколегированных и углеродистых сталей АНО-6, Э42, диаметр 6 мм",т,0.02,,0.00352,148198.02,0.94,139306.14,,490.36,1627,Раздел 7. Адаптация путей движения ( лестница с 1 этажа на -1 этаж),Монтажные работы,материалы,монтажные работы
,03.2.01.01-0001,"Портландцемент бездобавочный общестроительный ЦЕМ 0 32,5Н",т,0.15,,0.0264,4800.85,1.44,6913.22,,182.51,1628,Раздел 7. Адаптация путей движения ( лестница с 1 этажа на -1 этаж),Монтажные работы,материалы,монтажные работы
"П,Н",07.2.05.01,Ограждения лестничных проемов,м,0.0,,0.0,,,,,,1629,Раздел 7. Адаптация путей движения ( лестница с 1 этажа на -1 этаж),Монтажные работы,материалы,монтажные работы
,,Итого прямые затраты,,,,,,,,,3928.82,1630,Раздел 7. Адаптация путей движения ( лестница с 1 этажа на -1 этаж),Монтажные работы,,монтажные работы
,,ФОТ,,,,,,,,,2973.31,1631,Раздел 7. Адаптация путей движения ( лестница с 1 этажа на -1 этаж),Монтажные работы,,монтажные работы
,Пр/812-007.1-1,"НР Бетонные и железобетонные сборные конструкции жилых, общественных и административно-бытовых зданий промышленных предприятий",%,116.0,,116.0,,,,,3449.04,1632,Раздел 7. Адаптация путей движения ( лестница с 1 этажа на -1 этаж),Монтажные работы,,монтажные работы
,Пр/774-007.1,"СП Бетонные и железобетонные сборные конструкции жилых, общественных и административно-бытовых зданий промышленных предприятий",%,80.0,,80.0,,,,,2378.65,1633,Раздел 7. Адаптация путей движения ( лестница с 1 этажа на -1 этаж),Монтажные работы,,монтажные работы
,,Всего по позиции,,,,,,,55434.72,,9756.51,1634,Раздел 7. Адаптация путей движения ( лестница с 1 этажа на -1 этаж),Монтажные работы,,монтажные работы
Ограждение ОГ-12,,,,,,,,,,,,1635,Раздел 7. Адаптация путей движения ( лестница с 1 этажа на -1 этаж),Монтажные работы,,монтажные работы
192,ТЦ_07.2.05.01_71_9717010827_24.07.2025_02_4.1,"Ограждение с тремя ригелями и двухуровневыми поручнями, горизонтальное, из нержавеющей стали AISI 304, D38 мм, индивидуальное",м,8.8,1.0,8.8,,,16722.9,,147161.52,1636,Раздел 7. Адаптация путей движения ( лестница с 1 этажа на -1 этаж),Монтажные работы,материалы,монтажные работы
,,(Деревянные конструкции),,,,,,,,,,1637,Раздел 7. Адаптация путей движения ( лестница с 1 этажа на -1 этаж),Монтажные работы,,монтажные работы
,,"Объем=(3,8+0,3*2)*2",,,,,,,,,,1638,Раздел 7. Адаптация путей движения ( лестница с 1 этажа на -1 этаж),Монтажные работы,,монтажные работы
,,Всего по позиции,,,,,,,,,147161.52,1639,Раздел 7. Адаптация путей движения ( лестница с 1 этажа на -1 этаж),Монтажные работы,,монтажные работы
Ограждение ОГ-13,,,,,,,,,,,,1640,Раздел 7. Адаптация путей движения ( лестница с 1 этажа на -1 этаж),Монтажные работы,,монтажные работы
193,ТЦ_07.2.05.01_71_9717010827_24.07.2025_02_4.1,"Ограждение с тремя ригелями и двухуровневыми поручнями, горизонтальное, из нержавеющей стали AISI 304, D38 мм, индивидуальное",м,8.8,1.0,8.8,,,16722.9,,147161.52,1641,Раздел 7. Адаптация путей движения ( лестница с 1 этажа на -1 этаж),Монтажные работы,материалы,монтажные работы
,,(Деревянные конструкции),,,,,,,,,,1642,Раздел 7. Адаптация путей движения ( лестница с 1 этажа на -1 этаж),Монтажные работы,,монтажные работы
,,"Объем=(3,8+0,3*2)*2",,,,,,,,,,1643,Раздел 7. Адаптация путей движения ( лестница с 1 этажа на -1 этаж),Монтажные работы,,монтажные работы
,,Всего по позиции,,,,,,,,,147161.52,1644,Раздел 7. Адаптация путей движения ( лестница с 1 этажа на -1 этаж),Монтажные работы,,монтажные работы
194,ТЦ_07.2.05.01_71_6800013433_24.07.2025_02_7.1,"КМ/01-50 крышка малая для трубы ∅50,8мм",шт,24.0,1.0,24.0,,,27.2,,652.8,1645,Раздел 7. Адаптация путей движения ( лестница с 1 этажа на -1 этаж),Монтажные работы,материалы,монтажные работы
,,(Деревянные конструкции),,,,,,,,,,1646,Раздел 7. Адаптация путей движения ( лестница с 1 этажа на -1 этаж),Монтажные работы,,монтажные работы
,,Объем=12+12,,,,,,,,,,1647,Раздел 7. Адаптация путей движения ( лестница с 1 этажа на -1 этаж),Монтажные работы,,монтажные работы
,,Всего по позиции,,,,,,,,,652.8,1648,Раздел 7. Адаптация путей движения ( лестница с 1 этажа на -1 этаж),Монтажные работы,,монтажные работы
195,ТЦ_07.2.05.01_71_5036146041_24.07.2025_02_8.1,"Фланец настенный, Ø16.0 мм, AISI 304, GRIT 600",шт,24.0,1.0,24.0,,,156.4,,3753.6,1649,Раздел 7. Адаптация путей движения ( лестница с 1 этажа на -1 этаж),Монтажные работы,материалы,монтажные работы
,,(Деревянные конструкции),,,,,,,,,,1650,Раздел 7. Адаптация путей движения ( лестница с 1 этажа на -1 этаж),Монтажные работы,,монтажные работы
,,Объем=12+12,,,,,,,,,,1651,Раздел 7. Адаптация путей движения ( лестница с 1 этажа на -1 этаж),Монтажные работы,,монтажные работы
,,Всего по позиции,,,,,,,,,3753.6,1652,Раздел 7. Адаптация путей движения ( лестница с 1 этажа на -1 этаж),Монтажные работы,,монтажные работы
196,ГЭСН46-03-013-45,Сверление горизонтальных отверстий в бетонных конструкциях стен перфоратором глубиной 200 мм диаметром: до 20 мм,100 отверстий,0.72,1.0,0.72,,,,,,1653,Раздел 7. Адаптация путей движения ( лестница с 1 этажа на -1 этаж),Монтажные работы,материалы,монтажные работы
,,Объем=(12*3+12*3) / 100,,,,,,,,,,1654,Раздел 7. Адаптация путей движения ( лестница с 1 этажа на -1 этаж),Монтажные работы,,монтажные работы
,1,ОТ(ЗТ),чел.-ч,,,3.9888,,,,,1387.86,1655,Раздел 7. Адаптация путей движения ( лестница с 1 этажа на -1 этаж),Монтажные работы,услуги,монтажные работы
,1-100-30,"Средний разряд работы 3,0",чел.-ч,5.54,,3.9888,,,347.94,,1387.86,1656,Раздел 7. Адаптация путей движения ( лестница с 1 этажа на -1 этаж),Монтажные работы,услуги,монтажные работы
,4,М,,,,,,,,,36.0,1657,Раздел 7. Адаптация путей движения ( лестница с 1 этажа на -1 этаж),Монтажные работы,,монтажные работы
,01.7.03.04-0001,Электроэнергия,кВт-ч,5.91,,4.2552,,,8.46,,36.0,1658,Раздел 7. Адаптация путей движения ( лестница с 1 этажа на -1 этаж),Монтажные работы,материалы,монтажные работы
"П,Н",01.7.17.09,"Сверла, буры",шт,0.0,,0.0,,,,,,1659,Раздел 7. Адаптация путей движения ( лестница с 1 этажа на -1 этаж),Монтажные работы,материалы,монтажные работы
,,Итого прямые затраты,,,,,,,,,1423.86,1660,Раздел 7. Адаптация путей движения ( лестница с 1 этажа на -1 этаж),Монтажные работы,,монтажные работы
,,ФОТ,,,,,,,,,1387.86,1661,Раздел 7. Адаптация путей движения ( лестница с 1 этажа на -1 этаж),Монтажные работы,,монтажные работы
,Пр/812-040.1-1,"НР Работы по реконструкции зданий и сооружений: усиление и замена существующих конструкций, возведение отдельных конструктивных элементов",%,103.0,,103.0,,,,,1429.5,1662,Раздел 7. Адаптация путей движения ( лестница с 1 этажа на -1 этаж),Монтажные работы,,монтажные работы
,Пр/774-040.1,"СП Работы по реконструкции зданий и сооружений: усиление и замена существующих конструкций, возведение отдельных конструктивных элементов",%,59.0,,59.0,,,,,818.84,1663,Раздел 7. Адаптация путей движения ( лестница с 1 этажа на -1 этаж),Монтажные работы,,монтажные работы
,,Всего по позиции,,,,,,,5100.28,,3672.2,1664,Раздел 7. Адаптация путей движения ( лестница с 1 этажа на -1 этаж),Монтажные работы,,монтажные работы
197,ГЭСН46-03-013-58,На каждые 10 мм изменения глубины сверления добавлять или исключать: к норме 46-03-013-45( до глубины 80мм),100 отверстий,-0.72,1.0,-0.72,,,,,,1665,Раздел 7. Адаптация путей движения ( лестница с 1 этажа на -1 этаж),Монтажные работы,материалы,монтажные работы
,,Объем=(-(12*3+12*3)) / 100,,,,,,,,,,1666,Раздел 7. Адаптация путей движения ( лестница с 1 этажа на -1 этаж),Монтажные работы,,монтажные работы
,до глубины 80мм,80мм-200мм=-120мм/10мм=-12 ПЗ=12 (ОЗП=12; ЭМ=12 к расх.; ЗПМ=12; МАТ=12 к расх.; ТЗ=12; ТЗМ=12),,,,,,,,,,1667,Раздел 7. Адаптация путей движения ( лестница с 1 этажа на -1 этаж),Монтажные работы,,монтажные работы
,1,ОТ(ЗТ),чел.-ч,,,-1.8144,,,,,-631.3,1668,Раздел 7. Адаптация путей движения ( лестница с 1 этажа на -1 этаж),Монтажные работы,услуги,монтажные работы
,1-100-30,"Средний разряд работы 3,0",чел.-ч,0.21,12.0,-1.8144,,,347.94,,-631.3,1669,Раздел 7. Адаптация путей движения ( лестница с 1 этажа на -1 этаж),Монтажные работы,услуги,монтажные работы
,4,М,,,,,,,,,-20.83,1670,Раздел 7. Адаптация путей движения ( лестница с 1 этажа на -1 этаж),Монтажные работы,,монтажные работы
,01.7.03.04-0001,Электроэнергия,кВт-ч,0.285,12.0,-2.4624,,,8.46,,-20.83,1671,Раздел 7. Адаптация путей движения ( лестница с 1 этажа на -1 этаж),Монтажные работы,материалы,монтажные работы
"П,Н",01.7.17.09,"Сверла, буры",шт,0.0,12.0,0.0,,,,,,1672,Раздел 7. Адаптация путей движения ( лестница с 1 этажа на -1 этаж),Монтажные работы,материалы,монтажные работы
,,Итого прямые затраты,,,,,,,,,-652.13,1673,Раздел 7. Адаптация путей движения ( лестница с 1 этажа на -1 этаж),Монтажные работы,,монтажные работы
,,ФОТ,,,,,,,,,-631.3,1674,Раздел 7. Адаптация путей движения ( лестница с 1 этажа на -1 этаж),Монтажные работы,,монтажные работы
,Пр/812-040.1-1,"НР Работы по реконструкции зданий и сооружений: усиление и замена существующих конструкций, возведение отдельных конструктивных элементов",%,103.0,,103.0,,,,,-650.24,1675,Раздел 7. Адаптация путей движения ( лестница с 1 этажа на -1 этаж),Монтажные работы,,монтажные работы
,Пр/774-040.1,"СП Работы по реконструкции зданий и сооружений: усиление и замена существующих конструкций, возведение отдельных конструктивных элементов",%,59.0,,59.0,,,,,-372.47,1676,Раздел 7. Адаптация путей движения ( лестница с 1 этажа на -1 этаж),Монтажные работы,,монтажные работы
,,Всего по позиции,,,,,,,2326.17,,-1674.84,1677,Раздел 7. Адаптация путей движения ( лестница с 1 этажа на -1 этаж),Монтажные работы,,монтажные работы
198,ФСБЦ-01.7.17.09-1008,"Бур с наконечником из твердого сплава, с хвостовиком SDS-max для ударного сверления отверстий в твердых материалах, общая длина 920 мм, диаметр 20 мм",шт,1.81,1.0,1.81,907.31,1.24,1125.06,,2036.36,1678,Раздел 7. Адаптация путей движения ( лестница с 1 этажа на -1 этаж),Монтажные работы,материалы,монтажные работы
,,"(Работы по реконструкции зданий и сооружений: усиление и замена существующих конструкций, возведение отдельных конструктивных элементов)",,,,,,,,,,1679,Раздел 7. Адаптация путей движения ( лестница с 1 этажа на -1 этаж),Монтажные работы,,монтажные работы
,,"Объем=72*2,52/100",,,,,,,,,,1680,Раздел 7. Адаптация путей движения ( лестница с 1 этажа на -1 этаж),Монтажные работы,,монтажные работы
,,Всего по позиции,,,,,,,,,2036.36,1681,Раздел 7. Адаптация путей движения ( лестница с 1 этажа на -1 этаж),Монтажные работы,,монтажные работы
199,ФСБЦ-01.7.15.02-0062,"Болты стальные оцинкованные с шестигранной головкой, диаметр резьбы М8 (М10, М12, М14), длина 16-190 мм",т,0.005112,1.0,0.005112,117165.2,1.15,134739.98,,688.79,1682,Раздел 7. Адаптация путей движения ( лестница с 1 этажа на -1 этаж),Монтажные работы,материалы,монтажные работы
,,(Полы),,,,,,,,,,1683,Раздел 7. Адаптация путей движения ( лестница с 1 этажа на -1 этаж),Монтажные работы,,монтажные работы
,,"Объем=72*0,071/1000",,,,,,,,,,1684,Раздел 7. Адаптация путей движения ( лестница с 1 этажа на -1 этаж),Монтажные работы,,монтажные работы
,,Всего по позиции,,,,,,,,,688.79,1685,Раздел 7. Адаптация путей движения ( лестница с 1 этажа на -1 этаж),Монтажные работы,,монтажные работы
200,ГЭСН11-01-049-01,Укладка металлического накладного профиля (порога),100 м,0.0976,1.0,0.0976,,,,,,1686,Раздел 7. Адаптация путей движения ( лестница с 1 этажа на -1 этаж),Монтажные работы,материалы,монтажные работы
,,"Объем=(1,22*8) / 100",,,,,,,,,,1687,Раздел 7. Адаптация путей движения ( лестница с 1 этажа на -1 этаж),Монтажные работы,,монтажные работы
,1,ОТ(ЗТ),чел.-ч,,,1.624064,,,,,565.08,1688,Раздел 7. Адаптация путей движения ( лестница с 1 этажа на -1 этаж),Монтажные работы,услуги,монтажные работы
,1-100-30,"Средний разряд работы 3,0",чел.-ч,16.64,,1.624064,,,347.94,,565.08,1689,Раздел 7. Адаптация путей движения ( лестница с 1 этажа на -1 этаж),Монтажные работы,услуги,монтажные работы
,4,М,,,,,,,,,78.89,1690,Раздел 7. Адаптация путей движения ( лестница с 1 этажа на -1 этаж),Монтажные работы,,монтажные работы
,01.7.03.04-0001,Электроэнергия,кВт-ч,6.876,,0.6710976,,,8.46,,5.68,1691,Раздел 7. Адаптация путей движения ( лестница с 1 этажа на -1 этаж),Монтажные работы,материалы,монтажные работы
,01.7.15.14-0302,"Шурупы самонарезающие стальные с полукруглой головкой и крестообразным шлицем, остроконечные, диаметр 3,5 мм, длина 35 мм",100 шт,6.7,,0.65392,88.86,1.26,111.96,,73.21,1692,Раздел 7. Адаптация путей движения ( лестница с 1 этажа на -1 этаж),Монтажные работы,материалы,монтажные работы
Н,09.2.03.02,Профили стыкоперекрывающие из алюминиевых сплавов (порожки) с покрытием,м,105.0,,10.248,,,,,,1693,Раздел 7. Адаптация путей движения ( лестница с 1 этажа на -1 этаж),Монтажные работы,материалы,монтажные работы
,,Итого прямые затраты,,,,,,,,,643.97,1694,Раздел 7. Адаптация путей движения ( лестница с 1 этажа на -1 этаж),Монтажные работы,,монтажные работы
,,ФОТ,,,,,,,,,565.08,1695,Раздел 7. Адаптация путей движения ( лестница с 1 этажа на -1 этаж),Монтажные работы,,монтажные работы
,Пр/812-011.0-1,НР Полы,%,112.0,,112.0,,,,,632.89,1696,Раздел 7. Адаптация путей движения ( лестница с 1 этажа на -1 этаж),Монтажные работы,,монтажные работы
,Пр/774-011,СП Полы,%,65.0,,65.0,,,,,367.3,1697,Раздел 7. Адаптация путей движения ( лестница с 1 этажа на -1 этаж),Монтажные работы,,монтажные работы
,,Всего по позиции,,,,,,,16845.9,,1644.16,1698,Раздел 7. Адаптация путей движения ( лестница с 1 этажа на -1 этаж),Монтажные работы,,монтажные работы
201,ФСБЦ-09.2.03.02-0001,"Профиль стыкоперекрывающий из алюминиевых сплавов (порожки) с покрытием и антискользящей вставкой, ширина 39 мм, длина 0,9 м( Прим. Контрастная  угловая накладка на ступени), 1 шт-1,22м",шт,18.0,1.0,18.0,127.78,1.24,158.45,,2852.1,1699,Раздел 7. Адаптация путей движения ( лестница с 1 этажа на -1 этаж),Монтажные работы,материалы,монтажные работы
,,(Деревянные конструкции),,,,,,,,,,1700,Раздел 7. Адаптация путей движения ( лестница с 1 этажа на -1 этаж),Монтажные работы,,монтажные работы
,,Всего по позиции,,,,,,,,,2852.1,1701,Раздел 7. Адаптация путей движения ( лестница с 1 этажа на -1 этаж),Монтажные работы,,монтажные работы
202,ГЭСН15-06-005-02,Оклейка предварительно подготовленных поверхностей фотообоями: самоклеящимися( прим.),100 м2,0.000264,1.0,0.000264,,,,,,1702,Раздел 7. Адаптация путей движения ( лестница с 1 этажа на -1 этаж),Монтажные работы,материалы,монтажные работы
,,"Объем=(0,03*0,11*8) / 100",,,,,,,,,,1703,Раздел 7. Адаптация путей движения ( лестница с 1 этажа на -1 этаж),Монтажные работы,,монтажные работы
,1,ОТ(ЗТ),чел.-ч,,,0.0102722,,,,,4.02,1704,Раздел 7. Адаптация путей движения ( лестница с 1 этажа на -1 этаж),Монтажные работы,услуги,монтажные работы
,1-100-40,"Средний разряд работы 4,0",чел.-ч,38.91,,0.0102722,,,391.8,,4.02,1705,Раздел 7. Адаптация путей движения ( лестница с 1 этажа на -1 этаж),Монтажные работы,услуги,монтажные работы
Н,01.6.02.01,Обои,100 м2,1.1,,0.0002904,,,,,,1706,Раздел 7. Адаптация путей движения ( лестница с 1 этажа на -1 этаж),Монтажные работы,материалы,монтажные работы
,,Итого прямые затраты,,,,,,,,,4.02,1707,Раздел 7. Адаптация путей движения ( лестница с 1 этажа на -1 этаж),Монтажные работы,,монтажные работы
,,ФОТ,,,,,,,,,4.02,1708,Раздел 7. Адаптация путей движения ( лестница с 1 этажа на -1 этаж),Монтажные работы,,монтажные работы
,Пр/812-015.0-1,НР Отделочные работы,%,100.0,,100.0,,,,,4.02,1709,Раздел 7. Адаптация путей движения ( лестница с 1 этажа на -1 этаж),Монтажные работы,,монтажные работы
,Пр/774-015,СП Отделочные работы,%,49.0,,49.0,,,,,1.97,1710,Раздел 7. Адаптация путей движения ( лестница с 1 этажа на -1 этаж),Монтажные работы,,монтажные работы
,,Всего по позиции,,,,,,,37916.67,,10.01,1711,Раздел 7. Адаптация путей движения ( лестница с 1 этажа на -1 этаж),Монтажные работы,,монтажные работы
203,ТЦ_01.7.06.14_71_6915010809_24.07.2025_02_13.1,Осязаемые наклейки на ручки и поручни 30 х 110мм,шт,8.0,1.0,8.0,,,119.34,,954.72,1712,Раздел 7. Адаптация путей движения ( лестница с 1 этажа на -1 этаж),Монтажные работы,материалы,монтажные работы
,,(Материалы),,,,,,,,,,1713,Раздел 7. Адаптация путей движения ( лестница с 1 этажа на -1 этаж),Монтажные работы,,монтажные работы
,,Всего по позиции,,,,,,,,,954.72,1714,Раздел 7. Адаптация путей движения ( лестница с 1 этажа на -1 этаж),Монтажные работы,,монтажные работы
Раздел 8. Адаптация путей движения ( лестница и пандусы около сан.узлов на -1 эт.),,,,,,,,,,,,1716,Раздел 8. Адаптация путей движения ( лестница и пандусы около сан.узлов на -1 эт.),Монтажные работы,,монтажные работы
Монтажные работы,,,,,,,,,,,,1717,Раздел 8. Адаптация путей движения ( лестница и пандусы около сан.узлов на -1 эт.),Монтажные работы,,монтажные работы
204,ГЭСН11-01-038-05,Устройство покрытий из плиток поливинилхлоридных: тактильных размером 500х500 мм на клее,100 шт,0.42,1.0,0.42,,,,,,1718,Раздел 8. Адаптация путей движения ( лестница и пандусы около сан.узлов на -1 эт.),Монтажные работы,материалы,монтажные работы
,,Объем=42 / 100,,,,,,,,,,1719,Раздел 8. Адаптация путей движения ( лестница и пандусы около сан.узлов на -1 эт.),Монтажные работы,,монтажные работы
,1,ОТ(ЗТ),чел.-ч,,,3.1122,,,,,1137.48,1720,Раздел 8. Адаптация путей движения ( лестница и пандусы около сан.узлов на -1 эт.),Монтажные работы,услуги,монтажные работы
,1-100-34,"Средний разряд работы 3,4",чел.-ч,7.41,,3.1122,,,365.49,,1137.48,1721,Раздел 8. Адаптация путей движения ( лестница и пандусы около сан.узлов на -1 эт.),Монтажные работы,услуги,монтажные работы
,2,ЭМ,,,,,,,,,93.71,1722,Раздел 8. Адаптация путей движения ( лестница и пандусы около сан.узлов на -1 эт.),Монтажные работы,,монтажные работы
,,ОТм(ЗТм),чел.-ч,,,0.1638,,,,,63.26,1723,Раздел 8. Адаптация путей движения ( лестница и пандусы около сан.узлов на -1 эт.),Монтажные работы,услуги,монтажные работы
,91.06.06-048,"Подъемники одномачтовые, грузоподъемность до 500 кг, высота подъема 45 м",маш.-ч,0.05,,0.021,37.32,1.48,55.23,,1.16,1724,Раздел 8. Адаптация путей движения ( лестница и пандусы около сан.узлов на -1 эт.),Монтажные работы,услуги,монтажные работы
,4-100-030,ОТм(Зтм) Средний разряд машинистов 3,чел.-ч,0.05,,0.021,,,347.94,,7.31,1725,Раздел 8. Адаптация путей движения ( лестница и пандусы около сан.узлов на -1 эт.),Монтажные работы,услуги,монтажные работы
,91.14.02-001,"Автомобили бортовые, грузоподъемность до 5 т",маш.-ч,0.34,,0.1428,,,611.87,,87.38,1726,Раздел 8. Адаптация путей движения ( лестница и пандусы около сан.узлов на -1 эт.),Монтажные работы,услуги,монтажные работы
,4-100-040,ОТм(Зтм) Средний разряд машинистов 4,чел.-ч,0.34,,0.1428,,,391.8,,55.95,1727,Раздел 8. Адаптация путей движения ( лестница и пандусы около сан.узлов на -1 эт.),Монтажные работы,услуги,монтажные работы
,91.21.22-638,"Пылесосы промышленные, мощность до 2000 Вт",маш.-ч,1.25,,0.525,,,9.84,,5.17,1728,Раздел 8. Адаптация путей движения ( лестница и пандусы около сан.узлов на -1 эт.),Монтажные работы,услуги,монтажные работы
Н,01.6.03.01,Плитка тактильная поливинилхлоридная,м2,25.38,,10.6596,,,,,,1729,Раздел 8. Адаптация путей движения ( лестница и пандусы около сан.узлов на -1 эт.),Монтажные работы,материалы,монтажные работы
Н,14.1.02.04,Состав клеящий,кг,8.0,,3.36,,,,,,1730,Раздел 8. Адаптация путей движения ( лестница и пандусы около сан.узлов на -1 эт.),Монтажные работы,материалы,монтажные работы
Н,14.4.01.02,Грунтовки на акриловой основе,кг,2.5,,1.05,,,,,,1731,Раздел 8. Адаптация путей движения ( лестница и пандусы около сан.узлов на -1 эт.),Монтажные работы,материалы,монтажные работы
,,Итого прямые затраты,,,,,,,,,1294.45,1732,Раздел 8. Адаптация путей движения ( лестница и пандусы около сан.узлов на -1 эт.),Монтажные работы,,монтажные работы
,,ФОТ,,,,,,,,,1200.74,1733,Раздел 8. Адаптация путей движения ( лестница и пандусы около сан.узлов на -1 эт.),Монтажные работы,,монтажные работы
,Пр/812-011.0-1,НР Полы,%,112.0,,112.0,,,,,1344.83,1734,Раздел 8. Адаптация путей движения ( лестница и пандусы около сан.узлов на -1 эт.),Монтажные работы,,монтажные работы
,Пр/774-011,СП Полы,%,65.0,,65.0,,,,,780.48,1735,Раздел 8. Адаптация путей движения ( лестница и пандусы около сан.узлов на -1 эт.),Монтажные работы,,монтажные работы
,,Всего по позиции,,,,,,,8142.29,,3419.76,1736,Раздел 8. Адаптация путей движения ( лестница и пандусы около сан.узлов на -1 эт.),Монтажные работы,,монтажные работы
205,ФСБЦ-14.4.01.02-0012,"Грунтовка укрепляющая, глубокого проникновения, быстросохнущая, паропроницаемая",кг,1.05,1.0,1.05,68.29,1.5,102.44,,107.56,1737,Раздел 8. Адаптация путей движения ( лестница и пандусы около сан.узлов на -1 эт.),Монтажные работы,материалы,монтажные работы
,,(Полы),,,,,,,,,,1738,Раздел 8. Адаптация путей движения ( лестница и пандусы около сан.узлов на -1 эт.),Монтажные работы,,монтажные работы
,,Всего по позиции,,,,,,,,,107.56,1739,Раздел 8. Адаптация путей движения ( лестница и пандусы около сан.узлов на -1 эт.),Монтажные работы,,монтажные работы
206,ФСБЦ-01.6.01.11-0045,"Плитки тактильные из резинополиуретана, размеры 500х500 мм, толщина с учетом высоты тактильных элементов 5 мм",м2,10.6596,1.0,10.6596,1728.85,1.51,2610.56,,27827.53,1740,Раздел 8. Адаптация путей движения ( лестница и пандусы около сан.узлов на -1 эт.),Монтажные работы,материалы,монтажные работы
,,(Полы),,,,,,,,,,1741,Раздел 8. Адаптация путей движения ( лестница и пандусы около сан.узлов на -1 эт.),Монтажные работы,,монтажные работы
,,Всего по позиции,,,,,,,,,27827.53,1742,Раздел 8. Адаптация путей движения ( лестница и пандусы около сан.узлов на -1 эт.),Монтажные работы,,монтажные работы
207,ФСБЦ-14.2.06.09-1014,"Средство связующее полиуретановое для изготовления изделий из резиновой/каучуковой крошки и устройства высокопрочных эластичных покрытий, вязкость 4,5-6,5 Па*с при температуре +23 °C, плотность 1,06-1,12 г/см3( прим. Двухкомпонентный клей Fixvert-S для монтажа тактильной плитки из нержавеющей стали. Расход 1 кг клея/1м2)",кг,10.5,1.0,10.5,338.36,1.5,507.54,,5329.17,1743,Раздел 8. Адаптация путей движения ( лестница и пандусы около сан.узлов на -1 эт.),Монтажные работы,материалы,монтажные работы
,,(Полы),,,,,,,,,,1744,Раздел 8. Адаптация путей движения ( лестница и пандусы около сан.узлов на -1 эт.),Монтажные работы,,монтажные работы
,,"Объем=0,48*0+0,5*0,5*42*1,0",,,,,,,,,,1745,Раздел 8. Адаптация путей движения ( лестница и пандусы около сан.узлов на -1 эт.),Монтажные работы,,монтажные работы
,,Всего по позиции,,,,,,,,,5329.17,1746,Раздел 8. Адаптация путей движения ( лестница и пандусы около сан.узлов на -1 эт.),Монтажные работы,,монтажные работы
208,ГЭСН07-05-016-04,"Устройство металлических ограждений: без поручней (прим.установка ограждений из нержавейки: 2-х уровневый поручень ОГ16, ОГ14)",100 м,0.0744,1.0,0.0744,,,,,,1747,Раздел 8. Адаптация путей движения ( лестница и пандусы около сан.узлов на -1 эт.),Монтажные работы,материалы,монтажные работы
,,"Объем=(3,72+3,72) / 100",,,,,,,,,,1748,Раздел 8. Адаптация путей движения ( лестница и пандусы около сан.узлов на -1 эт.),Монтажные работы,,монтажные работы
,1,ОТ(ЗТ),чел.-ч,,,3.0876,,,,,1182.64,1749,Раздел 8. Адаптация путей движения ( лестница и пандусы около сан.узлов на -1 эт.),Монтажные работы,услуги,монтажные работы
,1-100-38,"Средний разряд работы 3,8",чел.-ч,41.5,,3.0876,,,383.03,,1182.64,1750,Раздел 8. Адаптация путей движения ( лестница и пандусы около сан.узлов на -1 эт.),Монтажные работы,услуги,монтажные работы
,2,ЭМ,,,,,,,,,119.25,1751,Раздел 8. Адаптация путей движения ( лестница и пандусы около сан.узлов на -1 эт.),Монтажные работы,,монтажные работы
,,ОТм(ЗТм),чел.-ч,,,0.192696,,,,,74.26,1752,Раздел 8. Адаптация путей движения ( лестница и пандусы около сан.узлов на -1 эт.),Монтажные работы,услуги,монтажные работы
,91.06.06-048,"Подъемники одномачтовые, грузоподъемность до 500 кг, высота подъема 45 м",маш.-ч,0.38,,0.028272,37.32,1.48,55.23,,1.56,1753,Раздел 8. Адаптация путей движения ( лестница и пандусы около сан.узлов на -1 эт.),Монтажные работы,услуги,монтажные работы
,4-100-030,ОТм(Зтм) Средний разряд машинистов 3,чел.-ч,0.38,,0.028272,,,347.94,,9.84,1754,Раздел 8. Адаптация путей движения ( лестница и пандусы около сан.узлов на -1 эт.),Монтажные работы,услуги,монтажные работы
,91.14.02-001,"Автомобили бортовые, грузоподъемность до 5 т",маш.-ч,2.21,,0.164424,,,611.87,,100.61,1755,Раздел 8. Адаптация путей движения ( лестница и пандусы около сан.узлов на -1 эт.),Монтажные работы,услуги,монтажные работы
,4-100-040,ОТм(Зтм) Средний разряд машинистов 4,чел.-ч,2.21,,0.164424,,,391.8,,64.42,1756,Раздел 8. Адаптация путей движения ( лестница и пандусы около сан.узлов на -1 эт.),Монтажные работы,услуги,монтажные работы
,91.17.04-233,"Аппараты сварочные для ручной дуговой сварки, сварочный ток до 350 А",маш.-ч,5.8,,0.43152,,,39.58,,17.08,1757,Раздел 8. Адаптация путей движения ( лестница и пандусы около сан.узлов на -1 эт.),Монтажные работы,услуги,монтажные работы
,4,М,,,,,,,,,284.68,1758,Раздел 8. Адаптация путей движения ( лестница и пандусы около сан.узлов на -1 эт.),Монтажные работы,,монтажные работы
,01.7.03.01-0001,Вода,м3,0.1,,0.00744,35.71,0.89,31.78,,0.24,1759,Раздел 8. Адаптация путей движения ( лестница и пандусы около сан.узлов на -1 эт.),Монтажные работы,материалы,монтажные работы
,01.7.11.07-0054,"Электроды сварочные для сварки низколегированных и углеродистых сталей АНО-6, Э42, диаметр 6 мм",т,0.02,,0.001488,148198.02,0.94,139306.14,,207.29,1760,Раздел 8. Адаптация путей движения ( лестница и пандусы около сан.узлов на -1 эт.),Монтажные работы,материалы,монтажные работы
,03.2.01.01-0001,"Портландцемент бездобавочный общестроительный ЦЕМ 0 32,5Н",т,0.15,,0.01116,4800.85,1.44,6913.22,,77.15,1761,Раздел 8. Адаптация путей движения ( лестница и пандусы около сан.узлов на -1 эт.),Монтажные работы,материалы,монтажные работы
"П,Н",07.2.05.01,Ограждения лестничных проемов,м,0.0,,0.0,,,,,,1762,Раздел 8. Адаптация путей движения ( лестница и пандусы около сан.узлов на -1 эт.),Монтажные работы,материалы,монтажные работы
,,Итого прямые затраты,,,,,,,,,1660.83,1763,Раздел 8. Адаптация путей движения ( лестница и пандусы около сан.узлов на -1 эт.),Монтажные работы,,монтажные работы
,,ФОТ,,,,,,,,,1256.9,1764,Раздел 8. Адаптация путей движения ( лестница и пандусы около сан.узлов на -1 эт.),Монтажные работы,,монтажные работы
,Пр/812-007.1-1,"НР Бетонные и железобетонные сборные конструкции жилых, общественных и административно-бытовых зданий промышленных предприятий",%,116.0,,116.0,,,,,1458.0,1765,Раздел 8. Адаптация путей движения ( лестница и пандусы около сан.узлов на -1 эт.),Монтажные работы,,монтажные работы
,Пр/774-007.1,"СП Бетонные и железобетонные сборные конструкции жилых, общественных и административно-бытовых зданий промышленных предприятий",%,80.0,,80.0,,,,,1005.52,1766,Раздел 8. Адаптация путей движения ( лестница и пандусы около сан.узлов на -1 эт.),Монтажные работы,,монтажные работы
,,Всего по позиции,,,,,,,55434.81,,4124.35,1767,Раздел 8. Адаптация путей движения ( лестница и пандусы около сан.узлов на -1 эт.),Монтажные работы,,монтажные работы
Ограждение ОГ-16,,,,,,,,,,,,1768,Раздел 8. Адаптация путей движения ( лестница и пандусы около сан.узлов на -1 эт.),Монтажные работы,,монтажные работы
209,ТЦ_07.2.05.01_71_6915010809_24.07.2025_02_5.1,"Поручень опорный, двойной, с кронштейнами, пристенный, горизонтальный, нержавеющая сталь, D38 мм",м,3.72,1.0,3.72,,,3264.0,,12142.08,1769,Раздел 8. Адаптация путей движения ( лестница и пандусы около сан.узлов на -1 эт.),Монтажные работы,материалы,монтажные работы
,,(Деревянные конструкции),,,,,,,,,,1770,Раздел 8. Адаптация путей движения ( лестница и пандусы около сан.узлов на -1 эт.),Монтажные работы,,монтажные работы
,,"Объем=(3,12+0,3*2)*1",,,,,,,,,,1771,Раздел 8. Адаптация путей движения ( лестница и пандусы около сан.узлов на -1 эт.),Монтажные работы,,монтажные работы
,,Всего по позиции,,,,,,,,,12142.08,1772,Раздел 8. Адаптация путей движения ( лестница и пандусы около сан.узлов на -1 эт.),Монтажные работы,,монтажные работы
Ограждение ОГ-14,,,,,,,,,,,,1773,Раздел 8. Адаптация путей движения ( лестница и пандусы около сан.узлов на -1 эт.),Монтажные работы,,монтажные работы
210,ТЦ_07.2.05.01_71_6915010809_24.07.2025_02_5.1,"Поручень опорный, двойной, с кронштейнами, пристенный, горизонтальный, нержавеющая сталь, D38 мм",м,3.72,1.0,3.72,,,3264.0,,12142.08,1774,Раздел 8. Адаптация путей движения ( лестница и пандусы около сан.узлов на -1 эт.),Монтажные работы,материалы,монтажные работы
,,(Деревянные конструкции),,,,,,,,,,1775,Раздел 8. Адаптация путей движения ( лестница и пандусы около сан.узлов на -1 эт.),Монтажные работы,,монтажные работы
,,"Объем=(3,12+0,3*2)*1",,,,,,,,,,1776,Раздел 8. Адаптация путей движения ( лестница и пандусы около сан.узлов на -1 эт.),Монтажные работы,,монтажные работы
,,Всего по позиции,,,,,,,,,12142.08,1777,Раздел 8. Адаптация путей движения ( лестница и пандусы около сан.узлов на -1 эт.),Монтажные работы,,монтажные работы
211,ТЦ_07.2.05.01_71_6800013433_24.07.2025_02_7.1,"КМ/01-50 крышка малая для трубы ∅50,8мм",шт,20.0,1.0,20.0,,,27.2,,544.0,1778,Раздел 8. Адаптация путей движения ( лестница и пандусы около сан.узлов на -1 эт.),Монтажные работы,материалы,монтажные работы
,,(Деревянные конструкции),,,,,,,,,,1779,Раздел 8. Адаптация путей движения ( лестница и пандусы около сан.узлов на -1 эт.),Монтажные работы,,монтажные работы
,,Объем=10+10,,,,,,,,,,1780,Раздел 8. Адаптация путей движения ( лестница и пандусы около сан.узлов на -1 эт.),Монтажные работы,,монтажные работы
,,Всего по позиции,,,,,,,,,544.0,1781,Раздел 8. Адаптация путей движения ( лестница и пандусы около сан.узлов на -1 эт.),Монтажные работы,,монтажные работы
212,ТЦ_07.2.05.01_71_5036146041_24.07.2025_02_8.1,"Фланец настенный, Ø16.0 мм, AISI 304, GRIT 600",шт,20.0,1.0,20.0,,,156.4,,3128.0,1782,Раздел 8. Адаптация путей движения ( лестница и пандусы около сан.узлов на -1 эт.),Монтажные работы,материалы,монтажные работы
,,(Деревянные конструкции),,,,,,,,,,1783,Раздел 8. Адаптация путей движения ( лестница и пандусы около сан.узлов на -1 эт.),Монтажные работы,,монтажные работы
,,Объем=10+10,,,,,,,,,,1784,Раздел 8. Адаптация путей движения ( лестница и пандусы около сан.узлов на -1 эт.),Монтажные работы,,монтажные работы
,,Всего по позиции,,,,,,,,,3128.0,1785,Раздел 8. Адаптация путей движения ( лестница и пандусы около сан.узлов на -1 эт.),Монтажные работы,,монтажные работы
213,ГЭСН46-03-013-45,Сверление горизонтальных отверстий в бетонных конструкциях стен перфоратором глубиной 200 мм диаметром: до 20 мм,100 отверстий,0.6,1.0,0.6,,,,,,1786,Раздел 8. Адаптация путей движения ( лестница и пандусы около сан.узлов на -1 эт.),Монтажные работы,материалы,монтажные работы
,,Объем=(10*3+10*3) / 100,,,,,,,,,,1787,Раздел 8. Адаптация путей движения ( лестница и пандусы около сан.узлов на -1 эт.),Монтажные работы,,монтажные работы
,1,ОТ(ЗТ),чел.-ч,,,3.324,,,,,1156.55,1788,Раздел 8. Адаптация путей движения ( лестница и пандусы около сан.узлов на -1 эт.),Монтажные работы,услуги,монтажные работы
,1-100-30,"Средний разряд работы 3,0",чел.-ч,5.54,,3.324,,,347.94,,1156.55,1789,Раздел 8. Адаптация путей движения ( лестница и пандусы около сан.узлов на -1 эт.),Монтажные работы,услуги,монтажные работы
,4,М,,,,,,,,,30.0,1790,Раздел 8. Адаптация путей движения ( лестница и пандусы около сан.узлов на -1 эт.),Монтажные работы,,монтажные работы
,01.7.03.04-0001,Электроэнергия,кВт-ч,5.91,,3.546,,,8.46,,30.0,1791,Раздел 8. Адаптация путей движения ( лестница и пандусы около сан.узлов на -1 эт.),Монтажные работы,материалы,монтажные работы
"П,Н",01.7.17.09,"Сверла, буры",шт,0.0,,0.0,,,,,,1792,Раздел 8. Адаптация путей движения ( лестница и пандусы около сан.узлов на -1 эт.),Монтажные работы,материалы,монтажные работы
,,Итого прямые затраты,,,,,,,,,1186.55,1793,Раздел 8. Адаптация путей движения ( лестница и пандусы около сан.узлов на -1 эт.),Монтажные работы,,монтажные работы
,,ФОТ,,,,,,,,,1156.55,1794,Раздел 8. Адаптация путей движения ( лестница и пандусы около сан.узлов на -1 эт.),Монтажные работы,,монтажные работы
,Пр/812-040.1-1,"НР Работы по реконструкции зданий и сооружений: усиление и замена существующих конструкций, возведение отдельных конструктивных элементов",%,103.0,,103.0,,,,,1191.25,1795,Раздел 8. Адаптация путей движения ( лестница и пандусы около сан.узлов на -1 эт.),Монтажные работы,,монтажные работы
,Пр/774-040.1,"СП Работы по реконструкции зданий и сооружений: усиление и замена существующих конструкций, возведение отдельных конструктивных элементов",%,59.0,,59.0,,,,,682.36,1796,Раздел 8. Адаптация путей движения ( лестница и пандусы около сан.узлов на -1 эт.),Монтажные работы,,монтажные работы
,,Всего по позиции,,,,,,,5100.27,,3060.16,1797,Раздел 8. Адаптация путей движения ( лестница и пандусы около сан.узлов на -1 эт.),Монтажные работы,,монтажные работы
214,ГЭСН46-03-013-58,На каждые 10 мм изменения глубины сверления добавлять или исключать: к норме 46-03-013-45( до глубины 80мм),100 отверстий,-0.6,1.0,-0.6,,,,,,1798,Раздел 8. Адаптация путей движения ( лестница и пандусы около сан.узлов на -1 эт.),Монтажные работы,материалы,монтажные работы
,,Объем=(-(10*3+10*3)) / 100,,,,,,,,,,1799,Раздел 8. Адаптация путей движения ( лестница и пандусы около сан.узлов на -1 эт.),Монтажные работы,,монтажные работы
,до глубины 80мм,80мм-200мм=-120мм/10мм=-12 ПЗ=12 (ОЗП=12; ЭМ=12 к расх.; ЗПМ=12; МАТ=12 к расх.; ТЗ=12; ТЗМ=12),,,,,,,,,,1800,Раздел 8. Адаптация путей движения ( лестница и пандусы около сан.узлов на -1 эт.),Монтажные работы,,монтажные работы
,1,ОТ(ЗТ),чел.-ч,,,-1.512,,,,,-526.09,1801,Раздел 8. Адаптация путей движения ( лестница и пандусы около сан.узлов на -1 эт.),Монтажные работы,услуги,монтажные работы
,1-100-30,"Средний разряд работы 3,0",чел.-ч,0.21,12.0,-1.512,,,347.94,,-526.09,1802,Раздел 8. Адаптация путей движения ( лестница и пандусы около сан.узлов на -1 эт.),Монтажные работы,услуги,монтажные работы
,4,М,,,,,,,,,-17.36,1803,Раздел 8. Адаптация путей движения ( лестница и пандусы около сан.узлов на -1 эт.),Монтажные работы,,монтажные работы
,01.7.03.04-0001,Электроэнергия,кВт-ч,0.285,12.0,-2.052,,,8.46,,-17.36,1804,Раздел 8. Адаптация путей движения ( лестница и пандусы около сан.узлов на -1 эт.),Монтажные работы,материалы,монтажные работы
"П,Н",01.7.17.09,"Сверла, буры",шт,0.0,12.0,0.0,,,,,,1805,Раздел 8. Адаптация путей движения ( лестница и пандусы около сан.узлов на -1 эт.),Монтажные работы,материалы,монтажные работы
,,Итого прямые затраты,,,,,,,,,-543.45,1806,Раздел 8. Адаптация путей движения ( лестница и пандусы около сан.узлов на -1 эт.),Монтажные работы,,монтажные работы
,,ФОТ,,,,,,,,,-526.09,1807,Раздел 8. Адаптация путей движения ( лестница и пандусы около сан.узлов на -1 эт.),Монтажные работы,,монтажные работы
,Пр/812-040.1-1,"НР Работы по реконструкции зданий и сооружений: усиление и замена существующих конструкций, возведение отдельных конструктивных элементов",%,103.0,,103.0,,,,,-541.87,1808,Раздел 8. Адаптация путей движения ( лестница и пандусы около сан.узлов на -1 эт.),Монтажные работы,,монтажные работы
,Пр/774-040.1,"СП Работы по реконструкции зданий и сооружений: усиление и замена существующих конструкций, возведение отдельных конструктивных элементов",%,59.0,,59.0,,,,,-310.39,1809,Раздел 8. Адаптация путей движения ( лестница и пандусы около сан.узлов на -1 эт.),Монтажные работы,,монтажные работы
,,Всего по позиции,,,,,,,2326.18,,-1395.71,1810,Раздел 8. Адаптация путей движения ( лестница и пандусы около сан.узлов на -1 эт.),Монтажные работы,,монтажные работы
215,ФСБЦ-01.7.17.09-1008,"Бур с наконечником из твердого сплава, с хвостовиком SDS-max для ударного сверления отверстий в твердых материалах, общая длина 920 мм, диаметр 20 мм",шт,1.51,1.0,1.51,907.31,1.24,1125.06,,1698.84,1811,Раздел 8. Адаптация путей движения ( лестница и пандусы около сан.узлов на -1 эт.),Монтажные работы,материалы,монтажные работы
,,"(Работы по реконструкции зданий и сооружений: усиление и замена существующих конструкций, возведение отдельных конструктивных элементов)",,,,,,,,,,1812,Раздел 8. Адаптация путей движения ( лестница и пандусы около сан.узлов на -1 эт.),Монтажные работы,,монтажные работы
,,"Объем=60*2,52/100",,,,,,,,,,1813,Раздел 8. Адаптация путей движения ( лестница и пандусы около сан.узлов на -1 эт.),Монтажные работы,,монтажные работы
,,Всего по позиции,,,,,,,,,1698.84,1814,Раздел 8. Адаптация путей движения ( лестница и пандусы около сан.узлов на -1 эт.),Монтажные работы,,монтажные работы
216,ФСБЦ-01.7.15.02-0062,"Болты стальные оцинкованные с шестигранной головкой, диаметр резьбы М8 (М10, М12, М14), длина 16-190 мм",т,0.00426,1.0,0.00426,117165.2,1.15,134739.98,,573.99,1815,Раздел 8. Адаптация путей движения ( лестница и пандусы около сан.узлов на -1 эт.),Монтажные работы,материалы,монтажные работы
,,(Полы),,,,,,,,,,1816,Раздел 8. Адаптация путей движения ( лестница и пандусы около сан.узлов на -1 эт.),Монтажные работы,,монтажные работы
,,"Объем=60*0,071/1000",,,,,,,,,,1817,Раздел 8. Адаптация путей движения ( лестница и пандусы около сан.узлов на -1 эт.),Монтажные работы,,монтажные работы
,,Всего по позиции,,,,,,,,,573.99,1818,Раздел 8. Адаптация путей движения ( лестница и пандусы около сан.узлов на -1 эт.),Монтажные работы,,монтажные работы
217,ГЭСН07-05-016-04,"Устройство металлических ограждений: без поручней (прим.установка ограждений из нержавейки: 2-х уровневый поручень ОГ17, ОГ15)",100 м,0.1004,1.0,0.1004,,,,,,1819,Раздел 8. Адаптация путей движения ( лестница и пандусы около сан.узлов на -1 эт.),Монтажные работы,материалы,монтажные работы
,,"Объем=(5,02+5,02) / 100",,,,,,,,,,1820,Раздел 8. Адаптация путей движения ( лестница и пандусы около сан.узлов на -1 эт.),Монтажные работы,,монтажные работы
,1,ОТ(ЗТ),чел.-ч,,,4.1666,,,,,1595.93,1821,Раздел 8. Адаптация путей движения ( лестница и пандусы около сан.узлов на -1 эт.),Монтажные работы,услуги,монтажные работы
,1-100-38,"Средний разряд работы 3,8",чел.-ч,41.5,,4.1666,,,383.03,,1595.93,1822,Раздел 8. Адаптация путей движения ( лестница и пандусы около сан.узлов на -1 эт.),Монтажные работы,услуги,монтажные работы
,2,ЭМ,,,,,,,,,160.92,1823,Раздел 8. Адаптация путей движения ( лестница и пандусы около сан.узлов на -1 эт.),Монтажные работы,,монтажные работы
,,ОТм(ЗТм),чел.-ч,,,0.260036,,,,,100.2,1824,Раздел 8. Адаптация путей движения ( лестница и пандусы около сан.узлов на -1 эт.),Монтажные работы,услуги,монтажные работы
,91.06.06-048,"Подъемники одномачтовые, грузоподъемность до 500 кг, высота подъема 45 м",маш.-ч,0.38,,0.038152,37.32,1.48,55.23,,2.11,1825,Раздел 8. Адаптация путей движения ( лестница и пандусы около сан.узлов на -1 эт.),Монтажные работы,услуги,монтажные работы
,4-100-030,ОТм(Зтм) Средний разряд машинистов 3,чел.-ч,0.38,,0.038152,,,347.94,,13.27,1826,Раздел 8. Адаптация путей движения ( лестница и пандусы около сан.узлов на -1 эт.),Монтажные работы,услуги,монтажные работы
,91.14.02-001,"Автомобили бортовые, грузоподъемность до 5 т",маш.-ч,2.21,,0.221884,,,611.87,,135.76,1827,Раздел 8. Адаптация путей движения ( лестница и пандусы около сан.узлов на -1 эт.),Монтажные работы,услуги,монтажные работы
,4-100-040,ОТм(Зтм) Средний разряд машинистов 4,чел.-ч,2.21,,0.221884,,,391.8,,86.93,1828,Раздел 8. Адаптация путей движения ( лестница и пандусы около сан.узлов на -1 эт.),Монтажные работы,услуги,монтажные работы
,91.17.04-233,"Аппараты сварочные для ручной дуговой сварки, сварочный ток до 350 А",маш.-ч,5.8,,0.58232,,,39.58,,23.05,1829,Раздел 8. Адаптация путей движения ( лестница и пандусы около сан.узлов на -1 эт.),Монтажные работы,услуги,монтажные работы
,4,М,,,,,,,,,384.16,1830,Раздел 8. Адаптация путей движения ( лестница и пандусы около сан.узлов на -1 эт.),Монтажные работы,,монтажные работы
,01.7.03.01-0001,Вода,м3,0.1,,0.01004,35.71,0.89,31.78,,0.32,1831,Раздел 8. Адаптация путей движения ( лестница и пандусы около сан.узлов на -1 эт.),Монтажные работы,материалы,монтажные работы
,01.7.11.07-0054,"Электроды сварочные для сварки низколегированных и углеродистых сталей АНО-6, Э42, диаметр 6 мм",т,0.02,,0.002008,148198.02,0.94,139306.14,,279.73,1832,Раздел 8. Адаптация путей движения ( лестница и пандусы около сан.узлов на -1 эт.),Монтажные работы,материалы,монтажные работы
,03.2.01.01-0001,"Портландцемент бездобавочный общестроительный ЦЕМ 0 32,5Н",т,0.15,,0.01506,4800.85,1.44,6913.22,,104.11,1833,Раздел 8. Адаптация путей движения ( лестница и пандусы около сан.узлов на -1 эт.),Монтажные работы,материалы,монтажные работы
"П,Н",07.2.05.01,Ограждения лестничных проемов,м,0.0,,0.0,,,,,,1834,Раздел 8. Адаптация путей движения ( лестница и пандусы около сан.узлов на -1 эт.),Монтажные работы,материалы,монтажные работы
,,Итого прямые затраты,,,,,,,,,2241.21,1835,Раздел 8. Адаптация путей движения ( лестница и пандусы около сан.узлов на -1 эт.),Монтажные работы,,монтажные работы
,,ФОТ,,,,,,,,,1696.13,1836,Раздел 8. Адаптация путей движения ( лестница и пандусы около сан.узлов на -1 эт.),Монтажные работы,,монтажные работы
,Пр/812-007.1-1,"НР Бетонные и железобетонные сборные конструкции жилых, общественных и административно-бытовых зданий промышленных предприятий",%,116.0,,116.0,,,,,1967.51,1837,Раздел 8. Адаптация путей движения ( лестница и пандусы около сан.узлов на -1 эт.),Монтажные работы,,монтажные работы
,Пр/774-007.1,"СП Бетонные и железобетонные сборные конструкции жилых, общественных и административно-бытовых зданий промышленных предприятий",%,80.0,,80.0,,,,,1356.9,1838,Раздел 8. Адаптация путей движения ( лестница и пандусы около сан.узлов на -1 эт.),Монтажные работы,,монтажные работы
,,Всего по позиции,,,,,,,55434.46,,5565.62,1839,Раздел 8. Адаптация путей движения ( лестница и пандусы около сан.узлов на -1 эт.),Монтажные работы,,монтажные работы
Ограждение ОГ-17,,,,,,,,,,,,1840,Раздел 8. Адаптация путей движения ( лестница и пандусы около сан.узлов на -1 эт.),Монтажные работы,,монтажные работы
218,ТЦ_07.2.05.01_71_9717010827_24.07.2025_02_4.1,"Ограждение с тремя ригелями и двухуровневыми поручнями, горизонтальное, из нержавеющей стали AISI 304, D38 мм, индивидуальное",м,5.02,1.0,5.02,,,16722.9,,83948.96,1841,Раздел 8. Адаптация путей движения ( лестница и пандусы около сан.узлов на -1 эт.),Монтажные работы,материалы,монтажные работы
,,(Деревянные конструкции),,,,,,,,,,1842,Раздел 8. Адаптация путей движения ( лестница и пандусы около сан.узлов на -1 эт.),Монтажные работы,,монтажные работы
,,"Объем=(4,42+0,3*2)*1",,,,,,,,,,1843,Раздел 8. Адаптация путей движения ( лестница и пандусы около сан.узлов на -1 эт.),Монтажные работы,,монтажные работы
,,Всего по позиции,,,,,,,,,83948.96,1844,Раздел 8. Адаптация путей движения ( лестница и пандусы около сан.узлов на -1 эт.),Монтажные работы,,монтажные работы
Ограждение ОГ-15,,,,,,,,,,,,1845,Раздел 8. Адаптация путей движения ( лестница и пандусы около сан.узлов на -1 эт.),Монтажные работы,,монтажные работы
219,ТЦ_07.2.05.01_71_9717010827_24.07.2025_02_4.1,"Ограждение с тремя ригелями и двухуровневыми поручнями, горизонтальное, из нержавеющей стали AISI 304, D38 мм, индивидуальное",м,0.0,1.0,0.0,,,16722.9,,,1846,Раздел 8. Адаптация путей движения ( лестница и пандусы около сан.узлов на -1 эт.),Монтажные работы,материалы,монтажные работы
,,(Деревянные конструкции),,,,,,,,,,1847,Раздел 8. Адаптация путей движения ( лестница и пандусы около сан.узлов на -1 эт.),Монтажные работы,,монтажные работы
,,Всего по позиции,,,,,,,,,,1848,Раздел 8. Адаптация путей движения ( лестница и пандусы около сан.узлов на -1 эт.),Монтажные работы,,монтажные работы
220,ТЦ_07.2.05.01_71_7733793240_24.07.2025_02_6.1,Крышка большая ∅86 мм для трубы ∅38 мм,шт,14.0,1.0,14.0,,,58.65,,821.1,1849,Раздел 8. Адаптация путей движения ( лестница и пандусы около сан.узлов на -1 эт.),Монтажные работы,материалы,монтажные работы
,,(Деревянные конструкции),,,,,,,,,,1850,Раздел 8. Адаптация путей движения ( лестница и пандусы около сан.узлов на -1 эт.),Монтажные работы,,монтажные работы
,,Объем=7+7,,,,,,,,,,1851,Раздел 8. Адаптация путей движения ( лестница и пандусы около сан.узлов на -1 эт.),Монтажные работы,,монтажные работы
,,Всего по позиции,,,,,,,,,821.1,1852,Раздел 8. Адаптация путей движения ( лестница и пандусы около сан.узлов на -1 эт.),Монтажные работы,,монтажные работы
221,ТЦ_07.2.05.01_71_6800013433_28.07.2025_02_39.1,Ф/01 фланец для трубы ∅38мм,шт,14.0,1.0,14.0,,,263.5,,3689.0,1853,Раздел 8. Адаптация путей движения ( лестница и пандусы около сан.узлов на -1 эт.),Монтажные работы,материалы,монтажные работы
,,(Деревянные конструкции),,,,,,,,,,1854,Раздел 8. Адаптация путей движения ( лестница и пандусы около сан.узлов на -1 эт.),Монтажные работы,,монтажные работы
,,Объем=7+7,,,,,,,,,,1855,Раздел 8. Адаптация путей движения ( лестница и пандусы около сан.узлов на -1 эт.),Монтажные работы,,монтажные работы
,,Всего по позиции,,,,,,,,,3689.0,1856,Раздел 8. Адаптация путей движения ( лестница и пандусы около сан.узлов на -1 эт.),Монтажные работы,,монтажные работы
222,ГЭСН46-08-012-01,"Установка анкеров в отверстия глубиной 100 мм с применением составов на цементно-эпоксидной основе, диаметр анкера: до 8 мм",100 шт,0.14,1.0,0.14,,,,,,1857,Раздел 8. Адаптация путей движения ( лестница и пандусы около сан.узлов на -1 эт.),Монтажные работы,материалы,монтажные работы
,,Объем=(7+7) / 100,,,,,,,,,,1858,Раздел 8. Адаптация путей движения ( лестница и пандусы около сан.узлов на -1 эт.),Монтажные работы,,монтажные работы
,1,ОТ(ЗТ),чел.-ч,,,0.9338,,,,,324.91,1859,Раздел 8. Адаптация путей движения ( лестница и пандусы около сан.узлов на -1 эт.),Монтажные работы,услуги,монтажные работы
,1-100-30,"Средний разряд работы 3,0",чел.-ч,6.67,,0.9338,,,347.94,,324.91,1860,Раздел 8. Адаптация путей движения ( лестница и пандусы около сан.узлов на -1 эт.),Монтажные работы,услуги,монтажные работы
,2,ЭМ,,,,,,,,,4.35,1861,Раздел 8. Адаптация путей движения ( лестница и пандусы около сан.узлов на -1 эт.),Монтажные работы,,монтажные работы
,91.18.01-012,"Компрессоры винтовые передвижные с электродвигателем, давление до 0,6 МПа (6 атм), производительность до 3,5 м3/мин",маш.-ч,0.22,,0.0308,99.51,1.42,141.3,,4.35,1862,Раздел 8. Адаптация путей движения ( лестница и пандусы около сан.узлов на -1 эт.),Монтажные работы,услуги,монтажные работы
,4,М,,,,,,,,,0.66,1863,Раздел 8. Адаптация путей движения ( лестница и пандусы около сан.узлов на -1 эт.),Монтажные работы,,монтажные работы
,01.7.03.04-0001,Электроэнергия,кВт-ч,0.56,,0.0784,,,8.46,,0.66,1864,Раздел 8. Адаптация путей движения ( лестница и пандусы около сан.узлов на -1 эт.),Монтажные работы,материалы,монтажные работы
"П,Н",01.7.15.02,Болты анкерные,т,0.0,,0.0,,,,,,1865,Раздел 8. Адаптация путей движения ( лестница и пандусы около сан.узлов на -1 эт.),Монтажные работы,материалы,монтажные работы
"П,Н",14.2.05.05,Составы на цементно-эпоксидной основе,кг,0.0,,0.0,,,,,,1866,Раздел 8. Адаптация путей движения ( лестница и пандусы около сан.узлов на -1 эт.),Монтажные работы,материалы,монтажные работы
,,Итого прямые затраты,,,,,,,,,329.92,1867,Раздел 8. Адаптация путей движения ( лестница и пандусы около сан.узлов на -1 эт.),Монтажные работы,,монтажные работы
,,ФОТ,,,,,,,,,324.91,1868,Раздел 8. Адаптация путей движения ( лестница и пандусы около сан.узлов на -1 эт.),Монтажные работы,,монтажные работы
,Пр/812-040.1-1,"НР Работы по реконструкции зданий и сооружений: усиление и замена существующих конструкций, возведение отдельных конструктивных элементов",%,103.0,,103.0,,,,,334.66,1869,Раздел 8. Адаптация путей движения ( лестница и пандусы около сан.узлов на -1 эт.),Монтажные работы,,монтажные работы
,Пр/774-040.1,"СП Работы по реконструкции зданий и сооружений: усиление и замена существующих конструкций, возведение отдельных конструктивных элементов",%,59.0,,59.0,,,,,191.7,1870,Раздел 8. Адаптация путей движения ( лестница и пандусы около сан.узлов на -1 эт.),Монтажные работы,,монтажные работы
,,Всего по позиции,,,,,,,6116.29,,856.28,1871,Раздел 8. Адаптация путей движения ( лестница и пандусы около сан.узлов на -1 эт.),Монтажные работы,,монтажные работы
223,ФСБЦ-14.1.06.06-1008,"Капсулы клеевые для химического анкера с наружной резьбой М12, длина капсулы 110 мм",10 шт,1.4,1.0,1.4,1799.4,1.22,2195.27,,3073.38,1872,Раздел 8. Адаптация путей движения ( лестница и пандусы около сан.узлов на -1 эт.),Монтажные работы,материалы,монтажные работы
,,"(Работы по реконструкции зданий и сооружений: усиление и замена существующих конструкций, возведение отдельных конструктивных элементов)",,,,,,,,,,1873,Раздел 8. Адаптация путей движения ( лестница и пандусы около сан.узлов на -1 эт.),Монтажные работы,,монтажные работы
,,Объем=(7+7) / 10,,,,,,,,,,1874,Раздел 8. Адаптация путей движения ( лестница и пандусы около сан.узлов на -1 эт.),Монтажные работы,,монтажные работы
,,Всего по позиции,,,,,,,,,3073.38,1875,Раздел 8. Адаптация путей движения ( лестница и пандусы около сан.узлов на -1 эт.),Монтажные работы,,монтажные работы
224,ФСБЦ-01.7.15.01-1571,"Шпильки анкерные стальные оцинкованные для клеевых анкеров в комплекте с гайкой и шайбой, класс прочности 5.8, наружная резьба М8, длина шпильки 110 мм",10 шт,4.2,1.0,4.2,453.42,1.3,589.45,,2475.69,1876,Раздел 8. Адаптация путей движения ( лестница и пандусы около сан.узлов на -1 эт.),Монтажные работы,материалы,монтажные работы
,,"(Работы по реконструкции зданий и сооружений: усиление и замена существующих конструкций, возведение отдельных конструктивных элементов)",,,,,,,,,,1877,Раздел 8. Адаптация путей движения ( лестница и пандусы около сан.узлов на -1 эт.),Монтажные работы,,монтажные работы
,,Объем=(21+21) / 10,,,,,,,,,,1878,Раздел 8. Адаптация путей движения ( лестница и пандусы около сан.узлов на -1 эт.),Монтажные работы,,монтажные работы
,,Всего по позиции,,,,,,,,,2475.69,1879,Раздел 8. Адаптация путей движения ( лестница и пандусы около сан.узлов на -1 эт.),Монтажные работы,,монтажные работы
225,ГЭСН11-01-049-01,Укладка металлического накладного профиля (порога),100 м,0.125822,1.0,0.125822,,,,,,1880,Раздел 8. Адаптация путей движения ( лестница и пандусы около сан.узлов на -1 эт.),Монтажные работы,материалы,монтажные работы
,,"Объем=((10*1,22)+(4*0,0637*1,5)) / 100",,,,,,,,,,1881,Раздел 8. Адаптация путей движения ( лестница и пандусы около сан.узлов на -1 эт.),Монтажные работы,,монтажные работы
,1,ОТ(ЗТ),чел.-ч,,,2.0936781,,,,,728.47,1882,Раздел 8. Адаптация путей движения ( лестница и пандусы около сан.узлов на -1 эт.),Монтажные работы,услуги,монтажные работы
,1-100-30,"Средний разряд работы 3,0",чел.-ч,16.64,,2.0936781,,,347.94,,728.47,1883,Раздел 8. Адаптация путей движения ( лестница и пандусы около сан.узлов на -1 эт.),Монтажные работы,услуги,монтажные работы
,4,М,,,,,,,,,101.7,1884,Раздел 8. Адаптация путей движения ( лестница и пандусы около сан.узлов на -1 эт.),Монтажные работы,,монтажные работы
,01.7.03.04-0001,Электроэнергия,кВт-ч,6.876,,0.8651521,,,8.46,,7.32,1885,Раздел 8. Адаптация путей движения ( лестница и пандусы около сан.узлов на -1 эт.),Монтажные работы,материалы,монтажные работы
,01.7.15.14-0302,"Шурупы самонарезающие стальные с полукруглой головкой и крестообразным шлицем, остроконечные, диаметр 3,5 мм, длина 35 мм",100 шт,6.7,,0.8430074,88.86,1.26,111.96,,94.38,1886,Раздел 8. Адаптация путей движения ( лестница и пандусы около сан.узлов на -1 эт.),Монтажные работы,материалы,монтажные работы
Н,09.2.03.02,Профили стыкоперекрывающие из алюминиевых сплавов (порожки) с покрытием,м,105.0,,13.21131,,,,,,1887,Раздел 8. Адаптация путей движения ( лестница и пандусы около сан.узлов на -1 эт.),Монтажные работы,материалы,монтажные работы
,,Итого прямые затраты,,,,,,,,,830.17,1888,Раздел 8. Адаптация путей движения ( лестница и пандусы около сан.узлов на -1 эт.),Монтажные работы,,монтажные работы
,,ФОТ,,,,,,,,,728.47,1889,Раздел 8. Адаптация путей движения ( лестница и пандусы около сан.узлов на -1 эт.),Монтажные работы,,монтажные работы
,Пр/812-011.0-1,НР Полы,%,112.0,,112.0,,,,,815.89,1890,Раздел 8. Адаптация путей движения ( лестница и пандусы около сан.узлов на -1 эт.),Монтажные работы,,монтажные работы
,Пр/774-011,СП Полы,%,65.0,,65.0,,,,,473.51,1891,Раздел 8. Адаптация путей движения ( лестница и пандусы около сан.узлов на -1 эт.),Монтажные работы,,монтажные работы
,,Всего по позиции,,,,,,,16845.78,,2119.57,1892,Раздел 8. Адаптация путей движения ( лестница и пандусы около сан.узлов на -1 эт.),Монтажные работы,,монтажные работы
226,ФСБЦ-09.2.03.02-0001,"Профиль стыкоперекрывающий из алюминиевых сплавов (порожки) с покрытием и антискользящей вставкой, ширина 39 мм, длина 0,9 м( Прим. Контрастная  угловая накладка на ступени), 1 шт-1,22м",шт,10.0,1.0,10.0,127.78,1.24,158.45,,1584.5,1893,Раздел 8. Адаптация путей движения ( лестница и пандусы около сан.узлов на -1 эт.),Монтажные работы,материалы,монтажные работы
,,(Деревянные конструкции),,,,,,,,,,1894,Раздел 8. Адаптация путей движения ( лестница и пандусы около сан.узлов на -1 эт.),Монтажные работы,,монтажные работы
,,Всего по позиции,,,,,,,,,1584.5,1895,Раздел 8. Адаптация путей движения ( лестница и пандусы около сан.узлов на -1 эт.),Монтажные работы,,монтажные работы
227,ФСБЦ-09.2.03.02-0002,"Профиль стыкоперекрывающий из алюминиевых сплавов (порожки) с покрытием и антискользящей вставкой, ширина 39 мм, длина 1,8 м( Прим. Противоскользящая накладка размером 63,7мм*1500мм)",шт,4.0,1.0,4.0,276.81,1.24,343.24,,1372.96,1896,Раздел 8. Адаптация путей движения ( лестница и пандусы около сан.узлов на -1 эт.),Монтажные работы,материалы,монтажные работы
,,(Деревянные конструкции),,,,,,,,,,1897,Раздел 8. Адаптация путей движения ( лестница и пандусы около сан.узлов на -1 эт.),Монтажные работы,,монтажные работы
,,Всего по позиции,,,,,,,,,1372.96,1898,Раздел 8. Адаптация путей движения ( лестница и пандусы около сан.узлов на -1 эт.),Монтажные работы,,монтажные работы
228,ГЭСН15-06-005-02,Оклейка предварительно подготовленных поверхностей фотообоями: самоклеящимися( прим.),100 м2,0.00504,1.0,0.00504,,,,,,1899,Раздел 8. Адаптация путей движения ( лестница и пандусы около сан.узлов на -1 эт.),Монтажные работы,материалы,монтажные работы
,,"Объем=(0,1*5,04) / 100",,,,,,,,,,1900,Раздел 8. Адаптация путей движения ( лестница и пандусы около сан.узлов на -1 эт.),Монтажные работы,,монтажные работы
,1,ОТ(ЗТ),чел.-ч,,,0.1961064,,,,,76.83,1901,Раздел 8. Адаптация путей движения ( лестница и пандусы около сан.узлов на -1 эт.),Монтажные работы,услуги,монтажные работы
,1-100-40,"Средний разряд работы 4,0",чел.-ч,38.91,,0.1961064,,,391.8,,76.83,1902,Раздел 8. Адаптация путей движения ( лестница и пандусы около сан.узлов на -1 эт.),Монтажные работы,услуги,монтажные работы
Н,01.6.02.01,Обои,100 м2,1.1,,0.005544,,,,,,1903,Раздел 8. Адаптация путей движения ( лестница и пандусы около сан.узлов на -1 эт.),Монтажные работы,материалы,монтажные работы
,,Итого прямые затраты,,,,,,,,,76.83,1904,Раздел 8. Адаптация путей движения ( лестница и пандусы около сан.узлов на -1 эт.),Монтажные работы,,монтажные работы
,,ФОТ,,,,,,,,,76.83,1905,Раздел 8. Адаптация путей движения ( лестница и пандусы около сан.узлов на -1 эт.),Монтажные работы,,монтажные работы
,Пр/812-015.0-1,НР Отделочные работы,%,100.0,,100.0,,,,,76.83,1906,Раздел 8. Адаптация путей движения ( лестница и пандусы около сан.узлов на -1 эт.),Монтажные работы,,монтажные работы
,Пр/774-015,СП Отделочные работы,%,49.0,,49.0,,,,,37.65,1907,Раздел 8. Адаптация путей движения ( лестница и пандусы около сан.узлов на -1 эт.),Монтажные работы,,монтажные работы
,,Всего по позиции,,,,,,,37958.33,,191.31,1908,Раздел 8. Адаптация путей движения ( лестница и пандусы около сан.узлов на -1 эт.),Монтажные работы,,монтажные работы
229,ТЦ_01.7.06.14_71_6915012732_28.07.2025_02_22.1,"Лента сигнальная для разметки пола, самоклеящаяся, черно-желтого цвета, шириной 100мм, (рулон 30 м)",м,5.04,1.0,5.04,,,26.69,,134.52,1909,Раздел 8. Адаптация путей движения ( лестница и пандусы около сан.узлов на -1 эт.),Монтажные работы,материалы,монтажные работы
,,(Материалы),,,,,,,,,,1910,Раздел 8. Адаптация путей движения ( лестница и пандусы около сан.узлов на -1 эт.),Монтажные работы,,монтажные работы
,,Всего по позиции,,,,,,,,,134.52,1911,Раздел 8. Адаптация путей движения ( лестница и пандусы около сан.узлов на -1 эт.),Монтажные работы,,монтажные работы
Раздел 9. Адаптация лифтового узла,,,,,,,,,,,,1913,Раздел 9. Адаптация лифтового узла,Монтажные работы,,монтажные работы
Монтажные работы,,,,,,,,,,,,1914,Раздел 9. Адаптация лифтового узла,Монтажные работы,,монтажные работы
230,ГЭСН11-01-038-05,Устройство покрытий из плиток поливинилхлоридных: тактильных размером 500х500 мм на клее,100 шт,0.72,1.0,0.72,,,,,,1915,Раздел 9. Адаптация лифтового узла,Монтажные работы,материалы,монтажные работы
,,Объем=72 / 100,,,,,,,,,,1916,Раздел 9. Адаптация лифтового узла,Монтажные работы,,монтажные работы
,1,ОТ(ЗТ),чел.-ч,,,5.3352,,,,,1949.96,1917,Раздел 9. Адаптация лифтового узла,Монтажные работы,услуги,монтажные работы
,1-100-34,"Средний разряд работы 3,4",чел.-ч,7.41,,5.3352,,,365.49,,1949.96,1918,Раздел 9. Адаптация лифтового узла,Монтажные работы,услуги,монтажные работы
,2,ЭМ,,,,,,,,,160.64,1919,Раздел 9. Адаптация лифтового узла,Монтажные работы,,монтажные работы
,,ОТм(ЗТм),чел.-ч,,,0.2808,,,,,108.44,1920,Раздел 9. Адаптация лифтового узла,Монтажные работы,услуги,монтажные работы
,91.06.06-048,"Подъемники одномачтовые, грузоподъемность до 500 кг, высота подъема 45 м",маш.-ч,0.05,,0.036,37.32,1.48,55.23,,1.99,1921,Раздел 9. Адаптация лифтового узла,Монтажные работы,услуги,монтажные работы
,4-100-030,ОТм(Зтм) Средний разряд машинистов 3,чел.-ч,0.05,,0.036,,,347.94,,12.53,1922,Раздел 9. Адаптация лифтового узла,Монтажные работы,услуги,монтажные работы
,91.14.02-001,"Автомобили бортовые, грузоподъемность до 5 т",маш.-ч,0.34,,0.2448,,,611.87,,149.79,1923,Раздел 9. Адаптация лифтового узла,Монтажные работы,услуги,монтажные работы
,4-100-040,ОТм(Зтм) Средний разряд машинистов 4,чел.-ч,0.34,,0.2448,,,391.8,,95.91,1924,Раздел 9. Адаптация лифтового узла,Монтажные работы,услуги,монтажные работы
,91.21.22-638,"Пылесосы промышленные, мощность до 2000 Вт",маш.-ч,1.25,,0.9,,,9.84,,8.86,1925,Раздел 9. Адаптация лифтового узла,Монтажные работы,услуги,монтажные работы
Н,01.6.03.01,Плитка тактильная поливинилхлоридная,м2,25.38,,18.2736,,,,,,1926,Раздел 9. Адаптация лифтового узла,Монтажные работы,материалы,монтажные работы
Н,14.1.02.04,Состав клеящий,кг,8.0,,5.76,,,,,,1927,Раздел 9. Адаптация лифтового узла,Монтажные работы,материалы,монтажные работы
Н,14.4.01.02,Грунтовки на акриловой основе,кг,2.5,,1.8,,,,,,1928,Раздел 9. Адаптация лифтового узла,Монтажные работы,материалы,монтажные работы
,,Итого прямые затраты,,,,,,,,,2219.04,1929,Раздел 9. Адаптация лифтового узла,Монтажные работы,,монтажные работы
,,ФОТ,,,,,,,,,2058.4,1930,Раздел 9. Адаптация лифтового узла,Монтажные работы,,монтажные работы
,Пр/812-011.0-1,НР Полы,%,112.0,,112.0,,,,,2305.41,1931,Раздел 9. Адаптация лифтового узла,Монтажные работы,,монтажные работы
,Пр/774-011,СП Полы,%,65.0,,65.0,,,,,1337.96,1932,Раздел 9. Адаптация лифтового узла,Монтажные работы,,монтажные работы
,,Всего по позиции,,,,,,,8142.24,,5862.41,1933,Раздел 9. Адаптация лифтового узла,Монтажные работы,,монтажные работы
231,ФСБЦ-14.4.01.02-0012,"Грунтовка укрепляющая, глубокого проникновения, быстросохнущая, паропроницаемая",кг,1.8,1.0,1.8,68.29,1.5,102.44,,184.39,1934,Раздел 9. Адаптация лифтового узла,Монтажные работы,материалы,монтажные работы
,,(Полы),,,,,,,,,,1935,Раздел 9. Адаптация лифтового узла,Монтажные работы,,монтажные работы
,,Всего по позиции,,,,,,,,,184.39,1936,Раздел 9. Адаптация лифтового узла,Монтажные работы,,монтажные работы
232,ФСБЦ-01.6.01.11-0045,"Плитки тактильные из резинополиуретана, размеры 500х500 мм, толщина с учетом высоты тактильных элементов 5 мм",м2,18.2736,1.0,18.2736,1728.85,1.51,2610.56,,47704.33,1937,Раздел 9. Адаптация лифтового узла,Монтажные работы,материалы,монтажные работы
,,(Полы),,,,,,,,,,1938,Раздел 9. Адаптация лифтового узла,Монтажные работы,,монтажные работы
,,Всего по позиции,,,,,,,,,47704.33,1939,Раздел 9. Адаптация лифтового узла,Монтажные работы,,монтажные работы
233,ФСБЦ-14.2.06.09-1014,"Средство связующее полиуретановое для изготовления изделий из резиновой/каучуковой крошки и устройства высокопрочных эластичных покрытий, вязкость 4,5-6,5 Па*с при температуре +23 °C, плотность 1,06-1,12 г/см3( прим. Двухкомпонентный клей Fixvert-S для монтажа тактильной плитки из нержавеющей стали. Расход 1 кг клея/1м2)",кг,18.0,1.0,18.0,338.36,1.5,507.54,,9135.72,1940,Раздел 9. Адаптация лифтового узла,Монтажные работы,материалы,монтажные работы
,,(Полы),,,,,,,,,,1941,Раздел 9. Адаптация лифтового узла,Монтажные работы,,монтажные работы
,,"Объем=0,48*0+0,5*0,5*72*1,0",,,,,,,,,,1942,Раздел 9. Адаптация лифтового узла,Монтажные работы,,монтажные работы
,,Всего по позиции,,,,,,,,,9135.72,1943,Раздел 9. Адаптация лифтового узла,Монтажные работы,,монтажные работы
234,ГЭСН09-05-014-02,"Установка номерных табличек: для этажа, подъезда( Прим.)",шт,42.0,1.0,42.0,,,,,,1944,Раздел 9. Адаптация лифтового узла,Монтажные работы,материалы,монтажные работы
,,Объем=12+12+6+6+6,,,,,,,,,,1945,Раздел 9. Адаптация лифтового узла,Монтажные работы,,монтажные работы
,1,ОТ(ЗТ),чел.-ч,,,21.84,,,,,7599.01,1946,Раздел 9. Адаптация лифтового узла,Монтажные работы,услуги,монтажные работы
,1-100-30,"Средний разряд работы 3,0",чел.-ч,0.52,,21.84,,,347.94,,7599.01,1947,Раздел 9. Адаптация лифтового узла,Монтажные работы,услуги,монтажные работы
,4,М,,,,,,,,,630.15,1948,Раздел 9. Адаптация лифтового узла,Монтажные работы,,монтажные работы
,01.7.15.07-0010,"Дюбели пластмассовые с шурупами, диаметр 10 мм, длина 50-60 мм, диаметр шурупа 6 мм, длина шурупа 50-80 мм",100 шт,0.02,,0.84,595.38,1.26,750.18,,630.15,1949,Раздел 9. Адаптация лифтового узла,Монтажные работы,материалы,монтажные работы
Н,20.3.04.02,"Знаки, таблички",шт,1.0,,42.0,,,,,,1950,Раздел 9. Адаптация лифтового узла,Монтажные работы,материалы,монтажные работы
,,Итого прямые затраты,,,,,,,,,8229.16,1951,Раздел 9. Адаптация лифтового узла,Монтажные работы,,монтажные работы
,,ФОТ,,,,,,,,,7599.01,1952,Раздел 9. Адаптация лифтового узла,Монтажные работы,,монтажные работы
,Пр/812-009.0-1,НР Строительные металлические конструкции,%,93.0,,93.0,,,,,7067.08,1953,Раздел 9. Адаптация лифтового узла,Монтажные работы,,монтажные работы
,Пр/774-009,СП Строительные металлические конструкции,%,62.0,,62.0,,,,,4711.39,1954,Раздел 9. Адаптация лифтового узла,Монтажные работы,,монтажные работы
,,Всего по позиции,,,,,,,476.37,,20007.63,1955,Раздел 9. Адаптация лифтового узла,Монтажные работы,,монтажные работы
235,ТЦ_20.3.04.02_71_6670319178_28.07.2025_02_26.1,Тактильная пиктограмма СП9 Вход в здание 150x150 мм,шт,12.0,1.0,12.0,,,272.0,,3264.0,1956,Раздел 9. Адаптация лифтового узла,Монтажные работы,материалы,монтажные работы
,,(Материалы),,,,,,,,,,1957,Раздел 9. Адаптация лифтового узла,Монтажные работы,,монтажные работы
,,Всего по позиции,,,,,,,,,3264.0,1958,Раздел 9. Адаптация лифтового узла,Монтажные работы,,монтажные работы
236,ТЦ_20.3.04.02_71_7806523834_28.07.2025_02_27.1,Тактильная пиктограмма «Лифт для инвалидов» (150х150),шт,12.0,1.0,12.0,,,382.5,,4590.0,1959,Раздел 9. Адаптация лифтового узла,Монтажные работы,материалы,монтажные работы
,,(Материалы),,,,,,,,,,1960,Раздел 9. Адаптация лифтового узла,Монтажные работы,,монтажные работы
,,Всего по позиции,,,,,,,,,4590.0,1961,Раздел 9. Адаптация лифтового узла,Монтажные работы,,монтажные работы
237,ТЦ_20.3.04.02_71_6915012732_28.07.2025_02_41.1,"Знак эвакуационный «Направление к эвакуационному выходу налево», фотолюминесцентный",шт,6.0,1.0,6.0,,,640.9,,3845.4,1962,Раздел 9. Адаптация лифтового узла,Монтажные работы,материалы,монтажные работы
,,(Материалы),,,,,,,,,,1963,Раздел 9. Адаптация лифтового узла,Монтажные работы,,монтажные работы
,,Всего по позиции,,,,,,,,,3845.4,1964,Раздел 9. Адаптация лифтового узла,Монтажные работы,,монтажные работы
238,ТЦ_20.3.04.02_71_6915012732_28.07.2025_02_37.1,"Мнемосхема тактильная стандартная, ПВХ 3 мм с защитным покрытием. Размер 470x610х3 мм (Тактильная мнемосхема с дублированием шрифтом Брайля схемы экспозиционного зала, размер 640мм*480мм, 10 шт, Тактильная мнемосхема с дублированием шрифтом Брайля поэтажное расположение выставочных залов, 640мм*480мм, 10шт)",м2,14.1312,1.0,14.1312,,,11438.09,,161633.94,1965,Раздел 9. Адаптация лифтового узла,Монтажные работы,материалы,монтажные работы
,,(Материалы),,,,,,,,,,1966,Раздел 9. Адаптация лифтового узла,Монтажные работы,,монтажные работы
,,"Объем=46*0,64*0,48",,,,,,,,,,1967,Раздел 9. Адаптация лифтового узла,Монтажные работы,,монтажные работы
,,Всего по позиции,,,,,,,,,161633.94,1968,Раздел 9. Адаптация лифтового узла,Монтажные работы,,монтажные работы
239,ТЦ_20.3.04.02_71_6915012732_28.07.2025_02_37.1,"Мнемосхема тактильная стандартная, ПВХ 3 мм с защитным покрытием. Размер 470x610х3 мм (Тактильная мнемосхема с дублированием шрифтом Брайля схемы экспозиционного зала, размер 640мм*480мм, 10 шт, Тактильная мнемосхема с дублированием шрифтом Брайля поэтажное расположение выставочных залов, 640мм*480мм, 10шт)",м2,14.1312,1.0,14.1312,,,11438.09,,161633.94,1969,Раздел 9. Адаптация лифтового узла,Монтажные работы,материалы,монтажные работы
,,(Материалы),,,,,,,,,,1970,Раздел 9. Адаптация лифтового узла,Монтажные работы,,монтажные работы
,,"Объем=46*0,64*0,48",,,,,,,,,,1971,Раздел 9. Адаптация лифтового узла,Монтажные работы,,монтажные работы
,,Всего по позиции,,,,,,,,,161633.94,1972,Раздел 9. Адаптация лифтового узла,Монтажные работы,,монтажные работы
240,ГЭСН15-06-005-02,Оклейка предварительно подготовленных поверхностей фотообоями: самоклеящимися( прим.),100 м2,0.007424,1.0,0.007424,,,,,,1973,Раздел 9. Адаптация лифтового узла,Монтажные работы,материалы,монтажные работы
,,"Объем=((0,2*0,2*6)+(0,1*0,1*3,14*16)) / 100",,,,,,,,,,1974,Раздел 9. Адаптация лифтового узла,Монтажные работы,,монтажные работы
,1,ОТ(ЗТ),чел.-ч,,,0.2888678,,,,,113.18,1975,Раздел 9. Адаптация лифтового узла,Монтажные работы,услуги,монтажные работы
,1-100-40,"Средний разряд работы 4,0",чел.-ч,38.91,,0.2888678,,,391.8,,113.18,1976,Раздел 9. Адаптация лифтового узла,Монтажные работы,услуги,монтажные работы
Н,01.6.02.01,Обои,100 м2,1.1,,0.0081664,,,,,,1977,Раздел 9. Адаптация лифтового узла,Монтажные работы,материалы,монтажные работы
,,Итого прямые затраты,,,,,,,,,113.18,1978,Раздел 9. Адаптация лифтового узла,Монтажные работы,,монтажные работы
,,ФОТ,,,,,,,,,113.18,1979,Раздел 9. Адаптация лифтового узла,Монтажные работы,,монтажные работы
,Пр/812-015.0-1,НР Отделочные работы,%,100.0,,100.0,,,,,113.18,1980,Раздел 9. Адаптация лифтового узла,Монтажные работы,,монтажные работы
,Пр/774-015,СП Отделочные работы,%,49.0,,49.0,,,,,55.46,1981,Раздел 9. Адаптация лифтового узла,Монтажные работы,,монтажные работы
,,Всего по позиции,,,,,,,37960.67,,281.82,1982,Раздел 9. Адаптация лифтового узла,Монтажные работы,,монтажные работы
241,ТЦ_01.7.06.14_71_6915012732_02.08.2025_02_44.1,"Тактильные номера для маркировки этажей и площадок, тактильные цифры с контрастной подложкой (желтая). 10022",шт,6.0,1.0,6.0,,,1111.8,,6670.8,1983,Раздел 9. Адаптация лифтового узла,Монтажные работы,материалы,монтажные работы
,,(Материалы),,,,,,,,,,1984,Раздел 9. Адаптация лифтового узла,Монтажные работы,,монтажные работы
,,Всего по позиции,,,,,,,,,6670.8,1985,Раздел 9. Адаптация лифтового узла,Монтажные работы,,монтажные работы
242,ТЦ_01.7.06.14_71_6915012732_28.07.2025_02_42.1,Набор тактильных наклеек для маркировки кнопок лифта №1. 95 x 125мм,шт,12.0,1.0,12.0,,,244.8,,2937.6,1986,Раздел 9. Адаптация лифтового узла,Монтажные работы,материалы,монтажные работы
,,(Материалы),,,,,,,,,,1987,Раздел 9. Адаптация лифтового узла,Монтажные работы,,монтажные работы
,,Всего по позиции,,,,,,,,,2937.6,1988,Раздел 9. Адаптация лифтового узла,Монтажные работы,,монтажные работы
243,ТЦ_01.7.06.14_71_6915010809_28.07.2025_02_28.1,Пиктограмма G-07 Осторожно! Препятствие. На основе полистирола 150x150х4мм,шт,16.0,1.0,16.0,,,452.88,,7246.08,1989,Раздел 9. Адаптация лифтового узла,Монтажные работы,материалы,монтажные работы
,,(Материалы),,,,,,,,,,1990,Раздел 9. Адаптация лифтового узла,Монтажные работы,,монтажные работы
,,Всего по позиции,,,,,,,,,7246.08,1991,Раздел 9. Адаптация лифтового узла,Монтажные работы,,монтажные работы
244,ГЭСНм11-04-003-02,"Аппарат напольный, масса: до 0,3 т( прим.)",шт,4.0,1.0,4.0,,,,,,1992,Раздел 9. Адаптация лифтового узла,Монтажные работы,материалы,монтажные работы
,1,ОТ(ЗТ),чел.-ч,,,62.0,,,,,22388.2,1993,Раздел 9. Адаптация лифтового узла,Монтажные работы,услуги,монтажные работы
,1-100-33,"Средний разряд работы 3,3",чел.-ч,15.5,,62.0,,,361.1,,22388.2,1994,Раздел 9. Адаптация лифтового узла,Монтажные работы,услуги,монтажные работы
,2,ЭМ,,,,,,,,,3654.43,1995,Раздел 9. Адаптация лифтового узла,Монтажные работы,,монтажные работы
,,ОТм(ЗТм),чел.-ч,,,3.32,,,,,1513.82,1996,Раздел 9. Адаптация лифтового узла,Монтажные работы,услуги,монтажные работы
,91.05.05-015,"Краны на автомобильном ходу, грузоподъемность 16 т",маш.-ч,0.396,,1.584,,,1626.46,,2576.31,1997,Раздел 9. Адаптация лифтового узла,Монтажные работы,услуги,монтажные работы
,4-100-060,ОТм(Зтм) Средний разряд машинистов 6,чел.-ч,0.396,,1.584,,,526.3,,833.66,1998,Раздел 9. Адаптация лифтового узла,Монтажные работы,услуги,монтажные работы
,91.06.03-060,"Лебедки электрические тяговым усилием до 5,79 кН (0,59 т)",маш.-ч,0.42,,1.68,6.62,1.43,9.47,,15.91,1999,Раздел 9. Адаптация лифтового узла,Монтажные работы,услуги,монтажные работы
,91.14.02-001,"Автомобили бортовые, грузоподъемность до 5 т",маш.-ч,0.434,,1.736,,,611.87,,1062.21,2000,Раздел 9. Адаптация лифтового узла,Монтажные работы,услуги,монтажные работы
,4-100-040,ОТм(Зтм) Средний разряд машинистов 4,чел.-ч,0.434,,1.736,,,391.8,,680.16,2001,Раздел 9. Адаптация лифтового узла,Монтажные работы,услуги,монтажные работы
,4,М,,,,,,,,,152.95,2002,Раздел 9. Адаптация лифтового узла,Монтажные работы,,монтажные работы
,01.7.15.03-0031,"Болты стальные оцинкованные с шестигранной головкой и оцинкованной шестигранной гайкой, диаметр резьбы болта и гайки М6, длина болта 12-60 мм",кг,0.0267,,0.1068,154.58,1.15,177.77,,18.99,2003,Раздел 9. Адаптация лифтового узла,Монтажные работы,материалы,монтажные работы
,10.3.02.03-0013,"Припои оловянно-свинцовые бессурьмянистые, марка ПОС61",кг,0.01,,0.04,1562.87,1.61,2516.22,,100.65,2004,Раздел 9. Адаптация лифтового узла,Монтажные работы,материалы,монтажные работы
,14.4.04.09-0016,"Эмаль ХВ-124, цветная",т,1e-05,,4e-05,146734.48,1.29,189287.48,,7.57,2005,Раздел 9. Адаптация лифтового узла,Монтажные работы,материалы,монтажные работы
,20.2.10.03-0006,Наконечники кольцевые изолированные,100 шт,0.02,,0.08,233.18,1.38,321.79,,25.74,2006,Раздел 9. Адаптация лифтового узла,Монтажные работы,материалы,монтажные работы
,,Итого прямые затраты,,,,,,,,,27709.4,2007,Раздел 9. Адаптация лифтового узла,Монтажные работы,,монтажные работы
244.1,421/пр_2020_п.75_пп.а,Вспомогательные ненормируемые материальные ресурсы,%,2.0,,2.0,,,,,447.76,2008,Раздел 9. Адаптация лифтового узла,Монтажные работы,,монтажные работы
,,ФОТ,,,,,,,,,23902.02,2009,Раздел 9. Адаптация лифтового узла,Монтажные работы,,монтажные работы
,Пр/812-053.0-1,"НР Приборы, средства автоматизации и вычислительной техники",%,90.0,,90.0,,,,,21511.82,2010,Раздел 9. Адаптация лифтового узла,Монтажные работы,,монтажные работы
,Пр/774-053,"СП Приборы, средства автоматизации и вычислительной техники",%,46.0,,46.0,,,,,10994.93,2011,Раздел 9. Адаптация лифтового узла,Монтажные работы,,монтажные работы
,,Всего по позиции,,,,,,,15165.98,,60663.91,2012,Раздел 9. Адаптация лифтового узла,Монтажные работы,,монтажные работы
"245
О",ТЦ_62.0.00.00_71_9718105246_02.08.2025_02_40.1,"Интерактивный киоск МИТ Представительский (Базовая комплектация) 43"" ПРОСИГМА",шт,4.0,1.0,4.0,,,216011.4,,864045.6,2013,Раздел 9. Адаптация лифтового узла,Монтажные работы,материалы,монтажные работы
,,(Оборудование),,,,,,,,,,2014,Раздел 9. Адаптация лифтового узла,Монтажные работы,,монтажные работы
,,Всего по позиции,,,,,,,,,864045.6,2015,Раздел 9. Адаптация лифтового узла,Монтажные работы,,монтажные работы
246,ГЭСН15-06-005-02,Оклейка предварительно подготовленных поверхностей фотообоями: самоклеящимися( прим.),100 м2,0.00464,1.0,0.00464,,,,,,2016,Раздел 9. Адаптация лифтового узла,Монтажные работы,материалы,монтажные работы
,,"Объем=(0,05*9,28) / 100",,,,,,,,,,2017,Раздел 9. Адаптация лифтового узла,Монтажные работы,,монтажные работы
,1,ОТ(ЗТ),чел.-ч,,,0.1805424,,,,,70.74,2018,Раздел 9. Адаптация лифтового узла,Монтажные работы,услуги,монтажные работы
,1-100-40,"Средний разряд работы 4,0",чел.-ч,38.91,,0.1805424,,,391.8,,70.74,2019,Раздел 9. Адаптация лифтового узла,Монтажные работы,услуги,монтажные работы
Н,01.6.02.01,Обои,100 м2,1.1,,0.005104,,,,,,2020,Раздел 9. Адаптация лифтового узла,Монтажные работы,материалы,монтажные работы
,,Итого прямые затраты,,,,,,,,,70.74,2021,Раздел 9. Адаптация лифтового узла,Монтажные работы,,монтажные работы
,,ФОТ,,,,,,,,,70.74,2022,Раздел 9. Адаптация лифтового узла,Монтажные работы,,монтажные работы
,Пр/812-015.0-1,НР Отделочные работы,%,100.0,,100.0,,,,,70.74,2023,Раздел 9. Адаптация лифтового узла,Монтажные работы,,монтажные работы
,Пр/774-015,СП Отделочные работы,%,49.0,,49.0,,,,,34.66,2024,Раздел 9. Адаптация лифтового узла,Монтажные работы,,монтажные работы
,,Всего по позиции,,,,,,,37961.21,,176.14,2025,Раздел 9. Адаптация лифтового узла,Монтажные работы,,монтажные работы
247,ТЦ_01.7.06.14_71_6915012732_28.07.2025_02_22.1,"Лента сигнальная для разметки пола, самоклеящаяся, черно-желтого цвета, шириной 100мм, (рулон 30 м)",м,9.28,1.0,9.28,,,26.69,,247.68,2026,Раздел 9. Адаптация лифтового узла,Монтажные работы,материалы,монтажные работы
,,(Материалы),,,,,,,,,,2027,Раздел 9. Адаптация лифтового узла,Монтажные работы,,монтажные работы
,,Всего по позиции,,,,,,,,,247.68,2028,Раздел 9. Адаптация лифтового узла,Монтажные работы,,монтажные работы
Раздел 10. Адаптация лестницы на 5-й этаж,,,,,,,,,,,,2030,Раздел 10. Адаптация лестницы на 5-й этаж,Монтажные работы,,монтажные работы
Демонтажные работы,,,,,,,,,,,,2031,Раздел 10. Адаптация лестницы на 5-й этаж,Демонтажные работы,,монтажные работы
248,ГЭСНр59-01-003-01,Разборка металлических лестничных решеток при весе одного метра решетки: до 60 кг(прим. Демонтаж существующих ограждений ),100 м,0.152,1.0,0.152,,,,,,2032,Раздел 10. Адаптация лестницы на 5-й этаж,Демонтажные работы,материалы,монтажные работы
,,"Объем=15,2 / 100",,,,,,,,,,2033,Раздел 10. Адаптация лестницы на 5-й этаж,Демонтажные работы,,монтажные работы
,1,ОТ(ЗТ),чел.-ч,,,7.1896,,,,,2333.38,2034,Раздел 10. Адаптация лестницы на 5-й этаж,Демонтажные работы,услуги,монтажные работы
,1-100-22,"Средний разряд работы 2,2",чел.-ч,47.3,,7.1896,,,324.55,,2333.38,2035,Раздел 10. Адаптация лестницы на 5-й этаж,Демонтажные работы,услуги,монтажные работы
,2,ЭМ,,,,,,,,,3.82,2036,Раздел 10. Адаптация лестницы на 5-й этаж,Демонтажные работы,,монтажные работы
,91.17.04-042,Аппараты для газовой сварки и резки,маш.-ч,4.7,,0.7144,4.35,1.23,5.35,,3.82,2037,Раздел 10. Адаптация лестницы на 5-й этаж,Демонтажные работы,услуги,монтажные работы
,4,М,,,,,,,,,101.44,2038,Раздел 10. Адаптация лестницы на 5-й этаж,Демонтажные работы,,монтажные работы
,01.3.02.03-0001,Ацетилен газообразный технический,м3,0.6,,0.0912,340.41,1.56,531.04,,48.43,2039,Раздел 10. Адаптация лестницы на 5-й этаж,Демонтажные работы,материалы,монтажные работы
,01.3.02.08-0001,Кислород газообразный технический,м3,3.9,,0.5928,114.64,0.78,89.42,,53.01,2040,Раздел 10. Адаптация лестницы на 5-й этаж,Демонтажные работы,материалы,монтажные работы
Н,999-9900,Строительный мусор,т,2.5,,0.38,,,,,,2041,Раздел 10. Адаптация лестницы на 5-й этаж,Демонтажные работы,материалы,монтажные работы
,,Итого прямые затраты,,,,,,,,,2438.64,2042,Раздел 10. Адаптация лестницы на 5-й этаж,Демонтажные работы,,монтажные работы
,,ФОТ,,,,,,,,,2333.38,2043,Раздел 10. Адаптация лестницы на 5-й этаж,Демонтажные работы,,монтажные работы
,Пр/812-093.0-1,"НР Лестницы, крыльца (ремонтно-строительные)",%,89.0,,89.0,,,,,2076.71,2044,Раздел 10. Адаптация лестницы на 5-й этаж,Демонтажные работы,,монтажные работы
,Пр/774-093,"СП Лестницы, крыльца (ремонтно-строительные)",%,45.0,,45.0,,,,,1050.02,2045,Раздел 10. Адаптация лестницы на 5-й этаж,Демонтажные работы,,монтажные работы
,,Всего по позиции,,,,,,,36614.28,,5565.37,2046,Раздел 10. Адаптация лестницы на 5-й этаж,Демонтажные работы,,монтажные работы
Монтажные работы,,,,,,,,,,,,2047,Раздел 10. Адаптация лестницы на 5-й этаж,Монтажные работы,,монтажные работы
249,ГЭСН11-01-038-05,Устройство покрытий из плиток поливинилхлоридных: тактильных размером 500х500 мм на клее,100 шт,0.15,1.0,0.15,,,,,,2048,Раздел 10. Адаптация лестницы на 5-й этаж,Монтажные работы,материалы,монтажные работы
,,Объем=15 / 100,,,,,,,,,,2049,Раздел 10. Адаптация лестницы на 5-й этаж,Монтажные работы,,монтажные работы
,1,ОТ(ЗТ),чел.-ч,,,1.1115,,,,,406.24,2050,Раздел 10. Адаптация лестницы на 5-й этаж,Монтажные работы,услуги,монтажные работы
,1-100-34,"Средний разряд работы 3,4",чел.-ч,7.41,,1.1115,,,365.49,,406.24,2051,Раздел 10. Адаптация лестницы на 5-й этаж,Монтажные работы,услуги,монтажные работы
,2,ЭМ,,,,,,,,,33.47,2052,Раздел 10. Адаптация лестницы на 5-й этаж,Монтажные работы,,монтажные работы
,,ОТм(ЗТм),чел.-ч,,,0.0585,,,,,22.59,2053,Раздел 10. Адаптация лестницы на 5-й этаж,Монтажные работы,услуги,монтажные работы
,91.06.06-048,"Подъемники одномачтовые, грузоподъемность до 500 кг, высота подъема 45 м",маш.-ч,0.05,,0.0075,37.32,1.48,55.23,,0.41,2054,Раздел 10. Адаптация лестницы на 5-й этаж,Монтажные работы,услуги,монтажные работы
,4-100-030,ОТм(Зтм) Средний разряд машинистов 3,чел.-ч,0.05,,0.0075,,,347.94,,2.61,2055,Раздел 10. Адаптация лестницы на 5-й этаж,Монтажные работы,услуги,монтажные работы
,91.14.02-001,"Автомобили бортовые, грузоподъемность до 5 т",маш.-ч,0.34,,0.051,,,611.87,,31.21,2056,Раздел 10. Адаптация лестницы на 5-й этаж,Монтажные работы,услуги,монтажные работы
,4-100-040,ОТм(Зтм) Средний разряд машинистов 4,чел.-ч,0.34,,0.051,,,391.8,,19.98,2057,Раздел 10. Адаптация лестницы на 5-й этаж,Монтажные работы,услуги,монтажные работы
,91.21.22-638,"Пылесосы промышленные, мощность до 2000 Вт",маш.-ч,1.25,,0.1875,,,9.84,,1.85,2058,Раздел 10. Адаптация лестницы на 5-й этаж,Монтажные работы,услуги,монтажные работы
Н,01.6.03.01,Плитка тактильная поливинилхлоридная,м2,25.38,,3.807,,,,,,2059,Раздел 10. Адаптация лестницы на 5-й этаж,Монтажные работы,материалы,монтажные работы
Н,14.1.02.04,Состав клеящий,кг,8.0,,1.2,,,,,,2060,Раздел 10. Адаптация лестницы на 5-й этаж,Монтажные работы,материалы,монтажные работы
Н,14.4.01.02,Грунтовки на акриловой основе,кг,2.5,,0.375,,,,,,2061,Раздел 10. Адаптация лестницы на 5-й этаж,Монтажные работы,материалы,монтажные работы
,,Итого прямые затраты,,,,,,,,,462.3,2062,Раздел 10. Адаптация лестницы на 5-й этаж,Монтажные работы,,монтажные работы
,,ФОТ,,,,,,,,,428.83,2063,Раздел 10. Адаптация лестницы на 5-й этаж,Монтажные работы,,монтажные работы
,Пр/812-011.0-1,НР Полы,%,112.0,,112.0,,,,,480.29,2064,Раздел 10. Адаптация лестницы на 5-й этаж,Монтажные работы,,монтажные работы
,Пр/774-011,СП Полы,%,65.0,,65.0,,,,,278.74,2065,Раздел 10. Адаптация лестницы на 5-й этаж,Монтажные работы,,монтажные работы
,,Всего по позиции,,,,,,,8142.2,,1221.33,2066,Раздел 10. Адаптация лестницы на 5-й этаж,Монтажные работы,,монтажные работы
250,ФСБЦ-14.4.01.02-0012,"Грунтовка укрепляющая, глубокого проникновения, быстросохнущая, паропроницаемая",кг,0.375,1.0,0.375,68.29,1.5,102.44,,38.42,2067,Раздел 10. Адаптация лестницы на 5-й этаж,Монтажные работы,материалы,монтажные работы
,,(Полы),,,,,,,,,,2068,Раздел 10. Адаптация лестницы на 5-й этаж,Монтажные работы,,монтажные работы
,,Всего по позиции,,,,,,,,,38.42,2069,Раздел 10. Адаптация лестницы на 5-й этаж,Монтажные работы,,монтажные работы
251,ФСБЦ-01.6.01.11-0045,"Плитки тактильные из резинополиуретана, размеры 500х500 мм, толщина с учетом высоты тактильных элементов 5 мм",м2,3.807,1.0,3.807,1728.85,1.51,2610.56,,9938.4,2070,Раздел 10. Адаптация лестницы на 5-й этаж,Монтажные работы,материалы,монтажные работы
,,(Полы),,,,,,,,,,2071,Раздел 10. Адаптация лестницы на 5-й этаж,Монтажные работы,,монтажные работы
,,Всего по позиции,,,,,,,,,9938.4,2072,Раздел 10. Адаптация лестницы на 5-й этаж,Монтажные работы,,монтажные работы
252,ФСБЦ-14.2.06.09-1014,"Средство связующее полиуретановое для изготовления изделий из резиновой/каучуковой крошки и устройства высокопрочных эластичных покрытий, вязкость 4,5-6,5 Па*с при температуре +23 °C, плотность 1,06-1,12 г/см3( прим. Двухкомпонентный клей Fixvert-S для монтажа тактильной плитки из нержавеющей стали. Расход 1 кг клея/1м2)",кг,3.75,1.0,3.75,338.36,1.5,507.54,,1903.28,2073,Раздел 10. Адаптация лестницы на 5-й этаж,Монтажные работы,материалы,монтажные работы
,,(Полы),,,,,,,,,,2074,Раздел 10. Адаптация лестницы на 5-й этаж,Монтажные работы,,монтажные работы
,,"Объем=0,48*0+0,5*0,5*15*1,0",,,,,,,,,,2075,Раздел 10. Адаптация лестницы на 5-й этаж,Монтажные работы,,монтажные работы
,,Всего по позиции,,,,,,,,,1903.28,2076,Раздел 10. Адаптация лестницы на 5-й этаж,Монтажные работы,,монтажные работы
253,ГЭСН07-05-016-04,"Устройство металлических ограждений: без поручней (прим.установка ограждений из нержавейки: 2-х уровневый поручень ОГ19, ОГ20)",100 м,0.1864,1.0,0.1864,,,,,,2077,Раздел 10. Адаптация лестницы на 5-й этаж,Монтажные работы,материалы,монтажные работы
,,"Объем=((8,72+0,3*2)*2) / 100",,,,,,,,,,2078,Раздел 10. Адаптация лестницы на 5-й этаж,Монтажные работы,,монтажные работы
,1,ОТ(ЗТ),чел.-ч,,,7.7356,,,,,2962.97,2079,Раздел 10. Адаптация лестницы на 5-й этаж,Монтажные работы,услуги,монтажные работы
,1-100-38,"Средний разряд работы 3,8",чел.-ч,41.5,,7.7356,,,383.03,,2962.97,2080,Раздел 10. Адаптация лестницы на 5-й этаж,Монтажные работы,услуги,монтажные работы
,2,ЭМ,,,,,,,,,298.76,2081,Раздел 10. Адаптация лестницы на 5-й этаж,Монтажные работы,,монтажные работы
,,ОТм(ЗТм),чел.-ч,,,0.482776,,,,,186.05,2082,Раздел 10. Адаптация лестницы на 5-й этаж,Монтажные работы,услуги,монтажные работы
,91.06.06-048,"Подъемники одномачтовые, грузоподъемность до 500 кг, высота подъема 45 м",маш.-ч,0.38,,0.070832,37.32,1.48,55.23,,3.91,2083,Раздел 10. Адаптация лестницы на 5-й этаж,Монтажные работы,услуги,монтажные работы
,4-100-030,ОТм(Зтм) Средний разряд машинистов 3,чел.-ч,0.38,,0.070832,,,347.94,,24.65,2084,Раздел 10. Адаптация лестницы на 5-й этаж,Монтажные работы,услуги,монтажные работы
,91.14.02-001,"Автомобили бортовые, грузоподъемность до 5 т",маш.-ч,2.21,,0.411944,,,611.87,,252.06,2085,Раздел 10. Адаптация лестницы на 5-й этаж,Монтажные работы,услуги,монтажные работы
,4-100-040,ОТм(Зтм) Средний разряд машинистов 4,чел.-ч,2.21,,0.411944,,,391.8,,161.4,2086,Раздел 10. Адаптация лестницы на 5-й этаж,Монтажные работы,услуги,монтажные работы
,91.17.04-233,"Аппараты сварочные для ручной дуговой сварки, сварочный ток до 350 А",маш.-ч,5.8,,1.08112,,,39.58,,42.79,2087,Раздел 10. Адаптация лестницы на 5-й этаж,Монтажные работы,услуги,монтажные работы
,4,М,,,,,,,,,713.21,2088,Раздел 10. Адаптация лестницы на 5-й этаж,Монтажные работы,,монтажные работы
,01.7.03.01-0001,Вода,м3,0.1,,0.01864,35.71,0.89,31.78,,0.59,2089,Раздел 10. Адаптация лестницы на 5-й этаж,Монтажные работы,материалы,монтажные работы
,01.7.11.07-0054,"Электроды сварочные для сварки низколегированных и углеродистых сталей АНО-6, Э42, диаметр 6 мм",т,0.02,,0.003728,148198.02,0.94,139306.14,,519.33,2090,Раздел 10. Адаптация лестницы на 5-й этаж,Монтажные работы,материалы,монтажные работы
,03.2.01.01-0001,"Портландцемент бездобавочный общестроительный ЦЕМ 0 32,5Н",т,0.15,,0.02796,4800.85,1.44,6913.22,,193.29,2091,Раздел 10. Адаптация лестницы на 5-й этаж,Монтажные работы,материалы,монтажные работы
"П,Н",07.2.05.01,Ограждения лестничных проемов,м,0.0,,0.0,,,,,,2092,Раздел 10. Адаптация лестницы на 5-й этаж,Монтажные работы,материалы,монтажные работы
,,Итого прямые затраты,,,,,,,,,4160.99,2093,Раздел 10. Адаптация лестницы на 5-й этаж,Монтажные работы,,монтажные работы
,,ФОТ,,,,,,,,,3149.02,2094,Раздел 10. Адаптация лестницы на 5-й этаж,Монтажные работы,,монтажные работы
,Пр/812-007.1-1,"НР Бетонные и железобетонные сборные конструкции жилых, общественных и административно-бытовых зданий промышленных предприятий",%,116.0,,116.0,,,,,3652.86,2095,Раздел 10. Адаптация лестницы на 5-й этаж,Монтажные работы,,монтажные работы
,Пр/774-007.1,"СП Бетонные и железобетонные сборные конструкции жилых, общественных и административно-бытовых зданий промышленных предприятий",%,80.0,,80.0,,,,,2519.22,2096,Раздел 10. Адаптация лестницы на 5-й этаж,Монтажные работы,,монтажные работы
,,Всего по позиции,,,,,,,55434.92,,10333.07,2097,Раздел 10. Адаптация лестницы на 5-й этаж,Монтажные работы,,монтажные работы
Ограждение ОГ-19,,,,,,,,,,,,2098,Раздел 10. Адаптация лестницы на 5-й этаж,Монтажные работы,,монтажные работы
254,ТЦ_07.2.05.01_71_6915010809_24.07.2025_02_5.1,"Поручень опорный, двойной, с кронштейнами, пристенный, горизонтальный, нержавеющая сталь, D38 мм",м,9.32,1.0,9.32,,,3264.0,,30420.48,2099,Раздел 10. Адаптация лестницы на 5-й этаж,Монтажные работы,материалы,монтажные работы
,,(Деревянные конструкции),,,,,,,,,,2100,Раздел 10. Адаптация лестницы на 5-й этаж,Монтажные работы,,монтажные работы
,,"Объем=8,72+0,3*2",,,,,,,,,,2101,Раздел 10. Адаптация лестницы на 5-й этаж,Монтажные работы,,монтажные работы
,,Всего по позиции,,,,,,,,,30420.48,2102,Раздел 10. Адаптация лестницы на 5-й этаж,Монтажные работы,,монтажные работы
Ограждение ОГ-20,,,,,,,,,,,,2103,Раздел 10. Адаптация лестницы на 5-й этаж,Монтажные работы,,монтажные работы
255,ТЦ_07.2.05.01_71_6915010809_24.07.2025_02_5.1,"Поручень опорный, двойной, с кронштейнами, пристенный, горизонтальный, нержавеющая сталь, D38 мм",м,9.32,1.0,9.32,,,3264.0,,30420.48,2104,Раздел 10. Адаптация лестницы на 5-й этаж,Монтажные работы,материалы,монтажные работы
,,(Деревянные конструкции),,,,,,,,,,2105,Раздел 10. Адаптация лестницы на 5-й этаж,Монтажные работы,,монтажные работы
,,"Объем=8,72+0,3*2",,,,,,,,,,2106,Раздел 10. Адаптация лестницы на 5-й этаж,Монтажные работы,,монтажные работы
,,Всего по позиции,,,,,,,,,30420.48,2107,Раздел 10. Адаптация лестницы на 5-й этаж,Монтажные работы,,монтажные работы
256,ТЦ_07.2.05.01_71_6800013433_24.07.2025_02_7.1,"КМ/01-50 крышка малая для трубы ∅50,8мм",шт,48.0,1.0,48.0,,,27.2,,1305.6,2108,Раздел 10. Адаптация лестницы на 5-й этаж,Монтажные работы,материалы,монтажные работы
,,(Деревянные конструкции),,,,,,,,,,2109,Раздел 10. Адаптация лестницы на 5-й этаж,Монтажные работы,,монтажные работы
,,Объем=24+24,,,,,,,,,,2110,Раздел 10. Адаптация лестницы на 5-й этаж,Монтажные работы,,монтажные работы
,,Всего по позиции,,,,,,,,,1305.6,2111,Раздел 10. Адаптация лестницы на 5-й этаж,Монтажные работы,,монтажные работы
257,ТЦ_07.2.05.01_71_5036146041_24.07.2025_02_8.1,"Фланец настенный, Ø16.0 мм, AISI 304, GRIT 600",шт,48.0,1.0,48.0,,,156.4,,7507.2,2112,Раздел 10. Адаптация лестницы на 5-й этаж,Монтажные работы,материалы,монтажные работы
,,(Деревянные конструкции),,,,,,,,,,2113,Раздел 10. Адаптация лестницы на 5-й этаж,Монтажные работы,,монтажные работы
,,Объем=24+24,,,,,,,,,,2114,Раздел 10. Адаптация лестницы на 5-й этаж,Монтажные работы,,монтажные работы
,,Всего по позиции,,,,,,,,,7507.2,2115,Раздел 10. Адаптация лестницы на 5-й этаж,Монтажные работы,,монтажные работы
258,ГЭСН46-03-013-45,Сверление горизонтальных отверстий в бетонных конструкциях стен перфоратором глубиной 200 мм диаметром: до 20 мм,100 отверстий,1.44,1.0,1.44,,,,,,2116,Раздел 10. Адаптация лестницы на 5-й этаж,Монтажные работы,материалы,монтажные работы
,,Объем=(24*3+24*3) / 100,,,,,,,,,,2117,Раздел 10. Адаптация лестницы на 5-й этаж,Монтажные работы,,монтажные работы
,1,ОТ(ЗТ),чел.-ч,,,7.9776,,,,,2775.73,2118,Раздел 10. Адаптация лестницы на 5-й этаж,Монтажные работы,услуги,монтажные работы
,1-100-30,"Средний разряд работы 3,0",чел.-ч,5.54,,7.9776,,,347.94,,2775.73,2119,Раздел 10. Адаптация лестницы на 5-й этаж,Монтажные работы,услуги,монтажные работы
,4,М,,,,,,,,,72.0,2120,Раздел 10. Адаптация лестницы на 5-й этаж,Монтажные работы,,монтажные работы
,01.7.03.04-0001,Электроэнергия,кВт-ч,5.91,,8.5104,,,8.46,,72.0,2121,Раздел 10. Адаптация лестницы на 5-й этаж,Монтажные работы,материалы,монтажные работы
"П,Н",01.7.17.09,"Сверла, буры",шт,0.0,,0.0,,,,,,2122,Раздел 10. Адаптация лестницы на 5-й этаж,Монтажные работы,материалы,монтажные работы
,,Итого прямые затраты,,,,,,,,,2847.73,2123,Раздел 10. Адаптация лестницы на 5-й этаж,Монтажные работы,,монтажные работы
,,ФОТ,,,,,,,,,2775.73,2124,Раздел 10. Адаптация лестницы на 5-й этаж,Монтажные работы,,монтажные работы
,Пр/812-040.1-1,"НР Работы по реконструкции зданий и сооружений: усиление и замена существующих конструкций, возведение отдельных конструктивных элементов",%,103.0,,103.0,,,,,2859.0,2125,Раздел 10. Адаптация лестницы на 5-й этаж,Монтажные работы,,монтажные работы
,Пр/774-040.1,"СП Работы по реконструкции зданий и сооружений: усиление и замена существующих конструкций, возведение отдельных конструктивных элементов",%,59.0,,59.0,,,,,1637.68,2126,Раздел 10. Адаптация лестницы на 5-й этаж,Монтажные работы,,монтажные работы
,,Всего по позиции,,,,,,,5100.28,,7344.41,2127,Раздел 10. Адаптация лестницы на 5-й этаж,Монтажные работы,,монтажные работы
259,ГЭСН46-03-013-58,На каждые 10 мм изменения глубины сверления добавлять или исключать: к норме 46-03-013-45( до глубины 80мм),100 отверстий,-1.44,1.0,-1.44,,,,,,2128,Раздел 10. Адаптация лестницы на 5-й этаж,Монтажные работы,материалы,монтажные работы
,,Объем=(-(24*3+24*3)) / 100,,,,,,,,,,2129,Раздел 10. Адаптация лестницы на 5-й этаж,Монтажные работы,,монтажные работы
,до глубины 80мм,80мм-200мм=-120мм/10мм=-12 ПЗ=12 (ОЗП=12; ЭМ=12 к расх.; ЗПМ=12; МАТ=12 к расх.; ТЗ=12; ТЗМ=12),,,,,,,,,,2130,Раздел 10. Адаптация лестницы на 5-й этаж,Монтажные работы,,монтажные работы
,1,ОТ(ЗТ),чел.-ч,,,-3.6288,,,,,-1262.6,2131,Раздел 10. Адаптация лестницы на 5-й этаж,Монтажные работы,услуги,монтажные работы
,1-100-30,"Средний разряд работы 3,0",чел.-ч,0.21,12.0,-3.6288,,,347.94,,-1262.6,2132,Раздел 10. Адаптация лестницы на 5-й этаж,Монтажные работы,услуги,монтажные работы
,4,М,,,,,,,,,-41.66,2133,Раздел 10. Адаптация лестницы на 5-й этаж,Монтажные работы,,монтажные работы
,01.7.03.04-0001,Электроэнергия,кВт-ч,0.285,12.0,-4.9248,,,8.46,,-41.66,2134,Раздел 10. Адаптация лестницы на 5-й этаж,Монтажные работы,материалы,монтажные работы
"П,Н",01.7.17.09,"Сверла, буры",шт,0.0,12.0,0.0,,,,,,2135,Раздел 10. Адаптация лестницы на 5-й этаж,Монтажные работы,материалы,монтажные работы
,,Итого прямые затраты,,,,,,,,,-1304.26,2136,Раздел 10. Адаптация лестницы на 5-й этаж,Монтажные работы,,монтажные работы
,,ФОТ,,,,,,,,,-1262.6,2137,Раздел 10. Адаптация лестницы на 5-й этаж,Монтажные работы,,монтажные работы
,Пр/812-040.1-1,"НР Работы по реконструкции зданий и сооружений: усиление и замена существующих конструкций, возведение отдельных конструктивных элементов",%,103.0,,103.0,,,,,-1300.48,2138,Раздел 10. Адаптация лестницы на 5-й этаж,Монтажные работы,,монтажные работы
,Пр/774-040.1,"СП Работы по реконструкции зданий и сооружений: усиление и замена существующих конструкций, возведение отдельных конструктивных элементов",%,59.0,,59.0,,,,,-744.93,2139,Раздел 10. Адаптация лестницы на 5-й этаж,Монтажные работы,,монтажные работы
,,Всего по позиции,,,,,,,2326.16,,-3349.67,2140,Раздел 10. Адаптация лестницы на 5-й этаж,Монтажные работы,,монтажные работы
260,ФСБЦ-01.7.17.09-1008,"Бур с наконечником из твердого сплава, с хвостовиком SDS-max для ударного сверления отверстий в твердых материалах, общая длина 920 мм, диаметр 20 мм",шт,3.63,1.0,3.63,907.31,1.24,1125.06,,4083.97,2141,Раздел 10. Адаптация лестницы на 5-й этаж,Монтажные работы,материалы,монтажные работы
,,"(Работы по реконструкции зданий и сооружений: усиление и замена существующих конструкций, возведение отдельных конструктивных элементов)",,,,,,,,,,2142,Раздел 10. Адаптация лестницы на 5-й этаж,Монтажные работы,,монтажные работы
,,"Объем=144*2,52/100",,,,,,,,,,2143,Раздел 10. Адаптация лестницы на 5-й этаж,Монтажные работы,,монтажные работы
,,Всего по позиции,,,,,,,,,4083.97,2144,Раздел 10. Адаптация лестницы на 5-й этаж,Монтажные работы,,монтажные работы
261,ФСБЦ-01.7.15.02-0062,"Болты стальные оцинкованные с шестигранной головкой, диаметр резьбы М8 (М10, М12, М14), длина 16-190 мм",т,0.010224,1.0,0.010224,117165.2,1.15,134739.98,,1377.58,2145,Раздел 10. Адаптация лестницы на 5-й этаж,Монтажные работы,материалы,монтажные работы
,,(Полы),,,,,,,,,,2146,Раздел 10. Адаптация лестницы на 5-й этаж,Монтажные работы,,монтажные работы
,,"Объем=144*0,071/1000",,,,,,,,,,2147,Раздел 10. Адаптация лестницы на 5-й этаж,Монтажные работы,,монтажные работы
,,Всего по позиции,,,,,,,,,1377.58,2148,Раздел 10. Адаптация лестницы на 5-й этаж,Монтажные работы,,монтажные работы
262,ГЭСН11-01-049-01,Укладка металлического накладного профиля (порога),100 м,0.0488,1.0,0.0488,,,,,,2149,Раздел 10. Адаптация лестницы на 5-й этаж,Монтажные работы,материалы,монтажные работы
,,"Объем=(1,22*4) / 100",,,,,,,,,,2150,Раздел 10. Адаптация лестницы на 5-й этаж,Монтажные работы,,монтажные работы
,1,ОТ(ЗТ),чел.-ч,,,0.812032,,,,,282.54,2151,Раздел 10. Адаптация лестницы на 5-й этаж,Монтажные работы,услуги,монтажные работы
,1-100-30,"Средний разряд работы 3,0",чел.-ч,16.64,,0.812032,,,347.94,,282.54,2152,Раздел 10. Адаптация лестницы на 5-й этаж,Монтажные работы,услуги,монтажные работы
,4,М,,,,,,,,,39.45,2153,Раздел 10. Адаптация лестницы на 5-й этаж,Монтажные работы,,монтажные работы
,01.7.03.04-0001,Электроэнергия,кВт-ч,6.876,,0.3355488,,,8.46,,2.84,2154,Раздел 10. Адаптация лестницы на 5-й этаж,Монтажные работы,материалы,монтажные работы
,01.7.15.14-0302,"Шурупы самонарезающие стальные с полукруглой головкой и крестообразным шлицем, остроконечные, диаметр 3,5 мм, длина 35 мм",100 шт,6.7,,0.32696,88.86,1.26,111.96,,36.61,2155,Раздел 10. Адаптация лестницы на 5-й этаж,Монтажные работы,материалы,монтажные работы
Н,09.2.03.02,Профили стыкоперекрывающие из алюминиевых сплавов (порожки) с покрытием,м,105.0,,5.124,,,,,,2156,Раздел 10. Адаптация лестницы на 5-й этаж,Монтажные работы,материалы,монтажные работы
,,Итого прямые затраты,,,,,,,,,321.99,2157,Раздел 10. Адаптация лестницы на 5-й этаж,Монтажные работы,,монтажные работы
,,ФОТ,,,,,,,,,282.54,2158,Раздел 10. Адаптация лестницы на 5-й этаж,Монтажные работы,,монтажные работы
,Пр/812-011.0-1,НР Полы,%,112.0,,112.0,,,,,316.44,2159,Раздел 10. Адаптация лестницы на 5-й этаж,Монтажные работы,,монтажные работы
,Пр/774-011,СП Полы,%,65.0,,65.0,,,,,183.65,2160,Раздел 10. Адаптация лестницы на 5-й этаж,Монтажные работы,,монтажные работы
,,Всего по позиции,,,,,,,16845.9,,822.08,2161,Раздел 10. Адаптация лестницы на 5-й этаж,Монтажные работы,,монтажные работы
263,ФСБЦ-09.2.03.02-0001,"Профиль стыкоперекрывающий из алюминиевых сплавов (порожки) с покрытием и антискользящей вставкой, ширина 39 мм, длина 0,9 м( Прим. Контрастная  угловая накладка на ступени), 1 шт-1,22м",шт,4.0,1.0,4.0,127.78,1.24,158.45,,633.8,2162,Раздел 10. Адаптация лестницы на 5-й этаж,Монтажные работы,материалы,монтажные работы
,,(Деревянные конструкции),,,,,,,,,,2163,Раздел 10. Адаптация лестницы на 5-й этаж,Монтажные работы,,монтажные работы
,,Всего по позиции,,,,,,,,,633.8,2164,Раздел 10. Адаптация лестницы на 5-й этаж,Монтажные работы,,монтажные работы
264,ГЭСН15-06-005-02,Оклейка предварительно подготовленных поверхностей фотообоями: самоклеящимися( прим.),100 м2,0.000132,1.0,0.000132,,,,,,2165,Раздел 10. Адаптация лестницы на 5-й этаж,Монтажные работы,материалы,монтажные работы
,,"Объем=(0,03*0,11*4) / 100",,,,,,,,,,2166,Раздел 10. Адаптация лестницы на 5-й этаж,Монтажные работы,,монтажные работы
,1,ОТ(ЗТ),чел.-ч,,,0.0051361,,,,,2.01,2167,Раздел 10. Адаптация лестницы на 5-й этаж,Монтажные работы,услуги,монтажные работы
,1-100-40,"Средний разряд работы 4,0",чел.-ч,38.91,,0.0051361,,,391.8,,2.01,2168,Раздел 10. Адаптация лестницы на 5-й этаж,Монтажные работы,услуги,монтажные работы
Н,01.6.02.01,Обои,100 м2,1.1,,0.0001452,,,,,,2169,Раздел 10. Адаптация лестницы на 5-й этаж,Монтажные работы,материалы,монтажные работы
,,Итого прямые затраты,,,,,,,,,2.01,2170,Раздел 10. Адаптация лестницы на 5-й этаж,Монтажные работы,,монтажные работы
,,ФОТ,,,,,,,,,2.01,2171,Раздел 10. Адаптация лестницы на 5-й этаж,Монтажные работы,,монтажные работы
,Пр/812-015.0-1,НР Отделочные работы,%,100.0,,100.0,,,,,2.01,2172,Раздел 10. Адаптация лестницы на 5-й этаж,Монтажные работы,,монтажные работы
,Пр/774-015,СП Отделочные работы,%,49.0,,49.0,,,,,0.98,2173,Раздел 10. Адаптация лестницы на 5-й этаж,Монтажные работы,,монтажные работы
,,Всего по позиции,,,,,,,37878.79,,5.0,2174,Раздел 10. Адаптация лестницы на 5-й этаж,Монтажные работы,,монтажные работы
265,ТЦ_01.7.06.14_71_6915010809_24.07.2025_02_13.1,Осязаемые наклейки на ручки и поручни 30 х 110мм,шт,4.0,1.0,4.0,,,119.34,,477.36,2175,Раздел 10. Адаптация лестницы на 5-й этаж,Монтажные работы,материалы,монтажные работы
,,(Материалы),,,,,,,,,,2176,Раздел 10. Адаптация лестницы на 5-й этаж,Монтажные работы,,монтажные работы
,,Всего по позиции,,,,,,,,,477.36,2177,Раздел 10. Адаптация лестницы на 5-й этаж,Монтажные работы,,монтажные работы
Раздел 11. Строительный мусор,,,,,,,,,,,,2179,Раздел 11. Строительный мусор,Монтажные работы,,монтажные работы
266,ГЭСНр69-01-015-01,Затаривание строительного мусора в мешки,т,1.57,1.0,1.57,,,,,,2180,Раздел 11. Строительный мусор,Монтажные работы,материалы,монтажные работы
,1,ОТ(ЗТ),чел.-ч,,,1.6171,,,,,472.82,2181,Раздел 11. Строительный мусор,Монтажные работы,услуги,монтажные работы
,1-100-10,"Средний разряд работы 1,0",чел.-ч,1.03,,1.6171,,,292.39,,472.82,2182,Раздел 11. Строительный мусор,Монтажные работы,услуги,монтажные работы
,4,М,,,,,,,,,849.76,2183,Раздел 11. Строительный мусор,Монтажные работы,,монтажные работы
,01.7.20.03-0003,"Мешки полипропиленовые, размеры 550х1050 мм, грузоподъемность до 50 кг",100 шт,0.2,,0.314,1828.55,1.48,2706.25,,849.76,2184,Раздел 11. Строительный мусор,Монтажные работы,материалы,монтажные работы
,,Итого прямые затраты,,,,,,,,,1322.58,2185,Раздел 11. Строительный мусор,Монтажные работы,,монтажные работы
,,ФОТ,,,,,,,,,472.82,2186,Раздел 11. Строительный мусор,Монтажные работы,,монтажные работы
,Пр/812-103.0-1,НР Прочие ремонтно-строительные работы,%,92.0,,92.0,,,,,434.99,2187,Раздел 11. Строительный мусор,Монтажные работы,,монтажные работы
,Пр/774-103,СП Прочие ремонтно-строительные работы,%,44.0,,44.0,,,,,208.04,2188,Раздел 11. Строительный мусор,Монтажные работы,,монтажные работы
,,Всего по позиции,,,,,,,1251.98,,1965.61,2189,Раздел 11. Строительный мусор,Монтажные работы,,монтажные работы
267,47-1,Погрузка в автотранспортное средство: мусор строительный с погрузкой вручную,т,1.57,1.0,1.57,,,936.18,,1469.8,2190,Раздел 11. Строительный мусор,Монтажные работы,материалы,монтажные работы
,,Всего по позиции,,,,,,,,,1469.8,2191,Раздел 11. Строительный мусор,Монтажные работы,,монтажные работы
268,02-15-1-01-0010,"Перевозка грузов I класса автомобилями-самосвалами грузоподъемностью до 15 т по дорогам с усовершенствованным (асфальтобетонным, цементобетонным, железобетонным, обработанным органическим вяжущим) дорожным покрытием на расстояние 10 км",т,1.57,1.0,1.57,,,183.9,,288.72,2192,Раздел 11. Строительный мусор,Монтажные работы,материалы,монтажные работы
,,Всего по позиции,,,,,,,,,288.72,2193,Раздел 11. Строительный мусор,Монтажные работы,,монтажные работы
269,"ООО МСК-МТ""",Утилизация (захоронение) строительного мусора,м3,0.87,1.0,0.87,,,947.65,,824.46,2194,Раздел 11. Строительный мусор,Монтажные работы,материалы,монтажные работы
,,(Материалы для ремонтных работ),,,,,,,,,,2195,Раздел 11. Строительный мусор,Монтажные работы,,монтажные работы
,,"Объем=1,57/1,8",,,,,,,,,,2196,Раздел 11. Строительный мусор,Монтажные работы,,монтажные работы
,,Всего по позиции,,,,,,,,,824.46,2197,Раздел 11. Строительный мусор,Монтажные работы,,монтажные работы
,,Итоги по смете:,,,,,,,,,,2200,Раздел 11. Строительный мусор,Монтажные работы,,монтажные работы
,,Всего прямые затраты (справочно),,,,,,,,,5319901.76,2201,Раздел 11. Строительный мусор,Монтажные работы,,монтажные работы
,,в том числе:,,,,,,,,,,2202,Раздел 11. Строительный мусор,Монтажные работы,,монтажные работы
,,Оплата труда рабочих,,,,,,,,,236954.26,2203,Раздел 11. Строительный мусор,Монтажные работы,,монтажные работы
,,Эксплуатация машин,,,,,,,,,29009.4,2204,Раздел 11. Строительный мусор,Монтажные работы,,монтажные работы
,,Оплата труда машинистов (Отм),,,,,,,,,14705.04,2205,Раздел 11. Строительный мусор,Монтажные работы,,монтажные работы
,,Материалы,,,,,,,,,5005866.86,2206,Раздел 11. Строительный мусор,Монтажные работы,,монтажные работы
,,Перевозка,,,,,,,,,33366.2,2207,Раздел 11. Строительный мусор,Монтажные работы,,монтажные работы
,,Строительные работы,,,,,,,,,5449641.27,2208,Раздел 11. Строительный мусор,Монтажные работы,,монтажные работы
,,Строительные работы,,,,,,,,,5416275.07,2209,Раздел 11. Строительный мусор,Монтажные работы,,монтажные работы
,,в том числе:,,,,,,,,,,2210,Раздел 11. Строительный мусор,Монтажные работы,,монтажные работы
,,оплата труда,,,,,,,,,202965.18,2211,Раздел 11. Строительный мусор,Монтажные работы,,монтажные работы
,,эксплуатация машин и механизмов,,,,,,,,,24941.03,2212,Раздел 11. Строительный мусор,Монтажные работы,,монтажные работы
,,оплата труда машинистов (Отм),,,,,,,,,12990.55,2213,Раздел 11. Строительный мусор,Монтажные работы,,монтажные работы
,,материалы,,,,,,,,,4820463.72,2214,Раздел 11. Строительный мусор,Монтажные работы,,монтажные работы
,,накладные расходы,,,,,,,,,221107.75,2215,Раздел 11. Строительный мусор,Монтажные работы,,монтажные работы
,,сметная прибыль,,,,,,,,,133806.84,2216,Раздел 11. Строительный мусор,Монтажные работы,,монтажные работы
,,Перевозка,,,,,,,,,33366.2,2217,Раздел 11. Строительный мусор,Монтажные работы,,монтажные работы
,,Монтажные работы,,,,,,,,,274093.39,2218,Раздел 11. Строительный мусор,Монтажные работы,,монтажные работы
,,в том числе:,,,,,,,,,,2219,Раздел 11. Строительный мусор,Монтажные работы,,монтажные работы
,,оплата труда,,,,,,,,,33989.08,2220,Раздел 11. Строительный мусор,Монтажные работы,,монтажные работы
,,эксплуатация машин и механизмов,,,,,,,,,4068.37,2221,Раздел 11. Строительный мусор,Монтажные работы,,монтажные работы
,,оплата труда машинистов (Отм),,,,,,,,,1714.49,2222,Раздел 11. Строительный мусор,Монтажные работы,,монтажные работы
,,материалы,,,,,,,,,185403.14,2223,Раздел 11. Строительный мусор,Монтажные работы,,монтажные работы
,,накладные расходы,,,,,,,,,32283.92,2224,Раздел 11. Строительный мусор,Монтажные работы,,монтажные работы
,,сметная прибыль,,,,,,,,,16634.39,2225,Раздел 11. Строительный мусор,Монтажные работы,,монтажные работы
,,Оборудование,,,,,,,,,906910.89,2226,Раздел 11. Строительный мусор,Монтажные работы,,монтажные работы
,,Всего,,,,,,,,,6630645.55,2227,Раздел 11. Строительный мусор,Монтажные работы,,монтажные работы
,,Всего ФОТ (справочно),,,,,,,,,251659.3,2228,Раздел 11. Строительный мусор,Монтажные работы,,монтажные работы
,,Всего накладные расходы (справочно),,,,,,,,,253391.67,2229,Раздел 11. Строительный мусор,Монтажные работы,,монтажные работы
,,Всего сметная прибыль (справочно),,,,,,,,,150441.23,2230,Раздел 11. Строительный мусор,Монтажные работы,,монтажные работы
,,Всего СМР для расчета лимитированных затрат,,,,,,,,,5723734.66,2231,Раздел 11. Строительный мусор,Монтажные работы,,монтажные работы
,,"Доп.затраты при производстве строительно-монтажных работ в зимнее время 1,5%",,,,,,,,,85856.02,2232,Раздел 11. Строительный мусор,Монтажные работы,,монтажные работы
,,Всего,,,,,,,,,5809590.68,2233,Раздел 11. Строительный мусор,Монтажные работы,,монтажные работы
,,Всего с оборудованием,,,,,,,,,6716501.57,2234,Раздел 11. Строительный мусор,Монтажные работы,,монтажные работы
,,НДС 20%,,,,,,,,,1343300.31,2235,Раздел 11. Строительный мусор,Монтажные работы,,монтажные работы
,,ВСЕГО по смете,,,,,,,,,8059801.88,2236,Раздел 11. Строительный мусор,Монтажные работы,,монтажные работы
,,справочно:,,,,,,,,,,2237,Раздел 11. Строительный мусор,Монтажные работы,,монтажные работы
,,"Материальные ресурсы, отсутствующие в ФРСН",,,,,,,,,4414645.06,2238,Раздел 11. Строительный мусор,Монтажные работы,,монтажные работы
,,"Оборудование, отсутствующее в ФРСН",,,,,,,,,906910.89,2239,Раздел 11. Строительный мусор,Монтажные работы,,монтажные работы
,,Затраты труда рабочих,,,,6655019235.0,,,,,,2240,Раздел 11. Строительный мусор,Монтажные работы,,монтажные работы
,,Затраты труда машинистов,,,,340044331.0,,,,,,2241,Раздел 11. Строительный мусор,Монтажные работы,,монтажные работы
,Составил:,,,,,,,,,,,2244,Раздел 11. Строительный мусор,Монтажные работы,,монтажные работы
,,"[должность, подпись (инициалы, фамилия)]",,,,,,,,,,2245,Раздел 11. Строительный мусор,Монтажные работы,,монтажные работы
,Проверил:,,,,,,,,,,,2246,Раздел 11. Строительный мусор,Монтажные работы,,монтажные работы
,,"[должность, подпись (инициалы, фамилия)]",,,,,,,,,,2247,Раздел 11. Строительный мусор,Монтажные работы,,монтажные работы
"1. Зарегистрирован Министерством юстиции Российской Федерации 10 сентября 2019 г., регистрационный № 55869), с изменениями, внесенными приказом Министерства строительства и жилищно-коммунального хозяйства Российской Федерации от 20 февраля 2021 г. № 79/пр (зарегистрирован Министерством юстиции Российской Федерации 9 августа 2021 г., регистрационный № 64577)",,,,,,,,,,,,2249,Раздел 11. Строительный мусор,Монтажные работы,,монтажные работы
"² Под прочими затратами понимаются затраты, учитываемые в соответствии с пунктом 184 Методики.",,,,,,,,,,,,2250,Раздел 11. Строительный мусор,Монтажные работы,,монтажные работы
"³ Под прочими работами понимаются затраты, учитываемые в соответствии с пунктами 122-128 Методики.",,,,,,,,,,,,2251,Раздел 11. Строительный мусор,Монтажные работы,,монтажные работы
